asset_id,nombre,category,year,month,date,ndvi,ndmi,evi,ndvi_p25,ndvi_p75,ndvi_stdDev,data_source
pn_sierra_nevada_senderismo_transnevada_rf_valor_fuente_de_las_primeras_agua_000,Transnevada RF - Valor - Fuente de las Primeras Aguas,senderismo,2021,1,2021-01-01,0.45543633415123685,0.1933992928743551,0.20359285613013017,0.30095691355941306,0.6208267875921804,0.19583820698361992,GEE:S2_SR_HARMONIZED
pn_sierra_nevada_senderismo_transnevada_rg_yegen_mecina_bombaron_yegen_001,Transnevada RG - Yegen - Mecina Bombaron - Yegen,senderismo,2021,1,2021-01-01,0.37541326469444536,0.1026409252018378,0.1776209769161982,0.2323890177442104,0.49818950878139123,0.19067234142258735,GEE:S2_SR_HARMONIZED
pn_sierra_nevada_senderismo_transnevada_rh_capileira_refugio_poqueira_002,Transnevada RH - Capileira - Refugio Poqueira,senderismo,2021,1,2021-01-01,0.4436964478219414,0.27894883088011757,0.2162458139750526,0.2402801963551873,0.6778098525286701,0.24406858859366956,GEE:S2_SR_HARMONIZED
pn_sierra_nevada_senderismo_transnevada_rj_portugos_barranco_bermejo_portugo_003,Transnevada RJ - Portugos - Barranco Bermejo - Portugos,senderismo,2021,1,2021-01-01,0.4442133794868813,0.13526177700579783,0.1961499452618008,0.3066215395232656,0.5878396023482265,0.1868458413185183,GEE:S2_SR_HARMONIZED
pn_sierra_nevada_senderismo_transnevada_rk_padre_eterno_ar_puente_palo_padre_004,Transnevada RK - Padre Eterno - AR Puente Palo - Padre Eterno,senderismo,2021,1,2021-01-01,0.38810587180139855,0.07551446486990884,0.20545852984075869,0.2751967147600004,0.4707251705985532,0.15633015408586767,GEE:S2_SR_HARMONIZED
pn_sierra_nevada_senderismo_transnevada_rc_abrucena_la_polarda_005,Transnevada RC - Abrucena - La Polarda,senderismo,2021,1,2021-01-01,0.4835360088792216,0.2697366689401472,0.22565252967944288,0.2849090307913967,0.6758787331889259,0.22399706794890953,GEE:S2_SR_HARMONIZED
pn_sierra_nevada_senderismo_transnevada_rd_laujar_andarax_loma_raspa_laujar__006,Transnevada RD - Laujar Andarax - Loma Raspa - Laujar Andarax,senderismo,2021,1,2021-01-01,0.43597374236615843,0.16555879438864785,0.1955857315648647,0.26171516663142086,0.6135675506433215,0.21065983225095347,GEE:S2_SR_HARMONIZED
pn_sierra_nevada_senderismo_transnevada_ri_niguelas_la_rinconada_niguelas_007,Transnevada RI - Niguelas - La Rinconada - Niguelas,senderismo,2021,1,2021-01-01,0.3540762943919489,0.08760046521561408,0.1839584760032366,0.22289615646087302,0.4414630346327124,0.17757244715739456,GEE:S2_SR_HARMONIZED
pn_sierra_nevada_senderismo_acequias_del_poqueira_008,Acequias del Poqueira,senderismo,2021,1,2021-01-01,0.3535883928890058,0.14459870079563633,0.18207188986485232,0.2385581023350909,0.44149633809207844,0.18801955406462853,GEE:S2_SR_HARMONIZED
pn_sierra_nevada_senderismo_canal_de_la_espartera_arenales_del_trevenque_009,Canal de la Espartera - Arenales del Trevenque,senderismo,2021,1,2021-01-01,0.4592837604748549,0.13023315801004742,0.208129110043732,0.27140864057838154,0.6583131696725569,0.22873471483549987,GEE:S2_SR_HARMONIZED
pn_sierra_nevada_senderismo_cerro_huenes_010,Cerro Huenes,senderismo,2021,1,2021-01-01,0.6390645241344435,0.3105553491453661,0.2928835700986844,0.482501285101229,0.8030002473182236,0.20846452302551596,GEE:S2_SR_HARMONIZED
pn_sierra_nevada_senderismo_el_aguadero_011,El Aguadero,senderismo,2021,1,2021-01-01,0.5096196531564008,0.1954587211170855,0.2312041275102312,0.3419777666341952,0.6819548071581738,0.196034423945186,GEE:S2_SR_HARMONIZED
pn_sierra_nevada_senderismo_haza_larguilla_012,Haza Larguilla,senderismo,2021,1,2021-01-01,0.30733579725969234,-0.057993010463541245,0.1466842356252456,0.23637775850446918,0.37254403191675345,0.0929995040065955,GEE:S2_SR_HARMONIZED
pn_sierra_nevada_senderismo_hoya_del_portillo_refugio_poqueira_013,Hoya del Portillo - Refugio Poqueira,senderismo,2021,1,2021-01-01,0.35165526733928304,0.5638856710582995,0.49133865022019624,-0.04504521147595964,0.69370524543532,0.35252612074523887,GEE:S2_SR_HARMONIZED
pn_sierra_nevada_senderismo_jerez_del_marquesado_postero_alto_014,Jerez del Marquesado - Postero Alto,senderismo,2021,1,2021-01-01,0.5440130788607632,0.32779326349791965,0.26557688611622476,0.34580506794731236,0.7561224790531522,0.23357288152623507,GEE:S2_SR_HARMONIZED
pn_sierra_nevada_senderismo_ragua_aldeire_015,Ragua - Aldeire,senderismo,2021,1,2021-01-01,0.5451770212044349,0.27863538549608474,0.27994122749419814,0.3339224722977274,0.7796556867840482,0.24213232292197812,GEE:S2_SR_HARMONIZED
pn_sierra_nevada_senderismo_transnevada_invierno_016,TRANSNEVADA INVIERNO,senderismo,2021,1,2021-01-01,0.4635921193642831,0.1977656712255812,0.22627326655113783,0.29299226773655923,0.6366903204918153,0.21431543544913625,GEE:S2_SR_HARMONIZED
pn_sierra_nevada_senderismo_transnevada_verano_017,TRANSNEVADA VERANO,senderismo,2021,1,2021-01-01,0.4667586011847195,0.21117280564973973,0.2319744199437761,0.2930049431439132,0.6444878845897959,0.21702844040258898,GEE:S2_SR_HARMONIZED
pn_sierra_nevada_senderismo_transnevada_ra_guejar_sierra_pena_partida_018,Transnevada RA - Güejar Sierra - Peña Partida,senderismo,2021,1,2021-01-01,0.31897179420897853,0.014788931033981885,0.16836246139739694,0.2381914293640484,0.386695720405763,0.13714519008233403,GEE:S2_SR_HARMONIZED
pn_sierra_nevada_senderismo_transnevada_rb_lanteira_postero_alto_lanteira_019,Transnevada RB - Lanteira - Postero Alto - Lanteira,senderismo,2021,1,2021-01-01,0.5812868089086058,0.3944445044369051,0.2980478959220892,0.44903334616415685,0.7461727833360036,0.20205009337540594,GEE:S2_SR_HARMONIZED
pn_sierra_nevada_senderismo_transnevada_re_bayarcal_laguna_seca_020,Transnevada RE - Bayarcal - Laguna Seca,senderismo,2021,1,2021-01-01,0.5057333971297157,0.26964493106235604,0.22178927175896648,0.34006621009143145,0.6759235503690986,0.20844439685124314,GEE:S2_SR_HARMONIZED
pn_sierra_nevada_senderismo_la_cebadilla_021,La Cebadilla,senderismo,2021,1,2021-01-01,0.38354823098920265,0.06059659465045654,0.2275399264487219,0.3143582845760736,0.4551149358634853,0.12344582626431116,GEE:S2_SR_HARMONIZED
pn_sierra_nevada_senderismo_la_silleta_022,La Silleta,senderismo,2021,1,2021-01-01,0.49621917906540086,0.20327628573310705,0.2423330957578178,0.32410909835924967,0.6759616755324696,0.21892148239377615,GEE:S2_SR_HARMONIZED
pn_sierra_nevada_senderismo_lanjaron_tello_023,Lanjaron - Tello,senderismo,2021,1,2021-01-01,0.5118562820473109,0.07040312544697734,0.2788611154314836,0.45500580832200793,0.568388126297028,0.08696992253273945,GEE:S2_SR_HARMONIZED
pn_sierra_nevada_senderismo_molinos_de_isfalada_024,Molinos de Isfalada,senderismo,2021,1,2021-01-01,0.4065233817217144,0.05937697213529055,0.1688629859092321,0.2833590467520891,0.4941927881023595,0.17586394653174514,GEE:S2_SR_HARMONIZED
pn_sierra_nevada_senderismo_monterrey_025,Monterrey,senderismo,2021,1,2021-01-01,0.5509039978994708,0.15497089922545887,0.22721188215449029,0.40432641291692795,0.7206289612692021,0.19057656406410017,GEE:S2_SR_HARMONIZED
pn_sierra_nevada_senderismo_puente_palo_026,Puente Palo,senderismo,2021,1,2021-01-01,0.6678581219956521,0.3274125356208274,0.3184369944971933,0.5800288674786361,0.7753441640493944,0.1367210077879811,GEE:S2_SR_HARMONIZED
pn_sierra_nevada_senderismo_ragua_hoyos_de_pura_027,Ragua - Hoyos de Pura,senderismo,2021,1,2021-01-01,0.6200515415222154,0.47130509306664725,0.3238622462025845,0.5212477670600083,0.8224600238265173,0.2624334996219224,GEE:S2_SR_HARMONIZED
pn_sierra_nevada_senderismo_ragua_lagunilla_seca_028,Ragua - Lagunilla Seca,senderismo,2021,1,2021-01-01,0.40158249626859505,0.46226756279221887,0.2943204449832783,0.21447282965596223,0.6129923559911549,0.22937492789387892,GEE:S2_SR_HARMONIZED
pn_sierra_nevada_senderismo_rio_alhama_029,Río Alhama,senderismo,2021,1,2021-01-01,0.44821900741764775,0.04616199485170048,0.1866827847728507,0.28298430680269965,0.5607042253469422,0.22450174078772506,GEE:S2_SR_HARMONIZED
pn_sierra_nevada_senderismo_rio_bermejo_030,Río Bermejo,senderismo,2021,1,2021-01-01,0.45569408677571677,0.09234513969049997,0.19969304242956534,0.36532773177295214,0.5685899888838605,0.16038243953565717,GEE:S2_SR_HARMONIZED
pn_sierra_nevada_senderismo_rio_grande_de_los_berchules_031,Río Grande de los Berchules,senderismo,2021,1,2021-01-01,0.42247257645664676,0.12944259897665938,0.2142490208363064,0.3026383633943123,0.5140768114286103,0.1601270069239014,GEE:S2_SR_HARMONIZED
pn_sierra_nevada_senderismo_trevelez_siete_lagunas_032,Trevélez - Siete Lagunas,senderismo,2021,1,2021-01-01,0.32431597095333986,0.15160233977396032,0.2389042593186046,0.25218924381462954,0.43119210828817134,0.17686653591499413,GEE:S2_SR_HARMONIZED
pn_sierra_nevada_senderismo_ubeire_033,Ubeire,senderismo,2021,1,2021-01-01,0.6762932527660338,0.21361139252219283,0.2554479264641116,0.5643982094251347,0.783307014728792,0.14987563850854657,GEE:S2_SR_HARMONIZED
pn_sierra_nevada_senderismo_sulayr_034,SULAYR,senderismo,2021,1,2021-01-01,0.45159844963168844,0.22901415846432663,-195.1347497164999,0.2773130056895726,0.636664948294416,0.2222010895727362,GEE:S2_SR_HARMONIZED
pn_sierra_nevada_senderismo_carril_cicloturista_la_zubia_cumbres_verdes_035,CARRIL CICLOTURISTA LA ZUBIA-CUMBRES VERDES,senderismo,2021,1,2021-01-01,0.6404802174789731,0.2244934059900813,0.2785531708835657,0.5847120678709917,0.7442464083923153,0.15596720101901093,GEE:S2_SR_HARMONIZED
pn_sierra_nevada_senderismo_dehesa_del_camarate_036,Dehesa del Camarate,senderismo,2021,1,2021-01-01,0.37378826602954646,0.09085263501412312,0.17944261395821326,0.27125214372493944,0.45858940953990723,0.1520850927300894,GEE:S2_SR_HARMONIZED
pn_sierra_nevada_senderismo_pueblos_del_poqueira_037,PUEBLOS DEL POQUEIRA,senderismo,2021,1,2021-01-01,0.44315354561013837,0.03912148228168822,0.23119200941620566,0.3805327628132143,0.5370382462818727,0.14261028338927384,GEE:S2_SR_HARMONIZED
pn_sierra_nevada_senderismo_ragua_barranco_del_hornillo_038,Ragua - Barranco del Hornillo,senderismo,2021,1,2021-01-01,0.6606476516125361,0.464315040909835,0.3229541641508915,0.5250046296893615,0.7994741901295589,0.17497460573461238,GEE:S2_SR_HARMONIZED
pn_sierra_nevada_ciclismo_transnevada_rf_valor_fuente_de_las_primeras_agua_039,Transnevada RF - Valor - Fuente de las Primeras Aguas,ciclismo,2021,1,2021-01-01,0.45543633415123685,0.1933992928743551,0.20359285613013017,0.30095691355941306,0.6208267875921804,0.19583820698361992,GEE:S2_SR_HARMONIZED
pn_sierra_nevada_ciclismo_transnevada_rg_yegen_mecina_bombaron_yegen_040,Transnevada RG - Yegen - Mecina Bombaron - Yegen,ciclismo,2021,1,2021-01-01,0.37541326469444536,0.1026409252018378,0.1776209769161982,0.2323890177442104,0.49818950878139123,0.19067234142258735,GEE:S2_SR_HARMONIZED
pn_sierra_nevada_ciclismo_transnevada_rh_capileira_refugio_poqueira_041,Transnevada RH - Capileira - Refugio Poqueira,ciclismo,2021,1,2021-01-01,0.4436964478219414,0.27894883088011757,0.2162458139750526,0.2402801963551873,0.6778098525286701,0.24406858859366956,GEE:S2_SR_HARMONIZED
pn_sierra_nevada_ciclismo_transnevada_rj_portugos_barranco_bermejo_portugo_042,Transnevada RJ - Portugos - Barranco Bermejo - Portugos,ciclismo,2021,1,2021-01-01,0.4442133794868813,0.13526177700579783,0.1961499452618008,0.3066215395232656,0.5878396023482265,0.1868458413185183,GEE:S2_SR_HARMONIZED
pn_sierra_nevada_ciclismo_transnevada_rk_padre_eterno_ar_puente_palo_padre_043,Transnevada RK - Padre Eterno - AR Puente Palo - Padre Eterno,ciclismo,2021,1,2021-01-01,0.38810587180139855,0.07551446486990884,0.20545852984075869,0.2751967147600004,0.4707251705985532,0.15633015408586767,GEE:S2_SR_HARMONIZED
pn_sierra_nevada_ciclismo_transnevada_rc_abrucena_la_polarda_044,Transnevada RC - Abrucena - La Polarda,ciclismo,2021,1,2021-01-01,0.4835360088792216,0.2697366689401472,0.22565252967944288,0.2849090307913967,0.6758787331889259,0.22399706794890953,GEE:S2_SR_HARMONIZED
pn_sierra_nevada_ciclismo_transnevada_rd_laujar_andarax_loma_raspa_laujar__045,Transnevada RD - Laujar Andarax - Loma Raspa - Laujar Andarax,ciclismo,2021,1,2021-01-01,0.43597374236615843,0.16555879438864785,0.1955857315648647,0.26171516663142086,0.6135675506433215,0.21065983225095347,GEE:S2_SR_HARMONIZED
pn_sierra_nevada_ciclismo_transnevada_ri_niguelas_la_rinconada_niguelas_046,Transnevada RI - Niguelas - La Rinconada - Niguelas,ciclismo,2021,1,2021-01-01,0.3540762943919489,0.08760046521561408,0.1839584760032366,0.22289615646087302,0.4414630346327124,0.17757244715739456,GEE:S2_SR_HARMONIZED
pn_sierra_nevada_ciclismo_transnevada_invierno_047,TRANSNEVADA INVIERNO,ciclismo,2021,1,2021-01-01,0.4635921193642831,0.1977656712255812,0.22627326655113783,0.29299226773655923,0.6366903204918153,0.21431543544913625,GEE:S2_SR_HARMONIZED
pn_sierra_nevada_ciclismo_transnevada_verano_048,TRANSNEVADA VERANO,ciclismo,2021,1,2021-01-01,0.4667586011847195,0.21117280564973973,0.2319744199437761,0.2930049431439132,0.6444878845897959,0.21702844040258898,GEE:S2_SR_HARMONIZED
pn_sierra_nevada_ciclismo_transnevada_ra_guejar_sierra_pena_partida_049,Transnevada RA - Güejar Sierra - Peña Partida,ciclismo,2021,1,2021-01-01,0.31897179420897853,0.014788931033981885,0.16836246139739694,0.2381914293640484,0.386695720405763,0.13714519008233403,GEE:S2_SR_HARMONIZED
pn_sierra_nevada_ciclismo_transnevada_rb_lanteira_postero_alto_lanteira_050,Transnevada RB - Lanteira - Postero Alto - Lanteira,ciclismo,2021,1,2021-01-01,0.5812868089086058,0.3944445044369051,0.2980478959220892,0.44903334616415685,0.7461727833360036,0.20205009337540594,GEE:S2_SR_HARMONIZED
pn_sierra_nevada_ciclismo_transnevada_re_bayarcal_laguna_seca_051,Transnevada RE - Bayarcal - Laguna Seca,ciclismo,2021,1,2021-01-01,0.5057333971297157,0.26964493106235604,0.22178927175896648,0.34006621009143145,0.6759235503690986,0.20844439685124314,GEE:S2_SR_HARMONIZED
pn_sierra_nevada_ciclismo_carril_cicloturista_la_zubia_cumbres_verdes_052,CARRIL CICLOTURISTA LA ZUBIA-CUMBRES VERDES,ciclismo,2021,1,2021-01-01,0.6404802174789731,0.2244934059900813,0.2785531708835657,0.5847120678709917,0.7442464083923153,0.15596720101901093,GEE:S2_SR_HARMONIZED
pn_sierra_nevada_senderismo_transnevada_rf_valor_fuente_de_las_primeras_agua_000,Transnevada RF - Valor - Fuente de las Primeras Aguas,senderismo,2021,2,2021-02-01,0.44147337471667686,0.15322153198270566,0.21819358077432444,0.3106111381050735,0.5838295690173487,0.1630162164940554,GEE:S2_SR_HARMONIZED
pn_sierra_nevada_senderismo_transnevada_rg_yegen_mecina_bombaron_yegen_001,Transnevada RG - Yegen - Mecina Bombaron - Yegen,senderismo,2021,2,2021-02-01,0.363800528316097,0.09256075322530762,0.18635153129558354,0.24017459315679598,0.47064372223180684,0.16771573009416255,GEE:S2_SR_HARMONIZED
pn_sierra_nevada_senderismo_transnevada_rh_capileira_refugio_poqueira_002,Transnevada RH - Capileira - Refugio Poqueira,senderismo,2021,2,2021-02-01,0.4071673278676479,0.287993279789187,0.19879189533319835,0.21515585653760042,0.6367752243334877,0.25545267238853975,GEE:S2_SR_HARMONIZED
pn_sierra_nevada_senderismo_transnevada_rj_portugos_barranco_bermejo_portugo_003,Transnevada RJ - Portugos - Barranco Bermejo - Portugos,senderismo,2021,2,2021-02-01,0.4483877485796479,0.1362344385114061,0.20040339806965263,0.31455636408312565,0.5801398854625502,0.18269425753375934,GEE:S2_SR_HARMONIZED
pn_sierra_nevada_senderismo_transnevada_rk_padre_eterno_ar_puente_palo_padre_004,Transnevada RK - Padre Eterno - AR Puente Palo - Padre Eterno,senderismo,2021,2,2021-02-01,0.39985991641190044,0.07999986813797498,0.21640791180747307,0.29497453355294784,0.4785374092286633,0.14675591635769356,GEE:S2_SR_HARMONIZED
pn_sierra_nevada_senderismo_transnevada_rc_abrucena_la_polarda_005,Transnevada RC - Abrucena - La Polarda,senderismo,2021,2,2021-02-01,0.46808038776576594,0.1553743920315869,0.22493381764601236,0.3007459660024806,0.6367864229776569,0.19099245529012338,GEE:S2_SR_HARMONIZED
pn_sierra_nevada_senderismo_transnevada_rd_laujar_andarax_loma_raspa_laujar__006,Transnevada RD - Laujar Andarax - Loma Raspa - Laujar Andarax,senderismo,2021,2,2021-02-01,0.403104183276535,0.12216080051191812,0.1985628552349246,0.2559035822319115,0.5526833880023723,0.18610199847499487,GEE:S2_SR_HARMONIZED
pn_sierra_nevada_senderismo_transnevada_ri_niguelas_la_rinconada_niguelas_007,Transnevada RI - Niguelas - La Rinconada - Niguelas,senderismo,2021,2,2021-02-01,0.35064779885795716,0.064548812710986,0.1904234546612449,0.23831804999331857,0.4332336253167068,0.15187516540479556,GEE:S2_SR_HARMONIZED
pn_sierra_nevada_senderismo_acequias_del_poqueira_008,Acequias del Poqueira,senderismo,2021,2,2021-02-01,0.37973980896332593,0.08295880203528815,0.2224661680452782,0.25595447525357873,0.4629804112222344,0.17089400237194943,GEE:S2_SR_HARMONIZED
pn_sierra_nevada_senderismo_canal_de_la_espartera_arenales_del_trevenque_009,Canal de la Espartera - Arenales del Trevenque,senderismo,2021,2,2021-02-01,0.42836343518571135,0.12511909534150323,0.20388889749591974,0.27901824855589846,0.5838764527969513,0.2006278439183724,GEE:S2_SR_HARMONIZED
pn_sierra_nevada_senderismo_cerro_huenes_010,Cerro Huenes,senderismo,2021,2,2021-02-01,0.5794586945661244,0.2479435473222832,0.28090785099053867,0.45501064887055886,0.713103037396509,0.17194172251827178,GEE:S2_SR_HARMONIZED
pn_sierra_nevada_senderismo_el_aguadero_011,El Aguadero,senderismo,2021,2,2021-02-01,0.47808607697473915,0.1452495863073339,0.2301518085042606,0.3339425628468142,0.6274245966827214,0.17579848207854654,GEE:S2_SR_HARMONIZED
pn_sierra_nevada_senderismo_haza_larguilla_012,Haza Larguilla,senderismo,2021,2,2021-02-01,0.3253507895292615,-0.04540628909577746,0.15456622278765939,0.2566185938082395,0.3874634726808534,0.08833354748348014,GEE:S2_SR_HARMONIZED
pn_sierra_nevada_senderismo_hoya_del_portillo_refugio_poqueira_013,Hoya del Portillo - Refugio Poqueira,senderismo,2021,2,2021-02-01,0.26589457746776735,0.5921946909447516,0.1431390607045292,-0.029098588075281987,0.5479592576063392,0.3173634612421852,GEE:S2_SR_HARMONIZED
pn_sierra_nevada_senderismo_jerez_del_marquesado_postero_alto_014,Jerez del Marquesado - Postero Alto,senderismo,2021,2,2021-02-01,0.5071381446185294,0.26496258583678395,0.25765323201433216,0.33367150488688563,0.6935620505692907,0.20909486213571316,GEE:S2_SR_HARMONIZED
pn_sierra_nevada_senderismo_ragua_aldeire_015,Ragua - Aldeire,senderismo,2021,2,2021-02-01,0.4763884203735348,0.24074970949128519,0.264149361536274,0.33213168734167964,0.6053261226508333,0.17051717540221822,GEE:S2_SR_HARMONIZED
pn_sierra_nevada_senderismo_transnevada_invierno_016,TRANSNEVADA INVIERNO,senderismo,2021,2,2021-02-01,0.4395260859899617,0.14476593028737575,0.21871535809979134,0.29298543526302984,0.5820125441192558,0.18430062954010268,GEE:S2_SR_HARMONIZED
pn_sierra_nevada_senderismo_transnevada_verano_017,TRANSNEVADA VERANO,senderismo,2021,2,2021-02-01,0.4428862695734185,0.1516631227414545,0.22127394987538862,0.29297936700620797,0.5899350372583712,0.18542476037044883,GEE:S2_SR_HARMONIZED
pn_sierra_nevada_senderismo_transnevada_ra_guejar_sierra_pena_partida_018,Transnevada RA - Güejar Sierra - Peña Partida,senderismo,2021,2,2021-02-01,0.32034701182652137,0.0372119615963488,0.17179044004373129,0.23051208016793556,0.39466827781886804,0.14028662759065694,GEE:S2_SR_HARMONIZED
pn_sierra_nevada_senderismo_transnevada_rb_lanteira_postero_alto_lanteira_019,Transnevada RB - Lanteira - Postero Alto - Lanteira,senderismo,2021,2,2021-02-01,0.5004721211848271,0.28524350790637537,0.27095902844836445,0.39257305656804437,0.6112739386327165,0.16968882012307399,GEE:S2_SR_HARMONIZED
pn_sierra_nevada_senderismo_transnevada_re_bayarcal_laguna_seca_020,Transnevada RE - Bayarcal - Laguna Seca,senderismo,2021,2,2021-02-01,0.451200909056939,0.19576322683531394,0.220316253577198,0.31458807223807783,0.587952911636521,0.1726411329452766,GEE:S2_SR_HARMONIZED
pn_sierra_nevada_senderismo_la_cebadilla_021,La Cebadilla,senderismo,2021,2,2021-02-01,0.4389330688971079,0.05707542657387326,0.24753391302122835,0.3654287150624418,0.5098376759284153,0.12365580567628807,GEE:S2_SR_HARMONIZED
pn_sierra_nevada_senderismo_la_silleta_022,La Silleta,senderismo,2021,2,2021-02-01,0.5205356491062633,0.10406416560518239,0.23134259569175963,0.37106855190754395,0.6834877409578505,0.18624966359609973,GEE:S2_SR_HARMONIZED
pn_sierra_nevada_senderismo_lanjaron_tello_023,Lanjaron - Tello,senderismo,2021,2,2021-02-01,0.5533065435115423,0.1026397721577474,0.3118050905168108,0.5019428621619471,0.6034711095040687,0.08218765601358353,GEE:S2_SR_HARMONIZED
pn_sierra_nevada_senderismo_molinos_de_isfalada_024,Molinos de Isfalada,senderismo,2021,2,2021-02-01,0.4208288982819311,0.0913205825114972,0.19339308696095558,0.32202123304537744,0.5174474159710831,0.13802335612843852,GEE:S2_SR_HARMONIZED
pn_sierra_nevada_senderismo_monterrey_025,Monterrey,senderismo,2021,2,2021-02-01,0.505705882947056,0.11577751163359636,0.2302608802720451,0.3695760617330822,0.6581924162515556,0.1722001875658252,GEE:S2_SR_HARMONIZED
pn_sierra_nevada_senderismo_puente_palo_026,Puente Palo,senderismo,2021,2,2021-02-01,0.6744835258844071,0.316121248431115,0.3235795081873053,0.5845575964182231,0.7791364431194294,0.13025074032571446,GEE:S2_SR_HARMONIZED
pn_sierra_nevada_senderismo_ragua_hoyos_de_pura_027,Ragua - Hoyos de Pura,senderismo,2021,2,2021-02-01,0.46342485320439225,0.39389996796812504,0.28839920708294675,0.4347800531653814,0.5603243325364592,0.1468984250581205,GEE:S2_SR_HARMONIZED
pn_sierra_nevada_senderismo_ragua_lagunilla_seca_028,Ragua - Lagunilla Seca,senderismo,2021,2,2021-02-01,0.3775645904411289,0.2796642306722395,0.2378844660540751,0.2713703193239307,0.5099929460414925,0.1418254236702377,GEE:S2_SR_HARMONIZED
pn_sierra_nevada_senderismo_rio_alhama_029,Río Alhama,senderismo,2021,2,2021-02-01,0.4990812261106031,0.06620646068251146,0.17861785774508365,0.341996117412648,0.6189450761435394,0.2259704219108916,GEE:S2_SR_HARMONIZED
pn_sierra_nevada_senderismo_rio_bermejo_030,Río Bermejo,senderismo,2021,2,2021-02-01,0.4595016555377041,0.10467811002099402,0.20257277886715963,0.3651736890281552,0.5642970962547238,0.15579406466541992,GEE:S2_SR_HARMONIZED
pn_sierra_nevada_senderismo_rio_grande_de_los_berchules_031,Río Grande de los Berchules,senderismo,2021,2,2021-02-01,0.46105814804437817,0.12559731993798656,0.24203822920149373,0.32212033601567325,0.5799181603999165,0.17039419179140777,GEE:S2_SR_HARMONIZED
pn_sierra_nevada_senderismo_trevelez_siete_lagunas_032,Trevélez - Siete Lagunas,senderismo,2021,2,2021-02-01,0.3656038400716381,0.0648161244752356,0.20001216148732517,0.2989771919865412,0.43561251260979506,0.09874082240713132,GEE:S2_SR_HARMONIZED
pn_sierra_nevada_senderismo_ubeire_033,Ubeire,senderismo,2021,2,2021-02-01,0.6013136747294816,0.19897569291546827,0.25711922978358764,0.5255302751625393,0.6736728306810914,0.10730322057206354,GEE:S2_SR_HARMONIZED
pn_sierra_nevada_senderismo_sulayr_034,SULAYR,senderismo,2021,2,2021-02-01,0.4306848250330873,0.15573109551609532,0.22749315891416003,0.2929807898038496,0.5664037952622362,0.17600465431259563,GEE:S2_SR_HARMONIZED
pn_sierra_nevada_senderismo_carril_cicloturista_la_zubia_cumbres_verdes_035,CARRIL CICLOTURISTA LA ZUBIA-CUMBRES VERDES,senderismo,2021,2,2021-02-01,0.651049677598399,0.20473271793141695,0.27814668982883595,0.6157338113003317,0.7324770716406941,0.1363635771562443,GEE:S2_SR_HARMONIZED
pn_sierra_nevada_senderismo_dehesa_del_camarate_036,Dehesa del Camarate,senderismo,2021,2,2021-02-01,0.40507714696062125,0.01876054129030879,0.1675913713948905,0.3026399162058635,0.4746477280729603,0.15229217694560002,GEE:S2_SR_HARMONIZED
pn_sierra_nevada_senderismo_pueblos_del_poqueira_037,PUEBLOS DEL POQUEIRA,senderismo,2021,2,2021-02-01,0.4886522618014392,0.08793996301295176,0.25621800851220183,0.43976662500148955,0.5841116370525246,0.15163714579405593,GEE:S2_SR_HARMONIZED
pn_sierra_nevada_senderismo_ragua_barranco_del_hornillo_038,Ragua - Barranco del Hornillo,senderismo,2021,2,2021-02-01,0.523071736786237,0.3109945576225762,0.26889567408455406,0.45765775442123413,0.6099480848428729,0.09869183231294042,GEE:S2_SR_HARMONIZED
pn_sierra_nevada_ciclismo_transnevada_rf_valor_fuente_de_las_primeras_agua_039,Transnevada RF - Valor - Fuente de las Primeras Aguas,ciclismo,2021,2,2021-02-01,0.44147337471667686,0.15322153198270566,0.21819358077432444,0.3106111381050735,0.5838295690173487,0.1630162164940554,GEE:S2_SR_HARMONIZED
pn_sierra_nevada_ciclismo_transnevada_rg_yegen_mecina_bombaron_yegen_040,Transnevada RG - Yegen - Mecina Bombaron - Yegen,ciclismo,2021,2,2021-02-01,0.363800528316097,0.09256075322530762,0.18635153129558354,0.24017459315679598,0.47064372223180684,0.16771573009416255,GEE:S2_SR_HARMONIZED
pn_sierra_nevada_ciclismo_transnevada_rh_capileira_refugio_poqueira_041,Transnevada RH - Capileira - Refugio Poqueira,ciclismo,2021,2,2021-02-01,0.4071673278676479,0.287993279789187,0.19879189533319835,0.21515585653760042,0.6367752243334877,0.25545267238853975,GEE:S2_SR_HARMONIZED
pn_sierra_nevada_ciclismo_transnevada_rj_portugos_barranco_bermejo_portugo_042,Transnevada RJ - Portugos - Barranco Bermejo - Portugos,ciclismo,2021,2,2021-02-01,0.4483877485796479,0.1362344385114061,0.20040339806965263,0.31455636408312565,0.5801398854625502,0.18269425753375934,GEE:S2_SR_HARMONIZED
pn_sierra_nevada_ciclismo_transnevada_rk_padre_eterno_ar_puente_palo_padre_043,Transnevada RK - Padre Eterno - AR Puente Palo - Padre Eterno,ciclismo,2021,2,2021-02-01,0.39985991641190044,0.07999986813797498,0.21640791180747307,0.29497453355294784,0.4785374092286633,0.14675591635769356,GEE:S2_SR_HARMONIZED
pn_sierra_nevada_ciclismo_transnevada_rc_abrucena_la_polarda_044,Transnevada RC - Abrucena - La Polarda,ciclismo,2021,2,2021-02-01,0.46808038776576594,0.1553743920315869,0.22493381764601236,0.3007459660024806,0.6367864229776569,0.19099245529012338,GEE:S2_SR_HARMONIZED
pn_sierra_nevada_ciclismo_transnevada_rd_laujar_andarax_loma_raspa_laujar__045,Transnevada RD - Laujar Andarax - Loma Raspa - Laujar Andarax,ciclismo,2021,2,2021-02-01,0.403104183276535,0.12216080051191812,0.1985628552349246,0.2559035822319115,0.5526833880023723,0.18610199847499487,GEE:S2_SR_HARMONIZED
pn_sierra_nevada_ciclismo_transnevada_ri_niguelas_la_rinconada_niguelas_046,Transnevada RI - Niguelas - La Rinconada - Niguelas,ciclismo,2021,2,2021-02-01,0.35064779885795716,0.064548812710986,0.1904234546612449,0.23831804999331857,0.4332336253167068,0.15187516540479556,GEE:S2_SR_HARMONIZED
pn_sierra_nevada_ciclismo_transnevada_invierno_047,TRANSNEVADA INVIERNO,ciclismo,2021,2,2021-02-01,0.4395260859899617,0.14476593028737575,0.21871535809979134,0.29298543526302984,0.5820125441192558,0.18430062954010268,GEE:S2_SR_HARMONIZED
pn_sierra_nevada_ciclismo_transnevada_verano_048,TRANSNEVADA VERANO,ciclismo,2021,2,2021-02-01,0.4428862695734185,0.1516631227414545,0.22127394987538862,0.29297936700620797,0.5899350372583712,0.18542476037044883,GEE:S2_SR_HARMONIZED
pn_sierra_nevada_ciclismo_transnevada_ra_guejar_sierra_pena_partida_049,Transnevada RA - Güejar Sierra - Peña Partida,ciclismo,2021,2,2021-02-01,0.32034701182652137,0.0372119615963488,0.17179044004373129,0.23051208016793556,0.39466827781886804,0.14028662759065694,GEE:S2_SR_HARMONIZED
pn_sierra_nevada_ciclismo_transnevada_rb_lanteira_postero_alto_lanteira_050,Transnevada RB - Lanteira - Postero Alto - Lanteira,ciclismo,2021,2,2021-02-01,0.5004721211848271,0.28524350790637537,0.27095902844836445,0.39257305656804437,0.6112739386327165,0.16968882012307399,GEE:S2_SR_HARMONIZED
pn_sierra_nevada_ciclismo_transnevada_re_bayarcal_laguna_seca_051,Transnevada RE - Bayarcal - Laguna Seca,ciclismo,2021,2,2021-02-01,0.451200909056939,0.19576322683531394,0.220316253577198,0.31458807223807783,0.587952911636521,0.1726411329452766,GEE:S2_SR_HARMONIZED
pn_sierra_nevada_ciclismo_carril_cicloturista_la_zubia_cumbres_verdes_052,CARRIL CICLOTURISTA LA ZUBIA-CUMBRES VERDES,ciclismo,2021,2,2021-02-01,0.651049677598399,0.20473271793141695,0.27814668982883595,0.6157338113003317,0.7324770716406941,0.1363635771562443,GEE:S2_SR_HARMONIZED
pn_sierra_nevada_senderismo_transnevada_rf_valor_fuente_de_las_primeras_agua_000,Transnevada RF - Valor - Fuente de las Primeras Aguas,senderismo,2021,3,2021-03-01,0.40106371516647876,0.12184757395684045,0.20798771172551578,0.2910403677669118,0.5175395060051349,0.13858682926758617,GEE:S2_SR_HARMONIZED
pn_sierra_nevada_senderismo_transnevada_rg_yegen_mecina_bombaron_yegen_001,Transnevada RG - Yegen - Mecina Bombaron - Yegen,senderismo,2021,3,2021-03-01,0.33300270011694877,0.07216358626239423,0.18367889595752454,0.23254384372092624,0.4082092605454417,0.14033821417893788,GEE:S2_SR_HARMONIZED
pn_sierra_nevada_senderismo_transnevada_rh_capileira_refugio_poqueira_002,Transnevada RH - Capileira - Refugio Poqueira,senderismo,2021,3,2021-03-01,0.32820646076372895,0.13395056028670824,0.18052745798716804,0.18933861878519337,0.4782252349909135,0.18594197103094098,GEE:S2_SR_HARMONIZED
pn_sierra_nevada_senderismo_transnevada_rj_portugos_barranco_bermejo_portugo_003,Transnevada RJ - Portugos - Barranco Bermejo - Portugos,senderismo,2021,3,2021-03-01,0.40398536104013727,0.12538371181720465,0.21319538291579723,0.291082938505581,0.5133929953073254,0.15144693741039247,GEE:S2_SR_HARMONIZED
pn_sierra_nevada_senderismo_transnevada_rk_padre_eterno_ar_puente_palo_padre_004,Transnevada RK - Padre Eterno - AR Puente Palo - Padre Eterno,senderismo,2021,3,2021-03-01,0.368895125667926,0.06392704601104165,0.22810382536845164,0.2793237410565288,0.44324456252215927,0.11821627915064548,GEE:S2_SR_HARMONIZED
pn_sierra_nevada_senderismo_transnevada_rc_abrucena_la_polarda_005,Transnevada RC - Abrucena - La Polarda,senderismo,2021,3,2021-03-01,0.42245055137219245,0.13254149001691462,0.21670392067082597,0.29500357161315915,0.5528114188868534,0.15840398330885969,GEE:S2_SR_HARMONIZED
pn_sierra_nevada_senderismo_transnevada_rd_laujar_andarax_loma_raspa_laujar__006,Transnevada RD - Laujar Andarax - Loma Raspa - Laujar Andarax,senderismo,2021,3,2021-03-01,0.36710940505143064,0.09798248454862925,0.19331881541587123,0.24428531268026224,0.49411191171854457,0.16009491949112584,GEE:S2_SR_HARMONIZED
pn_sierra_nevada_senderismo_transnevada_ri_niguelas_la_rinconada_niguelas_007,Transnevada RI - Niguelas - La Rinconada - Niguelas,senderismo,2021,3,2021-03-01,0.2985069852979116,0.05289228603722083,0.19142913767220893,0.22079302377781374,0.36142637386043874,0.10864931840175085,GEE:S2_SR_HARMONIZED
pn_sierra_nevada_senderismo_acequias_del_poqueira_008,Acequias del Poqueira,senderismo,2021,3,2021-03-01,0.3426966168638354,0.06622950960502591,0.22525183751268266,0.2520004993246457,0.40454373063767857,0.12083005617701338,GEE:S2_SR_HARMONIZED
pn_sierra_nevada_senderismo_canal_de_la_espartera_arenales_del_trevenque_009,Canal de la Espartera - Arenales del Trevenque,senderismo,2021,3,2021-03-01,0.3852878994320045,0.0617624565679978,0.20143048695588422,0.22867593444888135,0.5293077598256833,0.19236961512766962,GEE:S2_SR_HARMONIZED
pn_sierra_nevada_senderismo_cerro_huenes_010,Cerro Huenes,senderismo,2021,3,2021-03-01,0.5040317244422349,0.1551153046462102,0.2648344925172733,0.37697677284637626,0.6386151303608602,0.16119794120208586,GEE:S2_SR_HARMONIZED
pn_sierra_nevada_senderismo_el_aguadero_011,El Aguadero,senderismo,2021,3,2021-03-01,0.4319337517424752,0.11889928226222526,0.2236749488246353,0.31098270293933267,0.5528380130202319,0.14950231813754078,GEE:S2_SR_HARMONIZED
pn_sierra_nevada_senderismo_haza_larguilla_012,Haza Larguilla,senderismo,2021,3,2021-03-01,0.2837004116958191,-0.06665456085607574,0.16206120773056026,0.2237616509092132,0.3368315572824494,0.07784089654224338,GEE:S2_SR_HARMONIZED
pn_sierra_nevada_senderismo_hoya_del_portillo_refugio_poqueira_013,Hoya del Portillo - Refugio Poqueira,senderismo,2021,3,2021-03-01,0.3061376709517785,0.1272356265131348,0.1743508443777148,0.19726544421621867,0.3497073085748986,0.18286359198767976,GEE:S2_SR_HARMONIZED
pn_sierra_nevada_senderismo_jerez_del_marquesado_postero_alto_014,Jerez del Marquesado - Postero Alto,senderismo,2021,3,2021-03-01,0.46935653774660396,0.21525451236554935,0.23764972837218076,0.3183803963034456,0.6306649100885671,0.1796768831875173,GEE:S2_SR_HARMONIZED
pn_sierra_nevada_senderismo_ragua_aldeire_015,Ragua - Aldeire,senderismo,2021,3,2021-03-01,0.4904524976190427,0.1761297645890767,0.25726700668987634,0.33768500047190625,0.6621695402531733,0.18683455317966982,GEE:S2_SR_HARMONIZED
pn_sierra_nevada_senderismo_transnevada_invierno_016,TRANSNEVADA INVIERNO,senderismo,2021,3,2021-03-01,0.3973435665143332,0.10773631737880128,0.21420807480369083,0.269566538858261,0.519571478266247,0.1614961512555725,GEE:S2_SR_HARMONIZED
pn_sierra_nevada_senderismo_transnevada_verano_017,TRANSNEVADA VERANO,senderismo,2021,3,2021-03-01,0.4031899322934502,0.11314053153186013,0.2167475574742237,0.2773860209544658,0.5273970342593789,0.16533259151050952,GEE:S2_SR_HARMONIZED
pn_sierra_nevada_senderismo_transnevada_ra_guejar_sierra_pena_partida_018,Transnevada RA - Güejar Sierra - Peña Partida,senderismo,2021,3,2021-03-01,0.31730703314870873,0.024834417200233723,0.1921172063433846,0.23841450915238763,0.3868232254343095,0.1192965895412422,GEE:S2_SR_HARMONIZED
pn_sierra_nevada_senderismo_transnevada_rb_lanteira_postero_alto_lanteira_019,Transnevada RB - Lanteira - Postero Alto - Lanteira,senderismo,2021,3,2021-03-01,0.4872127801401154,0.22831535581394494,0.24702455534126677,0.37318712803696413,0.6151492586757351,0.15923800393478624,GEE:S2_SR_HARMONIZED
pn_sierra_nevada_senderismo_transnevada_re_bayarcal_laguna_seca_020,Transnevada RE - Bayarcal - Laguna Seca,senderismo,2021,3,2021-03-01,0.3996651671355459,0.1365557095295086,0.2072155687596391,0.29883619082988344,0.49786962681484204,0.13563511020797722,GEE:S2_SR_HARMONIZED
pn_sierra_nevada_senderismo_la_cebadilla_021,La Cebadilla,senderismo,2021,3,2021-03-01,0.3721535638080197,0.0678083611844512,0.2486858542505026,0.32238159622013585,0.4238967458099116,0.08582639029185572,GEE:S2_SR_HARMONIZED
pn_sierra_nevada_senderismo_la_silleta_022,La Silleta,senderismo,2021,3,2021-03-01,0.43142304510599466,0.06603090954659502,0.23169531123685166,0.3223526544558505,0.5371102928843396,0.14536441220249355,GEE:S2_SR_HARMONIZED
pn_sierra_nevada_senderismo_lanjaron_tello_023,Lanjaron - Tello,senderismo,2021,3,2021-03-01,0.5323029253765194,0.12628789125519077,0.34463456351603156,0.4744298382805912,0.5837576266220095,0.08626897137457724,GEE:S2_SR_HARMONIZED
pn_sierra_nevada_senderismo_molinos_de_isfalada_024,Molinos de Isfalada,senderismo,2021,3,2021-03-01,0.3698832108267985,0.06788877483490822,0.187413846249203,0.2751662525042017,0.46291155668358364,0.12770973569187044,GEE:S2_SR_HARMONIZED
pn_sierra_nevada_senderismo_monterrey_025,Monterrey,senderismo,2021,3,2021-03-01,0.4505423235823534,0.09768695642132424,0.22467727895864126,0.3340210044035583,0.5799747874798565,0.1473784039107968,GEE:S2_SR_HARMONIZED
pn_sierra_nevada_senderismo_puente_palo_026,Puente Palo,senderismo,2021,3,2021-03-01,0.5688682270119297,0.2341751865414364,0.3187566303449023,0.5058987198981882,0.6387322824077121,0.10007377548719137,GEE:S2_SR_HARMONIZED
pn_sierra_nevada_senderismo_ragua_hoyos_de_pura_027,Ragua - Hoyos de Pura,senderismo,2021,3,2021-03-01,0.5881127884834169,0.29305100938162665,0.2807429539589423,0.48925015924836673,0.7636895194323746,0.21818216649507752,GEE:S2_SR_HARMONIZED
pn_sierra_nevada_senderismo_ragua_lagunilla_seca_028,Ragua - Lagunilla Seca,senderismo,2021,3,2021-03-01,0.4058120306555277,0.18215363244408153,0.2152407358536295,0.27539722653439314,0.5560101960323293,0.18273234975216468,GEE:S2_SR_HARMONIZED
pn_sierra_nevada_senderismo_rio_alhama_029,Río Alhama,senderismo,2021,3,2021-03-01,0.40989179084902294,0.06237273252878771,0.21581802609134462,0.30663234789106364,0.4945688132283839,0.1465213068755912,GEE:S2_SR_HARMONIZED
pn_sierra_nevada_senderismo_rio_bermejo_030,Río Bermejo,senderismo,2021,3,2021-03-01,0.42273829210326147,0.12379830065579518,0.2323592855518602,0.3377129641961531,0.5134523021110878,0.1292428727990572,GEE:S2_SR_HARMONIZED
pn_sierra_nevada_senderismo_rio_grande_de_los_berchules_031,Río Grande de los Berchules,senderismo,2021,3,2021-03-01,0.4078917939818072,0.1281140112116138,0.25116850319798334,0.3105031848320158,0.49827962774159384,0.12577392838844087,GEE:S2_SR_HARMONIZED
pn_sierra_nevada_senderismo_trevelez_siete_lagunas_032,Trevélez - Siete Lagunas,senderismo,2021,3,2021-03-01,0.2976699898549316,0.11807798484272831,0.16556812535459928,0.22848408446471635,0.3926036989399094,0.1437203947090992,GEE:S2_SR_HARMONIZED
pn_sierra_nevada_senderismo_ubeire_033,Ubeire,senderismo,2021,3,2021-03-01,0.5033588904562003,0.14261186924958386,0.2343850474748066,0.4394988124886972,0.55696709937396,0.09287775414089816,GEE:S2_SR_HARMONIZED
pn_sierra_nevada_senderismo_sulayr_034,SULAYR,senderismo,2021,3,2021-03-01,0.4117529964933556,0.11692799140867571,0.22160652001051862,0.2928829141546262,0.5273014924585094,0.16229197210063057,GEE:S2_SR_HARMONIZED
pn_sierra_nevada_senderismo_carril_cicloturista_la_zubia_cumbres_verdes_035,CARRIL CICLOTURISTA LA ZUBIA-CUMBRES VERDES,senderismo,2021,3,2021-03-01,0.5311313022319769,0.11117431626631107,0.25687696944595684,0.47844006348521967,0.6076315949400257,0.11746044875068043,GEE:S2_SR_HARMONIZED
pn_sierra_nevada_senderismo_dehesa_del_camarate_036,Dehesa del Camarate,senderismo,2021,3,2021-03-01,0.38411542469483995,0.008465925779815246,0.1906602950548694,0.3140528686880044,0.42744652140463124,0.10247848096713502,GEE:S2_SR_HARMONIZED
pn_sierra_nevada_senderismo_pueblos_del_poqueira_037,PUEBLOS DEL POQUEIRA,senderismo,2021,3,2021-03-01,0.4474043038970233,0.12448293030756878,0.2972491931898766,0.38077505682145035,0.5446785367586392,0.1389970231074052,GEE:S2_SR_HARMONIZED
pn_sierra_nevada_senderismo_ragua_barranco_del_hornillo_038,Ragua - Barranco del Hornillo,senderismo,2021,3,2021-03-01,0.6095110813673178,0.2598566200830624,0.27867735763745727,0.5038220882415771,0.7171278974358589,0.13345613873699586,GEE:S2_SR_HARMONIZED
pn_sierra_nevada_ciclismo_transnevada_rf_valor_fuente_de_las_primeras_agua_039,Transnevada RF - Valor - Fuente de las Primeras Aguas,ciclismo,2021,3,2021-03-01,0.40106371516647876,0.12184757395684045,0.20798771172551578,0.2910403677669118,0.5175395060051349,0.13858682926758617,GEE:S2_SR_HARMONIZED
pn_sierra_nevada_ciclismo_transnevada_rg_yegen_mecina_bombaron_yegen_040,Transnevada RG - Yegen - Mecina Bombaron - Yegen,ciclismo,2021,3,2021-03-01,0.33300270011694877,0.07216358626239423,0.18367889595752454,0.23254384372092624,0.4082092605454417,0.14033821417893788,GEE:S2_SR_HARMONIZED
pn_sierra_nevada_ciclismo_transnevada_rh_capileira_refugio_poqueira_041,Transnevada RH - Capileira - Refugio Poqueira,ciclismo,2021,3,2021-03-01,0.32820646076372895,0.13395056028670824,0.18052745798716804,0.18933861878519337,0.4782252349909135,0.18594197103094098,GEE:S2_SR_HARMONIZED
pn_sierra_nevada_ciclismo_transnevada_rj_portugos_barranco_bermejo_portugo_042,Transnevada RJ - Portugos - Barranco Bermejo - Portugos,ciclismo,2021,3,2021-03-01,0.40398536104013727,0.12538371181720465,0.21319538291579723,0.291082938505581,0.5133929953073254,0.15144693741039247,GEE:S2_SR_HARMONIZED
pn_sierra_nevada_ciclismo_transnevada_rk_padre_eterno_ar_puente_palo_padre_043,Transnevada RK - Padre Eterno - AR Puente Palo - Padre Eterno,ciclismo,2021,3,2021-03-01,0.368895125667926,0.06392704601104165,0.22810382536845164,0.2793237410565288,0.44324456252215927,0.11821627915064548,GEE:S2_SR_HARMONIZED
pn_sierra_nevada_ciclismo_transnevada_rc_abrucena_la_polarda_044,Transnevada RC - Abrucena - La Polarda,ciclismo,2021,3,2021-03-01,0.42245055137219245,0.13254149001691462,0.21670392067082597,0.29500357161315915,0.5528114188868534,0.15840398330885969,GEE:S2_SR_HARMONIZED
pn_sierra_nevada_ciclismo_transnevada_rd_laujar_andarax_loma_raspa_laujar__045,Transnevada RD - Laujar Andarax - Loma Raspa - Laujar Andarax,ciclismo,2021,3,2021-03-01,0.36710940505143064,0.09798248454862925,0.19331881541587123,0.24428531268026224,0.49411191171854457,0.16009491949112584,GEE:S2_SR_HARMONIZED
pn_sierra_nevada_ciclismo_transnevada_ri_niguelas_la_rinconada_niguelas_046,Transnevada RI - Niguelas - La Rinconada - Niguelas,ciclismo,2021,3,2021-03-01,0.2985069852979116,0.05289228603722083,0.19142913767220893,0.22079302377781374,0.36142637386043874,0.10864931840175085,GEE:S2_SR_HARMONIZED
pn_sierra_nevada_ciclismo_transnevada_invierno_047,TRANSNEVADA INVIERNO,ciclismo,2021,3,2021-03-01,0.3973435665143332,0.10773631737880128,0.21420807480369083,0.269566538858261,0.519571478266247,0.1614961512555725,GEE:S2_SR_HARMONIZED
pn_sierra_nevada_ciclismo_transnevada_verano_048,TRANSNEVADA VERANO,ciclismo,2021,3,2021-03-01,0.4031899322934502,0.11314053153186013,0.2167475574742237,0.2773860209544658,0.5273970342593789,0.16533259151050952,GEE:S2_SR_HARMONIZED
pn_sierra_nevada_ciclismo_transnevada_ra_guejar_sierra_pena_partida_049,Transnevada RA - Güejar Sierra - Peña Partida,ciclismo,2021,3,2021-03-01,0.31730703314870873,0.024834417200233723,0.1921172063433846,0.23841450915238763,0.3868232254343095,0.1192965895412422,GEE:S2_SR_HARMONIZED
pn_sierra_nevada_ciclismo_transnevada_rb_lanteira_postero_alto_lanteira_050,Transnevada RB - Lanteira - Postero Alto - Lanteira,ciclismo,2021,3,2021-03-01,0.4872127801401154,0.22831535581394494,0.24702455534126677,0.37318712803696413,0.6151492586757351,0.15923800393478624,GEE:S2_SR_HARMONIZED
pn_sierra_nevada_ciclismo_transnevada_re_bayarcal_laguna_seca_051,Transnevada RE - Bayarcal - Laguna Seca,ciclismo,2021,3,2021-03-01,0.3996651671355459,0.1365557095295086,0.2072155687596391,0.29883619082988344,0.49786962681484204,0.13563511020797722,GEE:S2_SR_HARMONIZED
pn_sierra_nevada_ciclismo_carril_cicloturista_la_zubia_cumbres_verdes_052,CARRIL CICLOTURISTA LA ZUBIA-CUMBRES VERDES,ciclismo,2021,3,2021-03-01,0.5311313022319769,0.11117431626631107,0.25687696944595684,0.47844006348521967,0.6076315949400257,0.11746044875068043,GEE:S2_SR_HARMONIZED
pn_sierra_nevada_senderismo_transnevada_rf_valor_fuente_de_las_primeras_agua_000,Transnevada RF - Valor - Fuente de las Primeras Aguas,senderismo,2021,4,2021-04-01,0.4088881438682813,0.11173323829577818,0.2271374543154802,0.29481068812991834,0.5254130576060175,0.14553766057500603,GEE:S2_SR_HARMONIZED
pn_sierra_nevada_senderismo_transnevada_rg_yegen_mecina_bombaron_yegen_001,Transnevada RG - Yegen - Mecina Bombaron - Yegen,senderismo,2021,4,2021-04-01,0.3450497810931736,0.07057816867902687,0.20427550188462512,0.24030614249035778,0.43136135447031637,0.14464613490614017,GEE:S2_SR_HARMONIZED
pn_sierra_nevada_senderismo_transnevada_rh_capileira_refugio_poqueira_002,Transnevada RH - Capileira - Refugio Poqueira,senderismo,2021,4,2021-04-01,0.33624679868444945,0.1012727925630357,0.19288177350519267,0.18944413252397385,0.4821607985479357,0.1896978753997138,GEE:S2_SR_HARMONIZED
pn_sierra_nevada_senderismo_transnevada_rj_portugos_barranco_bermejo_portugo_003,Transnevada RJ - Portugos - Barranco Bermejo - Portugos,senderismo,2021,4,2021-04-01,0.41594945329228594,0.11417393319487523,0.2337938409153444,0.2986136806977189,0.5296018014411925,0.1542203629571452,GEE:S2_SR_HARMONIZED
pn_sierra_nevada_senderismo_transnevada_rk_padre_eterno_ar_puente_palo_padre_004,Transnevada RK - Padre Eterno - AR Puente Palo - Padre Eterno,senderismo,2021,4,2021-04-01,0.3939860363599203,0.06660019524493559,0.2563504913618196,0.2985127967119245,0.4823063250105823,0.12855909483069555,GEE:S2_SR_HARMONIZED
pn_sierra_nevada_senderismo_transnevada_rc_abrucena_la_polarda_005,Transnevada RC - Abrucena - La Polarda,senderismo,2021,4,2021-04-01,0.38561677942246575,0.12660880296839103,0.2299588765043476,0.2871484197769724,0.48632596208032897,0.13042150260453558,GEE:S2_SR_HARMONIZED
pn_sierra_nevada_senderismo_transnevada_rd_laujar_andarax_loma_raspa_laujar__006,Transnevada RD - Laujar Andarax - Loma Raspa - Laujar Andarax,senderismo,2021,4,2021-04-01,0.375714065811978,0.10298079400092829,0.2087019873702087,0.24023177367403956,0.5095899304675157,0.17249572601534754,GEE:S2_SR_HARMONIZED
pn_sierra_nevada_senderismo_transnevada_ri_niguelas_la_rinconada_niguelas_007,Transnevada RI - Niguelas - La Rinconada - Niguelas,senderismo,2021,4,2021-04-01,0.3291648562068966,0.06064828709875639,0.22239596749106305,0.2441264307408415,0.4043413506811797,0.12391697399994288,GEE:S2_SR_HARMONIZED
pn_sierra_nevada_senderismo_acequias_del_poqueira_008,Acequias del Poqueira,senderismo,2021,4,2021-04-01,0.39980138660538345,0.08551384125022066,0.27462822542318494,0.30664248143784456,0.48234992772365953,0.12212724886866781,GEE:S2_SR_HARMONIZED
pn_sierra_nevada_senderismo_canal_de_la_espartera_arenales_del_trevenque_009,Canal de la Espartera - Arenales del Trevenque,senderismo,2021,4,2021-04-01,0.35999064563363564,0.06234304906897777,0.21925431495089504,0.22854922607100372,0.49435651964895905,0.1730160985255826,GEE:S2_SR_HARMONIZED
pn_sierra_nevada_senderismo_cerro_huenes_010,Cerro Huenes,senderismo,2021,4,2021-04-01,0.4548395823582054,0.13068436723594745,0.28156568010343597,0.34176112376977097,0.564498183289123,0.14981772263847337,GEE:S2_SR_HARMONIZED
pn_sierra_nevada_senderismo_el_aguadero_011,El Aguadero,senderismo,2021,4,2021-04-01,0.4259261382341514,0.11629095893502796,0.23384369982810502,0.3183893801881234,0.5410568167027199,0.14345582179592117,GEE:S2_SR_HARMONIZED
pn_sierra_nevada_senderismo_haza_larguilla_012,Haza Larguilla,senderismo,2021,4,2021-04-01,0.2908586510430381,-0.04591393915074691,0.15696680220700554,0.22150290517215565,0.35023451223345453,0.08833088531624615,GEE:S2_SR_HARMONIZED
pn_sierra_nevada_senderismo_hoya_del_portillo_refugio_poqueira_013,Hoya del Portillo - Refugio Poqueira,senderismo,2021,4,2021-04-01,0.3197433982355824,0.06493236444738314,0.18918921609112302,0.2051271768721279,0.36111490660417106,0.17573949407284106,GEE:S2_SR_HARMONIZED
pn_sierra_nevada_senderismo_jerez_del_marquesado_postero_alto_014,Jerez del Marquesado - Postero Alto,senderismo,2021,4,2021-04-01,0.44088475508734876,0.18785096766609158,0.24931837676692623,0.2913211607368175,0.5920407153400912,0.17508552693466256,GEE:S2_SR_HARMONIZED
pn_sierra_nevada_senderismo_ragua_aldeire_015,Ragua - Aldeire,senderismo,2021,4,2021-04-01,0.4963449559910339,0.17755942837161248,0.2887117196983823,0.36143133233819424,0.63464484627604,0.16800999012784149,GEE:S2_SR_HARMONIZED
pn_sierra_nevada_senderismo_transnevada_invierno_016,TRANSNEVADA INVIERNO,senderismo,2021,4,2021-04-01,0.390878419813988,0.10612124529240292,0.23079849734666052,0.2774036120103059,0.5038752613005735,0.1545126190857975,GEE:S2_SR_HARMONIZED
pn_sierra_nevada_senderismo_transnevada_verano_017,TRANSNEVADA VERANO,senderismo,2021,4,2021-04-01,0.39500241190313296,0.1105971523245236,0.23348525305169818,0.2773872877810802,0.5117033134678398,0.15697938915330836,GEE:S2_SR_HARMONIZED
pn_sierra_nevada_senderismo_transnevada_ra_guejar_sierra_pena_partida_018,Transnevada RA - Güejar Sierra - Peña Partida,senderismo,2021,4,2021-04-01,0.3174114279598945,0.045080840327484564,0.22338812510699263,0.23246898745067704,0.3806508320281131,0.12990977993202027,GEE:S2_SR_HARMONIZED
pn_sierra_nevada_senderismo_transnevada_rb_lanteira_postero_alto_lanteira_019,Transnevada RB - Lanteira - Postero Alto - Lanteira,senderismo,2021,4,2021-04-01,0.4310603553490667,0.19158205798688227,0.2538337680853773,0.3221496804157105,0.5487251852317626,0.15109112233044725,GEE:S2_SR_HARMONIZED
pn_sierra_nevada_senderismo_transnevada_re_bayarcal_laguna_seca_020,Transnevada RE - Bayarcal - Laguna Seca,senderismo,2021,4,2021-04-01,0.4233122763164255,0.13161505411840452,0.22338834115383424,0.30660694347245826,0.5449429894944807,0.15452507164546425,GEE:S2_SR_HARMONIZED
pn_sierra_nevada_senderismo_la_cebadilla_021,La Cebadilla,senderismo,2021,4,2021-04-01,0.4509435269518348,0.09818998241265182,0.311178467768897,0.37303010259154645,0.5331743428875663,0.11977591701083738,GEE:S2_SR_HARMONIZED
pn_sierra_nevada_senderismo_la_silleta_022,La Silleta,senderismo,2021,4,2021-04-01,0.4076546365983783,0.04643649149744773,0.23573465893321707,0.3025105472006108,0.5215384273647883,0.14303864276949632,GEE:S2_SR_HARMONIZED
pn_sierra_nevada_senderismo_lanjaron_tello_023,Lanjaron - Tello,senderismo,2021,4,2021-04-01,0.5323388882825482,0.14554694417453157,0.3729106986021363,0.46285491369220105,0.6075683243995794,0.09969984072642818,GEE:S2_SR_HARMONIZED
pn_sierra_nevada_senderismo_molinos_de_isfalada_024,Molinos de Isfalada,senderismo,2021,4,2021-04-01,0.4155553342961418,0.09490393969286934,0.22610294213713358,0.2952239572982703,0.5334644345546963,0.16517157008265154,GEE:S2_SR_HARMONIZED
pn_sierra_nevada_senderismo_monterrey_025,Monterrey,senderismo,2021,4,2021-04-01,0.45169831262829024,0.10014904299647634,0.24937457131269353,0.3535507928669577,0.5566742361460324,0.14160167376799734,GEE:S2_SR_HARMONIZED
pn_sierra_nevada_senderismo_puente_palo_026,Puente Palo,senderismo,2021,4,2021-04-01,0.5865178577930393,0.2306952751331724,0.357934948648431,0.5331703673111148,0.6542164602053299,0.09072597066593797,GEE:S2_SR_HARMONIZED
pn_sierra_nevada_senderismo_ragua_hoyos_de_pura_027,Ragua - Hoyos de Pura,senderismo,2021,4,2021-04-01,0.5406662862145565,0.26775061020515983,0.2855730918287516,0.475177337121708,0.6938387237179432,0.19651951100828433,GEE:S2_SR_HARMONIZED
pn_sierra_nevada_senderismo_ragua_lagunilla_seca_028,Ragua - Lagunilla Seca,senderismo,2021,4,2021-04-01,0.42140363423660554,0.11589730590262298,0.22236474324123465,0.3145836321700825,0.5414336643325731,0.14816111959600084,GEE:S2_SR_HARMONIZED
pn_sierra_nevada_senderismo_rio_alhama_029,Río Alhama,senderismo,2021,4,2021-04-01,0.3956021579129537,0.0715153973951006,0.24803323390035031,0.2988050215905515,0.4902794041605726,0.1423666079796584,GEE:S2_SR_HARMONIZED
pn_sierra_nevada_senderismo_rio_bermejo_030,Río Bermejo,senderismo,2021,4,2021-04-01,0.486880912594826,0.13297735453563503,0.2711036448164493,0.3730514169375056,0.6154066758059754,0.15967212547282472,GEE:S2_SR_HARMONIZED
pn_sierra_nevada_senderismo_rio_grande_de_los_berchules_031,Río Grande de los Berchules,senderismo,2021,4,2021-04-01,0.47077142843373637,0.14918199127671153,0.30409740263410806,0.34167385659376515,0.5956742607717662,0.15487850242307225,GEE:S2_SR_HARMONIZED
pn_sierra_nevada_senderismo_trevelez_siete_lagunas_032,Trevélez - Siete Lagunas,senderismo,2021,4,2021-04-01,0.35361236279780806,0.10679727999351622,0.21369353514446476,0.22279426521347195,0.49581042184696567,0.192545859955364,GEE:S2_SR_HARMONIZED
pn_sierra_nevada_senderismo_ubeire_033,Ubeire,senderismo,2021,4,2021-04-01,0.5106520433698607,0.13464406457047193,0.2601247796820063,0.4202497990949247,0.5994388694203254,0.11809029491645295,GEE:S2_SR_HARMONIZED
pn_sierra_nevada_senderismo_sulayr_034,SULAYR,senderismo,2021,4,2021-04-01,0.41042672154677484,0.11098977079284728,0.24942836439792485,0.30079957271589314,0.5116757708633864,0.14742979268108955,GEE:S2_SR_HARMONIZED
pn_sierra_nevada_senderismo_carril_cicloturista_la_zubia_cumbres_verdes_035,CARRIL CICLOTURISTA LA ZUBIA-CUMBRES VERDES,senderismo,2021,4,2021-04-01,0.483942662440298,0.06500199331453409,0.2501965230801679,0.40828585857187344,0.5762019500464142,0.12568091580168864,GEE:S2_SR_HARMONIZED
pn_sierra_nevada_senderismo_dehesa_del_camarate_036,Dehesa del Camarate,senderismo,2021,4,2021-04-01,0.36420658993011307,0.05202035056626552,0.23237064259865822,0.29881759496482396,0.4157534727396874,0.0942774578962607,GEE:S2_SR_HARMONIZED
pn_sierra_nevada_senderismo_pueblos_del_poqueira_037,PUEBLOS DEL POQUEIRA,senderismo,2021,4,2021-04-01,0.5528317369020137,0.1865510004906262,0.3932365001276752,0.49403679550459123,0.670049711442498,0.16853337315374256,GEE:S2_SR_HARMONIZED
pn_sierra_nevada_senderismo_ragua_barranco_del_hornillo_038,Ragua - Barranco del Hornillo,senderismo,2021,4,2021-04-01,0.5881362306183253,0.23299525232415622,0.28718843115003106,0.4780532434558322,0.6891951104338022,0.1300300312574777,GEE:S2_SR_HARMONIZED
pn_sierra_nevada_ciclismo_transnevada_rf_valor_fuente_de_las_primeras_agua_039,Transnevada RF - Valor - Fuente de las Primeras Aguas,ciclismo,2021,4,2021-04-01,0.4088881438682813,0.11173323829577818,0.2271374543154802,0.29481068812991834,0.5254130576060175,0.14553766057500603,GEE:S2_SR_HARMONIZED
pn_sierra_nevada_ciclismo_transnevada_rg_yegen_mecina_bombaron_yegen_040,Transnevada RG - Yegen - Mecina Bombaron - Yegen,ciclismo,2021,4,2021-04-01,0.3450497810931736,0.07057816867902687,0.20427550188462512,0.24030614249035778,0.43136135447031637,0.14464613490614017,GEE:S2_SR_HARMONIZED
pn_sierra_nevada_ciclismo_transnevada_rh_capileira_refugio_poqueira_041,Transnevada RH - Capileira - Refugio Poqueira,ciclismo,2021,4,2021-04-01,0.33624679868444945,0.1012727925630357,0.19288177350519267,0.18944413252397385,0.4821607985479357,0.1896978753997138,GEE:S2_SR_HARMONIZED
pn_sierra_nevada_ciclismo_transnevada_rj_portugos_barranco_bermejo_portugo_042,Transnevada RJ - Portugos - Barranco Bermejo - Portugos,ciclismo,2021,4,2021-04-01,0.41594945329228594,0.11417393319487523,0.2337938409153444,0.2986136806977189,0.5296018014411925,0.1542203629571452,GEE:S2_SR_HARMONIZED
pn_sierra_nevada_ciclismo_transnevada_rk_padre_eterno_ar_puente_palo_padre_043,Transnevada RK - Padre Eterno - AR Puente Palo - Padre Eterno,ciclismo,2021,4,2021-04-01,0.3939860363599203,0.06660019524493559,0.2563504913618196,0.2985127967119245,0.4823063250105823,0.12855909483069555,GEE:S2_SR_HARMONIZED
pn_sierra_nevada_ciclismo_transnevada_rc_abrucena_la_polarda_044,Transnevada RC - Abrucena - La Polarda,ciclismo,2021,4,2021-04-01,0.38561677942246575,0.12660880296839103,0.2299588765043476,0.2871484197769724,0.48632596208032897,0.13042150260453558,GEE:S2_SR_HARMONIZED
pn_sierra_nevada_ciclismo_transnevada_rd_laujar_andarax_loma_raspa_laujar__045,Transnevada RD - Laujar Andarax - Loma Raspa - Laujar Andarax,ciclismo,2021,4,2021-04-01,0.375714065811978,0.10298079400092829,0.2087019873702087,0.24023177367403956,0.5095899304675157,0.17249572601534754,GEE:S2_SR_HARMONIZED
pn_sierra_nevada_ciclismo_transnevada_ri_niguelas_la_rinconada_niguelas_046,Transnevada RI - Niguelas - La Rinconada - Niguelas,ciclismo,2021,4,2021-04-01,0.3291648562068966,0.06064828709875639,0.22239596749106305,0.2441264307408415,0.4043413506811797,0.12391697399994288,GEE:S2_SR_HARMONIZED
pn_sierra_nevada_ciclismo_transnevada_invierno_047,TRANSNEVADA INVIERNO,ciclismo,2021,4,2021-04-01,0.390878419813988,0.10612124529240292,0.23079849734666052,0.2774036120103059,0.5038752613005735,0.1545126190857975,GEE:S2_SR_HARMONIZED
pn_sierra_nevada_ciclismo_transnevada_verano_048,TRANSNEVADA VERANO,ciclismo,2021,4,2021-04-01,0.39500241190313296,0.1105971523245236,0.23348525305169818,0.2773872877810802,0.5117033134678398,0.15697938915330836,GEE:S2_SR_HARMONIZED
pn_sierra_nevada_ciclismo_transnevada_ra_guejar_sierra_pena_partida_049,Transnevada RA - Güejar Sierra - Peña Partida,ciclismo,2021,4,2021-04-01,0.3174114279598945,0.045080840327484564,0.22338812510699263,0.23246898745067704,0.3806508320281131,0.12990977993202027,GEE:S2_SR_HARMONIZED
pn_sierra_nevada_ciclismo_transnevada_rb_lanteira_postero_alto_lanteira_050,Transnevada RB - Lanteira - Postero Alto - Lanteira,ciclismo,2021,4,2021-04-01,0.4310603553490667,0.19158205798688227,0.2538337680853773,0.3221496804157105,0.5487251852317626,0.15109112233044725,GEE:S2_SR_HARMONIZED
pn_sierra_nevada_ciclismo_transnevada_re_bayarcal_laguna_seca_051,Transnevada RE - Bayarcal - Laguna Seca,ciclismo,2021,4,2021-04-01,0.4233122763164255,0.13161505411840452,0.22338834115383424,0.30660694347245826,0.5449429894944807,0.15452507164546425,GEE:S2_SR_HARMONIZED
pn_sierra_nevada_ciclismo_carril_cicloturista_la_zubia_cumbres_verdes_052,CARRIL CICLOTURISTA LA ZUBIA-CUMBRES VERDES,ciclismo,2021,4,2021-04-01,0.483942662440298,0.06500199331453409,0.2501965230801679,0.40828585857187344,0.5762019500464142,0.12568091580168864,GEE:S2_SR_HARMONIZED
pn_sierra_nevada_senderismo_transnevada_rf_valor_fuente_de_las_primeras_agua_000,Transnevada RF - Valor - Fuente de las Primeras Aguas,senderismo,2021,5,2021-05-01,0.44439735385169005,0.13043088838053193,0.2574383402526919,0.33002944651505867,0.5684156582657912,0.15317430375952612,GEE:S2_SR_HARMONIZED
pn_sierra_nevada_senderismo_transnevada_rg_yegen_mecina_bombaron_yegen_001,Transnevada RG - Yegen - Mecina Bombaron - Yegen,senderismo,2021,5,2021-05-01,0.37180316437610683,0.09012971728338655,0.22444553433928127,0.2616731478320929,0.4725187876290266,0.1574704145555584,GEE:S2_SR_HARMONIZED
pn_sierra_nevada_senderismo_transnevada_rh_capileira_refugio_poqueira_002,Transnevada RH - Capileira - Refugio Poqueira,senderismo,2021,5,2021-05-01,0.37441779683174026,0.11498011689897564,0.21316621489303128,0.2284843638390385,0.521405951297369,0.19993816506905984,GEE:S2_SR_HARMONIZED
pn_sierra_nevada_senderismo_transnevada_rj_portugos_barranco_bermejo_portugo_003,Transnevada RJ - Portugos - Barranco Bermejo - Portugos,senderismo,2021,5,2021-05-01,0.4581894662860751,0.14907743876698262,0.26514492080711755,0.33013172515211564,0.584075922856591,0.1778484019719195,GEE:S2_SR_HARMONIZED
pn_sierra_nevada_senderismo_transnevada_rk_padre_eterno_ar_puente_palo_padre_004,Transnevada RK - Padre Eterno - AR Puente Palo - Padre Eterno,senderismo,2021,5,2021-05-01,0.4517017006026907,0.11564864089191156,0.29759961357727965,0.33401485967938155,0.5641955656689092,0.15877671564592966,GEE:S2_SR_HARMONIZED
pn_sierra_nevada_senderismo_transnevada_rc_abrucena_la_polarda_005,Transnevada RC - Abrucena - La Polarda,senderismo,2021,5,2021-05-01,0.40624330978023243,0.11534043064809822,0.2418923512578513,0.2909126849086686,0.5214771305768436,0.14881849107775846,GEE:S2_SR_HARMONIZED
pn_sierra_nevada_senderismo_transnevada_rd_laujar_andarax_loma_raspa_laujar__006,Transnevada RD - Laujar Andarax - Loma Raspa - Laujar Andarax,senderismo,2021,5,2021-05-01,0.36937590787298974,0.09410714217586938,0.22223163687912348,0.24023524142930308,0.49813637026503094,0.17066114979035882,GEE:S2_SR_HARMONIZED
pn_sierra_nevada_senderismo_transnevada_ri_niguelas_la_rinconada_niguelas_007,Transnevada RI - Niguelas - La Rinconada - Niguelas,senderismo,2021,5,2021-05-01,0.38916655397070904,0.09021898105370378,0.2609193593676657,0.2753178195509667,0.4940957690908393,0.15660954529753104,GEE:S2_SR_HARMONIZED
pn_sierra_nevada_senderismo_acequias_del_poqueira_008,Acequias del Poqueira,senderismo,2021,5,2021-05-01,0.49436133880641675,0.1476647797165401,0.3328079661365613,0.3848437097852836,0.6073313960363508,0.1490095383869974,GEE:S2_SR_HARMONIZED
pn_sierra_nevada_senderismo_canal_de_la_espartera_arenales_del_trevenque_009,Canal de la Espartera - Arenales del Trevenque,senderismo,2021,5,2021-05-01,0.417996563093128,0.0813045303897252,0.2552263068999952,0.24428943327510205,0.599441141087238,0.2145423344506528,GEE:S2_SR_HARMONIZED
pn_sierra_nevada_senderismo_cerro_huenes_010,Cerro Huenes,senderismo,2021,5,2021-05-01,0.486731156699776,0.1333735765034803,0.30509856989904444,0.37698528325140856,0.6032304328601492,0.14708634455738234,GEE:S2_SR_HARMONIZED
pn_sierra_nevada_senderismo_el_aguadero_011,El Aguadero,senderismo,2021,5,2021-05-01,0.42671830004105643,0.0991056602741243,0.25521245343502735,0.31830909829285225,0.5411800531719403,0.15223438247081603,GEE:S2_SR_HARMONIZED
pn_sierra_nevada_senderismo_haza_larguilla_012,Haza Larguilla,senderismo,2021,5,2021-05-01,0.3472139793436613,-0.015735162875524962,0.21527371656517627,0.24776486059029898,0.43190118713629266,0.12260528332471403,GEE:S2_SR_HARMONIZED
pn_sierra_nevada_senderismo_hoya_del_portillo_refugio_poqueira_013,Hoya del Portillo - Refugio Poqueira,senderismo,2021,5,2021-05-01,0.3867362956760807,0.0708404858448261,0.2175877910060222,0.27538958658177803,0.4550613129723172,0.17016359820987328,GEE:S2_SR_HARMONIZED
pn_sierra_nevada_senderismo_jerez_del_marquesado_postero_alto_014,Jerez del Marquesado - Postero Alto,senderismo,2021,5,2021-05-01,0.46714684401980605,0.19377575824886098,0.25892857110578843,0.298520759171307,0.6426261709185682,0.19788856883267275,GEE:S2_SR_HARMONIZED
pn_sierra_nevada_senderismo_ragua_aldeire_015,Ragua - Aldeire,senderismo,2021,5,2021-05-01,0.5485371863081763,0.2098386345315267,0.3233939924609571,0.4081545404019248,0.693115646984679,0.17738779272087127,GEE:S2_SR_HARMONIZED
pn_sierra_nevada_senderismo_transnevada_invierno_016,TRANSNEVADA INVIERNO,senderismo,2021,5,2021-05-01,0.42974707929312383,0.12409507154618866,0.261939685709012,0.3007903643567542,0.5508441629263217,0.16888285424621102,GEE:S2_SR_HARMONIZED
pn_sierra_nevada_senderismo_transnevada_verano_017,TRANSNEVADA VERANO,senderismo,2021,5,2021-05-01,0.43467878835386253,0.12813698087003547,0.26545659152590845,0.3086016062605594,0.5664300148231961,0.1713122321772305,GEE:S2_SR_HARMONIZED
pn_sierra_nevada_senderismo_transnevada_ra_guejar_sierra_pena_partida_018,Transnevada RA - Güejar Sierra - Peña Partida,senderismo,2021,5,2021-05-01,0.3832219665586279,0.08045878523360946,0.2668684207877256,0.2869702279647448,0.4667299311717142,0.13983252017796527,GEE:S2_SR_HARMONIZED
pn_sierra_nevada_senderismo_transnevada_rb_lanteira_postero_alto_lanteira_019,Transnevada RB - Lanteira - Postero Alto - Lanteira,senderismo,2021,5,2021-05-01,0.4645106442246022,0.18644553877606068,0.2586980081122916,0.33439334338282517,0.6034180361284753,0.1759908171486866,GEE:S2_SR_HARMONIZED
pn_sierra_nevada_senderismo_transnevada_re_bayarcal_laguna_seca_020,Transnevada RE - Bayarcal - Laguna Seca,senderismo,2021,5,2021-05-01,0.4283597618104943,0.1443008708222701,0.23920431005635795,0.3221845726771829,0.5369697863802921,0.1438260852182346,GEE:S2_SR_HARMONIZED
pn_sierra_nevada_senderismo_la_cebadilla_021,La Cebadilla,senderismo,2021,5,2021-05-01,0.5609759640743568,0.18346600465462262,0.3960777118284715,0.45514267416957027,0.6856084165895793,0.16428641463336513,GEE:S2_SR_HARMONIZED
pn_sierra_nevada_senderismo_la_silleta_022,La Silleta,senderismo,2021,5,2021-05-01,0.40848233280246404,0.03618052382833402,0.2353028750342587,0.2946445539692075,0.5334735577555789,0.15190079202637383,GEE:S2_SR_HARMONIZED
pn_sierra_nevada_senderismo_lanjaron_tello_023,Lanjaron - Tello,senderismo,2021,5,2021-05-01,0.6587648825921759,0.20986204513528994,0.46296991199955273,0.5566043007346961,0.7752491487375415,0.14195893218362213,GEE:S2_SR_HARMONIZED
pn_sierra_nevada_senderismo_molinos_de_isfalada_024,Molinos de Isfalada,senderismo,2021,5,2021-05-01,0.40045474733325015,0.10137966304102604,0.22185688599471892,0.2713634826943001,0.5061296044416678,0.1757895792672156,GEE:S2_SR_HARMONIZED
pn_sierra_nevada_senderismo_monterrey_025,Monterrey,senderismo,2021,5,2021-05-01,0.453728817803339,0.08072040155693362,0.2640382619146015,0.33421776391670704,0.5644079183300461,0.15861948269569087,GEE:S2_SR_HARMONIZED
pn_sierra_nevada_senderismo_puente_palo_026,Puente Palo,senderismo,2021,5,2021-05-01,0.6692871902779163,0.262930586419944,0.39571959304086396,0.6112787446241265,0.7481036664894944,0.11088132264616825,GEE:S2_SR_HARMONIZED
pn_sierra_nevada_senderismo_ragua_hoyos_de_pura_027,Ragua - Hoyos de Pura,senderismo,2021,5,2021-05-01,0.543864757250371,0.24014298011897794,0.29764296957715775,0.4938846937143136,0.6812874604615949,0.18753997641235487,GEE:S2_SR_HARMONIZED
pn_sierra_nevada_senderismo_ragua_lagunilla_seca_028,Ragua - Lagunilla Seca,senderismo,2021,5,2021-05-01,0.4505058263100354,0.14461815365236505,0.2596385146120766,0.3612298656488726,0.5449715006725752,0.12092132005253832,GEE:S2_SR_HARMONIZED
pn_sierra_nevada_senderismo_rio_alhama_029,Río Alhama,senderismo,2021,5,2021-05-01,0.41204769406844566,0.07714103819750476,0.25535643262490054,0.28505977241718516,0.5200146934067881,0.17056529884320773,GEE:S2_SR_HARMONIZED
pn_sierra_nevada_senderismo_rio_bermejo_030,Río Bermejo,senderismo,2021,5,2021-05-01,0.5405093227400114,0.1929859570440124,0.3325418367308533,0.4123683573366349,0.693333828947597,0.2108694997305601,GEE:S2_SR_HARMONIZED
pn_sierra_nevada_senderismo_rio_grande_de_los_berchules_031,Río Grande de los Berchules,senderismo,2021,5,2021-05-01,0.5309330892814159,0.19356422771808157,0.3440340938826091,0.38443743230586563,0.6735415549573528,0.18662034159780713,GEE:S2_SR_HARMONIZED
pn_sierra_nevada_senderismo_trevelez_siete_lagunas_032,Trevélez - Siete Lagunas,senderismo,2021,5,2021-05-01,0.4165925991198391,0.13081819332357927,0.2663385439954787,0.2776518448251234,0.5821563255725648,0.20815249348636422,GEE:S2_SR_HARMONIZED
pn_sierra_nevada_senderismo_ubeire_033,Ubeire,senderismo,2021,5,2021-05-01,0.5328763883580959,0.15894041429849895,0.291636193457343,0.41594719693788745,0.650380463321959,0.14291916705317012,GEE:S2_SR_HARMONIZED
pn_sierra_nevada_senderismo_sulayr_034,SULAYR,senderismo,2021,5,2021-05-01,0.4822884129544753,0.14793688427471782,0.29389532183938627,0.3633313265408912,0.605541304445758,0.16259812909382557,GEE:S2_SR_HARMONIZED
pn_sierra_nevada_senderismo_carril_cicloturista_la_zubia_cumbres_verdes_035,CARRIL CICLOTURISTA LA ZUBIA-CUMBRES VERDES,senderismo,2021,5,2021-05-01,0.461861313858524,0.028660766525863603,0.23919920748946347,0.3812777936052401,0.5563011935588639,0.1284306719981529,GEE:S2_SR_HARMONIZED
pn_sierra_nevada_senderismo_dehesa_del_camarate_036,Dehesa del Camarate,senderismo,2021,5,2021-05-01,0.5227342898786485,0.14538415915198183,0.33790052910625107,0.4399511556196966,0.6033855215352042,0.1208187086950814,GEE:S2_SR_HARMONIZED
pn_sierra_nevada_senderismo_pueblos_del_poqueira_037,PUEBLOS DEL POQUEIRA,senderismo,2021,5,2021-05-01,0.6425912465003651,0.2527330161701826,0.4570361911610254,0.556680765414952,0.7988603690548535,0.21950029736947738,GEE:S2_SR_HARMONIZED
pn_sierra_nevada_senderismo_ragua_barranco_del_hornillo_038,Ragua - Barranco del Hornillo,senderismo,2021,5,2021-05-01,0.5994089393760129,0.22264332532401002,0.30766861233629894,0.5188500682512919,0.6843530068027672,0.11087409715456233,GEE:S2_SR_HARMONIZED
pn_sierra_nevada_ciclismo_transnevada_rf_valor_fuente_de_las_primeras_agua_039,Transnevada RF - Valor - Fuente de las Primeras Aguas,ciclismo,2021,5,2021-05-01,0.44439735385169005,0.13043088838053193,0.2574383402526919,0.33002944651505867,0.5684156582657912,0.15317430375952612,GEE:S2_SR_HARMONIZED
pn_sierra_nevada_ciclismo_transnevada_rg_yegen_mecina_bombaron_yegen_040,Transnevada RG - Yegen - Mecina Bombaron - Yegen,ciclismo,2021,5,2021-05-01,0.37180316437610683,0.09012971728338655,0.22444553433928127,0.2616731478320929,0.4725187876290266,0.1574704145555584,GEE:S2_SR_HARMONIZED
pn_sierra_nevada_ciclismo_transnevada_rh_capileira_refugio_poqueira_041,Transnevada RH - Capileira - Refugio Poqueira,ciclismo,2021,5,2021-05-01,0.37441779683174026,0.11498011689897564,0.21316621489303128,0.2284843638390385,0.521405951297369,0.19993816506905984,GEE:S2_SR_HARMONIZED
pn_sierra_nevada_ciclismo_transnevada_rj_portugos_barranco_bermejo_portugo_042,Transnevada RJ - Portugos - Barranco Bermejo - Portugos,ciclismo,2021,5,2021-05-01,0.4581894662860751,0.14907743876698262,0.26514492080711755,0.33013172515211564,0.584075922856591,0.1778484019719195,GEE:S2_SR_HARMONIZED
pn_sierra_nevada_ciclismo_transnevada_rk_padre_eterno_ar_puente_palo_padre_043,Transnevada RK - Padre Eterno - AR Puente Palo - Padre Eterno,ciclismo,2021,5,2021-05-01,0.4517017006026907,0.11564864089191156,0.29759961357727965,0.33401485967938155,0.5641955656689092,0.15877671564592966,GEE:S2_SR_HARMONIZED
pn_sierra_nevada_ciclismo_transnevada_rc_abrucena_la_polarda_044,Transnevada RC - Abrucena - La Polarda,ciclismo,2021,5,2021-05-01,0.40624330978023243,0.11534043064809822,0.2418923512578513,0.2909126849086686,0.5214771305768436,0.14881849107775846,GEE:S2_SR_HARMONIZED
pn_sierra_nevada_ciclismo_transnevada_rd_laujar_andarax_loma_raspa_laujar__045,Transnevada RD - Laujar Andarax - Loma Raspa - Laujar Andarax,ciclismo,2021,5,2021-05-01,0.36937590787298974,0.09410714217586938,0.22223163687912348,0.24023524142930308,0.49813637026503094,0.17066114979035882,GEE:S2_SR_HARMONIZED
pn_sierra_nevada_ciclismo_transnevada_ri_niguelas_la_rinconada_niguelas_046,Transnevada RI - Niguelas - La Rinconada - Niguelas,ciclismo,2021,5,2021-05-01,0.38916655397070904,0.09021898105370378,0.2609193593676657,0.2753178195509667,0.4940957690908393,0.15660954529753104,GEE:S2_SR_HARMONIZED
pn_sierra_nevada_ciclismo_transnevada_invierno_047,TRANSNEVADA INVIERNO,ciclismo,2021,5,2021-05-01,0.42974707929312383,0.12409507154618866,0.261939685709012,0.3007903643567542,0.5508441629263217,0.16888285424621102,GEE:S2_SR_HARMONIZED
pn_sierra_nevada_ciclismo_transnevada_verano_048,TRANSNEVADA VERANO,ciclismo,2021,5,2021-05-01,0.43467878835386253,0.12813698087003547,0.26545659152590845,0.3086016062605594,0.5664300148231961,0.1713122321772305,GEE:S2_SR_HARMONIZED
pn_sierra_nevada_ciclismo_transnevada_ra_guejar_sierra_pena_partida_049,Transnevada RA - Güejar Sierra - Peña Partida,ciclismo,2021,5,2021-05-01,0.3832219665586279,0.08045878523360946,0.2668684207877256,0.2869702279647448,0.4667299311717142,0.13983252017796527,GEE:S2_SR_HARMONIZED
pn_sierra_nevada_ciclismo_transnevada_rb_lanteira_postero_alto_lanteira_050,Transnevada RB - Lanteira - Postero Alto - Lanteira,ciclismo,2021,5,2021-05-01,0.4645106442246022,0.18644553877606068,0.2586980081122916,0.33439334338282517,0.6034180361284753,0.1759908171486866,GEE:S2_SR_HARMONIZED
pn_sierra_nevada_ciclismo_transnevada_re_bayarcal_laguna_seca_051,Transnevada RE - Bayarcal - Laguna Seca,ciclismo,2021,5,2021-05-01,0.4283597618104943,0.1443008708222701,0.23920431005635795,0.3221845726771829,0.5369697863802921,0.1438260852182346,GEE:S2_SR_HARMONIZED
pn_sierra_nevada_ciclismo_carril_cicloturista_la_zubia_cumbres_verdes_052,CARRIL CICLOTURISTA LA ZUBIA-CUMBRES VERDES,ciclismo,2021,5,2021-05-01,0.461861313858524,0.028660766525863603,0.23919920748946347,0.3812777936052401,0.5563011935588639,0.1284306719981529,GEE:S2_SR_HARMONIZED
pn_sierra_nevada_senderismo_transnevada_rf_valor_fuente_de_las_primeras_agua_000,Transnevada RF - Valor - Fuente de las Primeras Aguas,senderismo,2021,6,2021-06-01,0.46816464674896235,0.15274251886103685,0.26644169747652063,0.326098328249491,0.6150768938562405,0.17844213205968903,GEE:S2_SR_HARMONIZED
pn_sierra_nevada_senderismo_transnevada_rg_yegen_mecina_bombaron_yegen_001,Transnevada RG - Yegen - Mecina Bombaron - Yegen,senderismo,2021,6,2021-06-01,0.39443302479874154,0.10112244383542812,0.2323334387859828,0.26180188537789656,0.5196101122428738,0.17821822309638194,GEE:S2_SR_HARMONIZED
pn_sierra_nevada_senderismo_transnevada_rh_capileira_refugio_poqueira_002,Transnevada RH - Capileira - Refugio Poqueira,senderismo,2021,6,2021-06-01,0.4208887076713704,0.1562140340076029,0.24872082729973705,0.2832004099024801,0.5645165952753572,0.19136907952327908,GEE:S2_SR_HARMONIZED
pn_sierra_nevada_senderismo_transnevada_rj_portugos_barranco_bermejo_portugo_003,Transnevada RJ - Portugos - Barranco Bermejo - Portugos,senderismo,2021,6,2021-06-01,0.48097401809466267,0.17131539107186486,0.29071860099850666,0.34581547429462894,0.6269924905337271,0.18543574429635795,GEE:S2_SR_HARMONIZED
pn_sierra_nevada_senderismo_transnevada_rk_padre_eterno_ar_puente_palo_padre_004,Transnevada RK - Padre Eterno - AR Puente Palo - Padre Eterno,senderismo,2021,6,2021-06-01,0.44328628762171035,0.10670455789149028,0.2903537435692381,0.3066447011522465,0.5645521728587565,0.17819857800338518,GEE:S2_SR_HARMONIZED
pn_sierra_nevada_senderismo_transnevada_rc_abrucena_la_polarda_005,Transnevada RC - Abrucena - La Polarda,senderismo,2021,6,2021-06-01,0.40418747072914457,0.12167943752338747,0.23935404607446628,0.2753739474244343,0.5254750729105722,0.1574353687436544,GEE:S2_SR_HARMONIZED
pn_sierra_nevada_senderismo_transnevada_rd_laujar_andarax_loma_raspa_laujar__006,Transnevada RD - Laujar Andarax - Loma Raspa - Laujar Andarax,senderismo,2021,6,2021-06-01,0.3896309257540036,0.10326495857540369,0.22818838329364768,0.2440084052258345,0.5331883105552927,0.19020925583133477,GEE:S2_SR_HARMONIZED
pn_sierra_nevada_senderismo_transnevada_ri_niguelas_la_rinconada_niguelas_007,Transnevada RI - Niguelas - La Rinconada - Niguelas,senderismo,2021,6,2021-06-01,0.42394792668599107,0.1254846316618457,0.28984319430586775,0.2909168160993594,0.5487538967231942,0.17823343599699099,GEE:S2_SR_HARMONIZED
pn_sierra_nevada_senderismo_acequias_del_poqueira_008,Acequias del Poqueira,senderismo,2021,6,2021-06-01,0.5365693282305016,0.18869664408804734,0.37513862252070657,0.41631440237487666,0.662177962640474,0.16568780739407254,GEE:S2_SR_HARMONIZED
pn_sierra_nevada_senderismo_canal_de_la_espartera_arenales_del_trevenque_009,Canal de la Espartera - Arenales del Trevenque,senderismo,2021,6,2021-06-01,0.4529345049567584,0.09247741101716789,0.273273830250139,0.25429145798362224,0.6596694188637948,0.23900068255513834,GEE:S2_SR_HARMONIZED
pn_sierra_nevada_senderismo_cerro_huenes_010,Cerro Huenes,senderismo,2021,6,2021-06-01,0.5465772801176237,0.14168122324007412,0.31966230577432164,0.4082182334245001,0.6969660382041462,0.17793737076303487,GEE:S2_SR_HARMONIZED
pn_sierra_nevada_senderismo_el_aguadero_011,El Aguadero,senderismo,2021,6,2021-06-01,0.4315024582846812,0.10571330337003502,0.2516760893175529,0.3104438159335481,0.5526916781555816,0.16337739616140778,GEE:S2_SR_HARMONIZED
pn_sierra_nevada_senderismo_haza_larguilla_012,Haza Larguilla,senderismo,2021,6,2021-06-01,0.37364970112387597,-0.012876621819088848,0.21993469656344403,0.240111571091872,0.4743911643075033,0.15263276357225847,GEE:S2_SR_HARMONIZED
pn_sierra_nevada_senderismo_hoya_del_portillo_refugio_poqueira_013,Hoya del Portillo - Refugio Poqueira,senderismo,2021,6,2021-06-01,0.44821034616069183,0.14572292150938335,0.26781990537821954,0.3536253083175178,0.5136064946615225,0.15301337779604104,GEE:S2_SR_HARMONIZED
pn_sierra_nevada_senderismo_jerez_del_marquesado_postero_alto_014,Jerez del Marquesado - Postero Alto,senderismo,2021,6,2021-06-01,0.46473995842992105,0.18358127591410298,0.2578156890245431,0.2755962925448614,0.6583310191658918,0.2157352443888002,GEE:S2_SR_HARMONIZED
pn_sierra_nevada_senderismo_ragua_aldeire_015,Ragua - Aldeire,senderismo,2021,6,2021-06-01,0.5832309680290392,0.24103199667463804,0.35453636562266466,0.43525927922612057,0.7398417205797587,0.1923421622601253,GEE:S2_SR_HARMONIZED
pn_sierra_nevada_senderismo_transnevada_invierno_016,TRANSNEVADA INVIERNO,senderismo,2021,6,2021-06-01,0.4573125692882558,0.14119816061345225,0.2797427167151846,0.31635443775447053,0.5976806945370964,0.18784888428280266,GEE:S2_SR_HARMONIZED
pn_sierra_nevada_senderismo_transnevada_verano_017,TRANSNEVADA VERANO,senderismo,2021,6,2021-06-01,0.4601646933893597,0.14430930059618544,0.2819332699880944,0.3164100907505751,0.605492540549064,0.18935353417827916,GEE:S2_SR_HARMONIZED
pn_sierra_nevada_senderismo_transnevada_ra_guejar_sierra_pena_partida_018,Transnevada RA - Güejar Sierra - Peña Partida,senderismo,2021,6,2021-06-01,0.4030907830801807,0.09572562242435015,0.28067087634080373,0.28717363197029616,0.5020317189946188,0.16215967082875135,GEE:S2_SR_HARMONIZED
pn_sierra_nevada_senderismo_transnevada_rb_lanteira_postero_alto_lanteira_019,Transnevada RB - Lanteira - Postero Alto - Lanteira,senderismo,2021,6,2021-06-01,0.470030035271505,0.17950350952318048,0.2615452218133272,0.32625236798040025,0.622869808300345,0.19211631496197062,GEE:S2_SR_HARMONIZED
pn_sierra_nevada_senderismo_transnevada_re_bayarcal_laguna_seca_020,Transnevada RE - Bayarcal - Laguna Seca,senderismo,2021,6,2021-06-01,0.48009890846698494,0.16636870504993437,0.26244426070838683,0.36146861796792007,0.6151811247394897,0.16946547927771455,GEE:S2_SR_HARMONIZED
pn_sierra_nevada_senderismo_la_cebadilla_021,La Cebadilla,senderismo,2021,6,2021-06-01,0.5728583638958255,0.1938984974764178,0.4083014625194937,0.43560435725078533,0.720335421786349,0.18587772428791258,GEE:S2_SR_HARMONIZED
pn_sierra_nevada_senderismo_la_silleta_022,La Silleta,senderismo,2021,6,2021-06-01,0.4091229251326713,0.012346495646207642,0.22714974405123556,0.2774408081947071,0.5506349291609743,0.1772882680056744,GEE:S2_SR_HARMONIZED
pn_sierra_nevada_senderismo_lanjaron_tello_023,Lanjaron - Tello,senderismo,2021,6,2021-06-01,0.6080890243935567,0.17041132956410038,0.42655736596605104,0.44368156113022394,0.7752989061197358,0.19249165953354586,GEE:S2_SR_HARMONIZED
pn_sierra_nevada_senderismo_molinos_de_isfalada_024,Molinos de Isfalada,senderismo,2021,6,2021-06-01,0.3661175064436986,0.06529782388586138,0.20964011326860438,0.21266689463124971,0.4823923683403898,0.20186322502543982,GEE:S2_SR_HARMONIZED
pn_sierra_nevada_senderismo_monterrey_025,Monterrey,senderismo,2021,6,2021-06-01,0.4654496080520762,0.08945237725028894,0.26115867520008074,0.3419095161225574,0.5799471364063662,0.1678495909682769,GEE:S2_SR_HARMONIZED
pn_sierra_nevada_senderismo_puente_palo_026,Puente Palo,senderismo,2021,6,2021-06-01,0.7018525314772835,0.2905944106197035,0.43499667037111767,0.6466045784109191,0.7794236726299338,0.11706370556383926,GEE:S2_SR_HARMONIZED
pn_sierra_nevada_senderismo_ragua_hoyos_de_pura_027,Ragua - Hoyos de Pura,senderismo,2021,6,2021-06-01,0.5898884876653132,0.2642242202186629,0.3167843484171172,0.5253778133920567,0.7477437485042077,0.20996815855686174,GEE:S2_SR_HARMONIZED
pn_sierra_nevada_senderismo_ragua_lagunilla_seca_028,Ragua - Lagunilla Seca,senderismo,2021,6,2021-06-01,0.5425909748872032,0.22349042998195576,0.323189972358353,0.4627501724982522,0.6384332891786819,0.12051192068086697,GEE:S2_SR_HARMONIZED
pn_sierra_nevada_senderismo_rio_alhama_029,Río Alhama,senderismo,2021,6,2021-06-01,0.37563951579193855,0.0393369261626239,0.23013116318712928,0.2142270340591968,0.5038101938819247,0.20759515494226233,GEE:S2_SR_HARMONIZED
pn_sierra_nevada_senderismo_rio_bermejo_030,Río Bermejo,senderismo,2021,6,2021-06-01,0.549839605056715,0.20942551200475784,0.35417048769699355,0.4186163260030888,0.7072595979149245,0.21608752423342928,GEE:S2_SR_HARMONIZED
pn_sierra_nevada_senderismo_rio_grande_de_los_berchules_031,Río Grande de los Berchules,senderismo,2021,6,2021-06-01,0.522091972184717,0.18477273322516383,0.33058881816759933,0.36910357180674636,0.6777259406225522,0.19059745460343783,GEE:S2_SR_HARMONIZED
pn_sierra_nevada_senderismo_trevelez_siete_lagunas_032,Trevélez - Siete Lagunas,senderismo,2021,6,2021-06-01,0.492270716395659,0.18670672121721685,0.3361613939702116,0.35381252212601644,0.6505331722493243,0.20736028263295003,GEE:S2_SR_HARMONIZED
pn_sierra_nevada_senderismo_ubeire_033,Ubeire,senderismo,2021,6,2021-06-01,0.5441493355538488,0.16712801383989984,0.30689842318981025,0.4160501179026272,0.6773362240016111,0.16375548624759959,GEE:S2_SR_HARMONIZED
pn_sierra_nevada_senderismo_sulayr_034,SULAYR,senderismo,2021,6,2021-06-01,0.5326549956353852,0.19120621149672193,0.3310422457809882,0.4100868234398337,0.6679515973408312,0.17435715411450128,GEE:S2_SR_HARMONIZED
pn_sierra_nevada_senderismo_carril_cicloturista_la_zubia_cumbres_verdes_035,CARRIL CICLOTURISTA LA ZUBIA-CUMBRES VERDES,senderismo,2021,6,2021-06-01,0.4845214383263157,-0.0037074062651198817,0.23521482890991205,0.36537375640444075,0.6154158102559646,0.1689455597315096,GEE:S2_SR_HARMONIZED
pn_sierra_nevada_senderismo_dehesa_del_camarate_036,Dehesa del Camarate,senderismo,2021,6,2021-06-01,0.5859708885383675,0.18983735068658278,0.4013172587849087,0.44714729011785037,0.7319788404088373,0.1740666687187315,GEE:S2_SR_HARMONIZED
pn_sierra_nevada_senderismo_pueblos_del_poqueira_037,PUEBLOS DEL POQUEIRA,senderismo,2021,6,2021-06-01,0.6087539307026247,0.21722729172177538,0.44016589241027804,0.47075069525635327,0.7948240290388513,0.22867610634494856,GEE:S2_SR_HARMONIZED
pn_sierra_nevada_senderismo_ragua_barranco_del_hornillo_038,Ragua - Barranco del Hornillo,senderismo,2021,6,2021-06-01,0.6479771383344688,0.24946833721932987,0.32499042025140357,0.5608175002169191,0.743925686507618,0.12366066952173418,GEE:S2_SR_HARMONIZED
pn_sierra_nevada_ciclismo_transnevada_rf_valor_fuente_de_las_primeras_agua_039,Transnevada RF - Valor - Fuente de las Primeras Aguas,ciclismo,2021,6,2021-06-01,0.46816464674896235,0.15274251886103685,0.26644169747652063,0.326098328249491,0.6150768938562405,0.17844213205968903,GEE:S2_SR_HARMONIZED
pn_sierra_nevada_ciclismo_transnevada_rg_yegen_mecina_bombaron_yegen_040,Transnevada RG - Yegen - Mecina Bombaron - Yegen,ciclismo,2021,6,2021-06-01,0.39443302479874154,0.10112244383542812,0.2323334387859828,0.26180188537789656,0.5196101122428738,0.17821822309638194,GEE:S2_SR_HARMONIZED
pn_sierra_nevada_ciclismo_transnevada_rh_capileira_refugio_poqueira_041,Transnevada RH - Capileira - Refugio Poqueira,ciclismo,2021,6,2021-06-01,0.4208887076713704,0.1562140340076029,0.24872082729973705,0.2832004099024801,0.5645165952753572,0.19136907952327908,GEE:S2_SR_HARMONIZED
pn_sierra_nevada_ciclismo_transnevada_rj_portugos_barranco_bermejo_portugo_042,Transnevada RJ - Portugos - Barranco Bermejo - Portugos,ciclismo,2021,6,2021-06-01,0.48097401809466267,0.17131539107186486,0.29071860099850666,0.34581547429462894,0.6269924905337271,0.18543574429635795,GEE:S2_SR_HARMONIZED
pn_sierra_nevada_ciclismo_transnevada_rk_padre_eterno_ar_puente_palo_padre_043,Transnevada RK - Padre Eterno - AR Puente Palo - Padre Eterno,ciclismo,2021,6,2021-06-01,0.44328628762171035,0.10670455789149028,0.2903537435692381,0.3066447011522465,0.5645521728587565,0.17819857800338518,GEE:S2_SR_HARMONIZED
pn_sierra_nevada_ciclismo_transnevada_rc_abrucena_la_polarda_044,Transnevada RC - Abrucena - La Polarda,ciclismo,2021,6,2021-06-01,0.40418747072914457,0.12167943752338747,0.23935404607446628,0.2753739474244343,0.5254750729105722,0.1574353687436544,GEE:S2_SR_HARMONIZED
pn_sierra_nevada_ciclismo_transnevada_rd_laujar_andarax_loma_raspa_laujar__045,Transnevada RD - Laujar Andarax - Loma Raspa - Laujar Andarax,ciclismo,2021,6,2021-06-01,0.3896309257540036,0.10326495857540369,0.22818838329364768,0.2440084052258345,0.5331883105552927,0.19020925583133477,GEE:S2_SR_HARMONIZED
pn_sierra_nevada_ciclismo_transnevada_ri_niguelas_la_rinconada_niguelas_046,Transnevada RI - Niguelas - La Rinconada - Niguelas,ciclismo,2021,6,2021-06-01,0.42394792668599107,0.1254846316618457,0.28984319430586775,0.2909168160993594,0.5487538967231942,0.17823343599699099,GEE:S2_SR_HARMONIZED
pn_sierra_nevada_ciclismo_transnevada_invierno_047,TRANSNEVADA INVIERNO,ciclismo,2021,6,2021-06-01,0.4573125692882558,0.14119816061345225,0.2797427167151846,0.31635443775447053,0.5976806945370964,0.18784888428280266,GEE:S2_SR_HARMONIZED
pn_sierra_nevada_ciclismo_transnevada_verano_048,TRANSNEVADA VERANO,ciclismo,2021,6,2021-06-01,0.4601646933893597,0.14430930059618544,0.2819332699880944,0.3164100907505751,0.605492540549064,0.18935353417827916,GEE:S2_SR_HARMONIZED
pn_sierra_nevada_ciclismo_transnevada_ra_guejar_sierra_pena_partida_049,Transnevada RA - Güejar Sierra - Peña Partida,ciclismo,2021,6,2021-06-01,0.4030907830801807,0.09572562242435015,0.28067087634080373,0.28717363197029616,0.5020317189946188,0.16215967082875135,GEE:S2_SR_HARMONIZED
pn_sierra_nevada_ciclismo_transnevada_rb_lanteira_postero_alto_lanteira_050,Transnevada RB - Lanteira - Postero Alto - Lanteira,ciclismo,2021,6,2021-06-01,0.470030035271505,0.17950350952318048,0.2615452218133272,0.32625236798040025,0.622869808300345,0.19211631496197062,GEE:S2_SR_HARMONIZED
pn_sierra_nevada_ciclismo_transnevada_re_bayarcal_laguna_seca_051,Transnevada RE - Bayarcal - Laguna Seca,ciclismo,2021,6,2021-06-01,0.48009890846698494,0.16636870504993437,0.26244426070838683,0.36146861796792007,0.6151811247394897,0.16946547927771455,GEE:S2_SR_HARMONIZED
pn_sierra_nevada_ciclismo_carril_cicloturista_la_zubia_cumbres_verdes_052,CARRIL CICLOTURISTA LA ZUBIA-CUMBRES VERDES,ciclismo,2021,6,2021-06-01,0.4845214383263157,-0.0037074062651198817,0.23521482890991205,0.36537375640444075,0.6154158102559646,0.1689455597315096,GEE:S2_SR_HARMONIZED
pn_sierra_nevada_senderismo_transnevada_rf_valor_fuente_de_las_primeras_agua_000,Transnevada RF - Valor - Fuente de las Primeras Aguas,senderismo,2021,7,2021-07-01,0.41155675332194325,0.13182033141375107,0.2424324122782284,0.2482072987313558,0.5684654967574486,0.1874442266746578,GEE:S2_SR_HARMONIZED
pn_sierra_nevada_senderismo_transnevada_rg_yegen_mecina_bombaron_yegen_001,Transnevada RG - Yegen - Mecina Bombaron - Yegen,senderismo,2021,7,2021-07-01,0.33928277637297927,0.08043872736220758,0.2066991029615002,0.20502195778360077,0.451321711632818,0.17537450318968262,GEE:S2_SR_HARMONIZED
pn_sierra_nevada_senderismo_transnevada_rh_capileira_refugio_poqueira_002,Transnevada RH - Capileira - Refugio Poqueira,senderismo,2021,7,2021-07-01,0.365929952427418,0.14299425322279624,0.2259961767843865,0.232515585330821,0.49418149735552236,0.18004571505243078,GEE:S2_SR_HARMONIZED
pn_sierra_nevada_senderismo_transnevada_rj_portugos_barranco_bermejo_portugo_003,Transnevada RJ - Portugos - Barranco Bermejo - Portugos,senderismo,2021,7,2021-07-01,0.42020863093548144,0.1437862366168297,0.26338693501958477,0.3026509005100882,0.5409928548415204,0.154362012865572,GEE:S2_SR_HARMONIZED
pn_sierra_nevada_senderismo_transnevada_rk_padre_eterno_ar_puente_palo_padre_004,Transnevada RK - Padre Eterno - AR Puente Palo - Padre Eterno,senderismo,2021,7,2021-07-01,0.34751472352244356,0.0535851426679772,0.23569338084764566,0.21671728055350223,0.4550426020853654,0.1587373681187029,GEE:S2_SR_HARMONIZED
pn_sierra_nevada_senderismo_transnevada_rc_abrucena_la_polarda_005,Transnevada RC - Abrucena - La Polarda,senderismo,2021,7,2021-07-01,0.3626655934706466,0.11061838311413867,0.2233465099551697,0.24027928184135453,0.4784371232356299,0.1483591747729506,GEE:S2_SR_HARMONIZED
pn_sierra_nevada_senderismo_transnevada_rd_laujar_andarax_loma_raspa_laujar__006,Transnevada RD - Laujar Andarax - Loma Raspa - Laujar Andarax,senderismo,2021,7,2021-07-01,0.3496913110742762,0.08534820411807653,0.2103483463620531,0.21285414919136744,0.4746528910644896,0.1720447955545652,GEE:S2_SR_HARMONIZED
pn_sierra_nevada_senderismo_transnevada_ri_niguelas_la_rinconada_niguelas_007,Transnevada RI - Niguelas - La Rinconada - Niguelas,senderismo,2021,7,2021-07-01,0.3336650834339425,0.08537877140931599,0.24324736326794397,0.23647172229145927,0.4198896468075074,0.13127026074920137,GEE:S2_SR_HARMONIZED
pn_sierra_nevada_senderismo_acequias_del_poqueira_008,Acequias del Poqueira,senderismo,2021,7,2021-07-01,0.4073610152314797,0.12138339042405608,0.28776395473682653,0.28337390677127006,0.5138872660064625,0.165486507554598,GEE:S2_SR_HARMONIZED
pn_sierra_nevada_senderismo_canal_de_la_espartera_arenales_del_trevenque_009,Canal de la Espartera - Arenales del Trevenque,senderismo,2021,7,2021-07-01,0.38072439871651265,0.07037110522769077,0.24084386106666947,0.21672955352468595,0.5485542190821207,0.20259294670560873,GEE:S2_SR_HARMONIZED
pn_sierra_nevada_senderismo_cerro_huenes_010,Cerro Huenes,senderismo,2021,7,2021-07-01,0.46447750103316476,0.12437849776948501,0.2866556823793756,0.33008228101147224,0.5993865675823106,0.1587804880588056,GEE:S2_SR_HARMONIZED
pn_sierra_nevada_senderismo_el_aguadero_011,El Aguadero,senderismo,2021,7,2021-07-01,0.38282807926262796,0.08121752558525604,0.23067944110345462,0.2676120030302481,0.49042668461510536,0.15150171554538358,GEE:S2_SR_HARMONIZED
pn_sierra_nevada_senderismo_haza_larguilla_012,Haza Larguilla,senderismo,2021,7,2021-07-01,0.25936348303811957,-0.05802767937380223,0.1624863714691568,0.19083143744929035,0.31932640423041747,0.08108467753117052,GEE:S2_SR_HARMONIZED
pn_sierra_nevada_senderismo_hoya_del_portillo_refugio_poqueira_013,Hoya del Portillo - Refugio Poqueira,senderismo,2021,7,2021-07-01,0.38684837861963467,0.13168216013382594,0.2411430851723875,0.2870073183450158,0.4278309841544265,0.16116602253358187,GEE:S2_SR_HARMONIZED
pn_sierra_nevada_senderismo_jerez_del_marquesado_postero_alto_014,Jerez del Marquesado - Postero Alto,senderismo,2021,7,2021-07-01,0.41700503586307014,0.17142917876384897,0.23342924982897625,0.24018969271428306,0.595277790021172,0.20593725020382658,GEE:S2_SR_HARMONIZED
pn_sierra_nevada_senderismo_ragua_aldeire_015,Ragua - Aldeire,senderismo,2021,7,2021-07-01,0.49613885768676613,0.20279013759215195,0.304579743033794,0.3104970564369419,0.6974122854774674,0.21196242620693756,GEE:S2_SR_HARMONIZED
pn_sierra_nevada_senderismo_transnevada_invierno_016,TRANSNEVADA INVIERNO,senderismo,2021,7,2021-07-01,0.395118510862366,0.11589475239048729,0.24759171434037788,0.26366700150782085,0.5214907952229043,0.17075369157649994,GEE:S2_SR_HARMONIZED
pn_sierra_nevada_senderismo_transnevada_verano_017,TRANSNEVADA VERANO,senderismo,2021,7,2021-07-01,0.3989564240139973,0.1208660423628265,0.25042524494136803,0.26757143783670545,0.5292321742768555,0.1730945564811883,GEE:S2_SR_HARMONIZED
pn_sierra_nevada_senderismo_transnevada_ra_guejar_sierra_pena_partida_018,Transnevada RA - Güejar Sierra - Peña Partida,senderismo,2021,7,2021-07-01,0.32093615878903586,0.049393559271703094,0.2233724685567205,0.212874748462833,0.40432977453324376,0.1465184970871598,GEE:S2_SR_HARMONIZED
pn_sierra_nevada_senderismo_transnevada_rb_lanteira_postero_alto_lanteira_019,Transnevada RB - Lanteira - Postero Alto - Lanteira,senderismo,2021,7,2021-07-01,0.4319453519543734,0.17391471508484135,0.24445238087587967,0.30259471284517425,0.5644536656305389,0.18245191904509092,GEE:S2_SR_HARMONIZED
pn_sierra_nevada_senderismo_transnevada_re_bayarcal_laguna_seca_020,Transnevada RE - Bayarcal - Laguna Seca,senderismo,2021,7,2021-07-01,0.4435608134373181,0.16534631818678838,0.25180706609466197,0.3066256719286052,0.5840046274397779,0.17137228562654,GEE:S2_SR_HARMONIZED
pn_sierra_nevada_senderismo_la_cebadilla_021,La Cebadilla,senderismo,2021,7,2021-07-01,0.4276009481402359,0.10415006895177535,0.30417321003779946,0.28709200094000314,0.5528650766005013,0.17636351404518627,GEE:S2_SR_HARMONIZED
pn_sierra_nevada_senderismo_la_silleta_022,La Silleta,senderismo,2021,7,2021-07-01,0.33321726850827244,0.0037883994275464965,0.200092814968717,0.23627831194202148,0.43582588213288653,0.12812978005903505,GEE:S2_SR_HARMONIZED
pn_sierra_nevada_senderismo_lanjaron_tello_023,Lanjaron - Tello,senderismo,2021,7,2021-07-01,0.41287039128012337,0.05398016130632824,0.30078300974459227,0.2637342279413855,0.5487438444460491,0.1777235101953781,GEE:S2_SR_HARMONIZED
pn_sierra_nevada_senderismo_molinos_de_isfalada_024,Molinos de Isfalada,senderismo,2021,7,2021-07-01,0.29407619110883304,0.03804182856958184,0.17667821900190137,0.15824100657942114,0.38835711663604805,0.1842332477496751,GEE:S2_SR_HARMONIZED
pn_sierra_nevada_senderismo_monterrey_025,Monterrey,senderismo,2021,7,2021-07-01,0.3910783100590148,0.05533303530754792,0.22953924855963448,0.2835610869832119,0.4748186736999945,0.14555306525911918,GEE:S2_SR_HARMONIZED
pn_sierra_nevada_senderismo_puente_palo_026,Puente Palo,senderismo,2021,7,2021-07-01,0.5919504278966171,0.24986384276150825,0.3874361043532349,0.5213484889365599,0.6779642819721781,0.11853743371477776,GEE:S2_SR_HARMONIZED
pn_sierra_nevada_senderismo_ragua_hoyos_de_pura_027,Ragua - Hoyos de Pura,senderismo,2021,7,2021-07-01,0.5789067579670246,0.27528418911380814,0.3133647268558951,0.47467363826256387,0.7595764794308397,0.21876495439239285,GEE:S2_SR_HARMONIZED
pn_sierra_nevada_senderismo_ragua_lagunilla_seca_028,Ragua - Lagunilla Seca,senderismo,2021,7,2021-07-01,0.46948840225380145,0.20708924849779844,0.2892380569366816,0.36524314545750686,0.5880709569166999,0.1414820391210576,GEE:S2_SR_HARMONIZED
pn_sierra_nevada_senderismo_rio_alhama_029,Río Alhama,senderismo,2021,7,2021-07-01,0.3167400406622338,0.007346500502545206,0.19074572500353495,0.16210412413912612,0.42736856506112203,0.19450878592098708,GEE:S2_SR_HARMONIZED
pn_sierra_nevada_senderismo_rio_bermejo_030,Río Bermejo,senderismo,2021,7,2021-07-01,0.4679621783811985,0.16282297174737817,0.305578445180941,0.34566639232692425,0.6036328533999848,0.1791586815260696,GEE:S2_SR_HARMONIZED
pn_sierra_nevada_senderismo_rio_grande_de_los_berchules_031,Río Grande de los Berchules,senderismo,2021,7,2021-07-01,0.41309727615765135,0.12111105606975962,0.2673334227023625,0.24812094968401036,0.5802011985253713,0.1952566670186022,GEE:S2_SR_HARMONIZED
pn_sierra_nevada_senderismo_trevelez_siete_lagunas_032,Trevélez - Siete Lagunas,senderismo,2021,7,2021-07-01,0.41383130568507137,0.14875842023675745,0.2791100034295516,0.2792613568823252,0.5333808278668117,0.1891858321848367,GEE:S2_SR_HARMONIZED
pn_sierra_nevada_senderismo_ubeire_033,Ubeire,senderismo,2021,7,2021-07-01,0.46587249624926996,0.13483345291747026,0.27020941284647093,0.349470854240595,0.5610901340697576,0.1535206428305566,GEE:S2_SR_HARMONIZED
pn_sierra_nevada_senderismo_sulayr_034,SULAYR,senderismo,2021,7,2021-07-01,0.4548578453026388,0.15911855225376165,0.2890285378072842,0.318334302781655,0.5918297693464343,0.17292310500406716,GEE:S2_SR_HARMONIZED
pn_sierra_nevada_senderismo_carril_cicloturista_la_zubia_cumbres_verdes_035,CARRIL CICLOTURISTA LA ZUBIA-CUMBRES VERDES,senderismo,2021,7,2021-07-01,0.3887657911758883,-0.0033706799256341007,0.20554322684594417,0.3067425514723192,0.47840121081825054,0.12418101571623634,GEE:S2_SR_HARMONIZED
pn_sierra_nevada_senderismo_dehesa_del_camarate_036,Dehesa del Camarate,senderismo,2021,7,2021-07-01,0.4952811746814272,0.12434577813247864,0.3249076290991231,0.3543304176679038,0.6382394076966821,0.17666483209631836,GEE:S2_SR_HARMONIZED
pn_sierra_nevada_senderismo_pueblos_del_poqueira_037,PUEBLOS DEL POQUEIRA,senderismo,2021,7,2021-07-01,0.4688224740636628,0.12882749910453634,0.33980738806192473,0.32195881941194965,0.6267567330602316,0.19472714496833796,GEE:S2_SR_HARMONIZED
pn_sierra_nevada_senderismo_ragua_barranco_del_hornillo_038,Ragua - Barranco del Hornillo,senderismo,2021,7,2021-07-01,0.6287482940164304,0.2672462650351815,0.3188132065747576,0.5054464112111885,0.7520392636920129,0.1502922871206194,GEE:S2_SR_HARMONIZED
pn_sierra_nevada_ciclismo_transnevada_rf_valor_fuente_de_las_primeras_agua_039,Transnevada RF - Valor - Fuente de las Primeras Aguas,ciclismo,2021,7,2021-07-01,0.41155675332194325,0.13182033141375107,0.2424324122782284,0.2482072987313558,0.5684654967574486,0.1874442266746578,GEE:S2_SR_HARMONIZED
pn_sierra_nevada_ciclismo_transnevada_rg_yegen_mecina_bombaron_yegen_040,Transnevada RG - Yegen - Mecina Bombaron - Yegen,ciclismo,2021,7,2021-07-01,0.33928277637297927,0.08043872736220758,0.2066991029615002,0.20502195778360077,0.451321711632818,0.17537450318968262,GEE:S2_SR_HARMONIZED
pn_sierra_nevada_ciclismo_transnevada_rh_capileira_refugio_poqueira_041,Transnevada RH - Capileira - Refugio Poqueira,ciclismo,2021,7,2021-07-01,0.365929952427418,0.14299425322279624,0.2259961767843865,0.232515585330821,0.49418149735552236,0.18004571505243078,GEE:S2_SR_HARMONIZED
pn_sierra_nevada_ciclismo_transnevada_rj_portugos_barranco_bermejo_portugo_042,Transnevada RJ - Portugos - Barranco Bermejo - Portugos,ciclismo,2021,7,2021-07-01,0.42020863093548144,0.1437862366168297,0.26338693501958477,0.3026509005100882,0.5409928548415204,0.154362012865572,GEE:S2_SR_HARMONIZED
pn_sierra_nevada_ciclismo_transnevada_rk_padre_eterno_ar_puente_palo_padre_043,Transnevada RK - Padre Eterno - AR Puente Palo - Padre Eterno,ciclismo,2021,7,2021-07-01,0.34751472352244356,0.0535851426679772,0.23569338084764566,0.21671728055350223,0.4550426020853654,0.1587373681187029,GEE:S2_SR_HARMONIZED
pn_sierra_nevada_ciclismo_transnevada_rc_abrucena_la_polarda_044,Transnevada RC - Abrucena - La Polarda,ciclismo,2021,7,2021-07-01,0.3626655934706466,0.11061838311413867,0.2233465099551697,0.24027928184135453,0.4784371232356299,0.1483591747729506,GEE:S2_SR_HARMONIZED
pn_sierra_nevada_ciclismo_transnevada_rd_laujar_andarax_loma_raspa_laujar__045,Transnevada RD - Laujar Andarax - Loma Raspa - Laujar Andarax,ciclismo,2021,7,2021-07-01,0.3496913110742762,0.08534820411807653,0.2103483463620531,0.21285414919136744,0.4746528910644896,0.1720447955545652,GEE:S2_SR_HARMONIZED
pn_sierra_nevada_ciclismo_transnevada_ri_niguelas_la_rinconada_niguelas_046,Transnevada RI - Niguelas - La Rinconada - Niguelas,ciclismo,2021,7,2021-07-01,0.3336650834339425,0.08537877140931599,0.24324736326794397,0.23647172229145927,0.4198896468075074,0.13127026074920137,GEE:S2_SR_HARMONIZED
pn_sierra_nevada_ciclismo_transnevada_invierno_047,TRANSNEVADA INVIERNO,ciclismo,2021,7,2021-07-01,0.395118510862366,0.11589475239048729,0.24759171434037788,0.26366700150782085,0.5214907952229043,0.17075369157649994,GEE:S2_SR_HARMONIZED
pn_sierra_nevada_ciclismo_transnevada_verano_048,TRANSNEVADA VERANO,ciclismo,2021,7,2021-07-01,0.3989564240139973,0.1208660423628265,0.25042524494136803,0.26757143783670545,0.5292321742768555,0.1730945564811883,GEE:S2_SR_HARMONIZED
pn_sierra_nevada_ciclismo_transnevada_ra_guejar_sierra_pena_partida_049,Transnevada RA - Güejar Sierra - Peña Partida,ciclismo,2021,7,2021-07-01,0.32093615878903586,0.049393559271703094,0.2233724685567205,0.212874748462833,0.40432977453324376,0.1465184970871598,GEE:S2_SR_HARMONIZED
pn_sierra_nevada_ciclismo_transnevada_rb_lanteira_postero_alto_lanteira_050,Transnevada RB - Lanteira - Postero Alto - Lanteira,ciclismo,2021,7,2021-07-01,0.4319453519543734,0.17391471508484135,0.24445238087587967,0.30259471284517425,0.5644536656305389,0.18245191904509092,GEE:S2_SR_HARMONIZED
pn_sierra_nevada_ciclismo_transnevada_re_bayarcal_laguna_seca_051,Transnevada RE - Bayarcal - Laguna Seca,ciclismo,2021,7,2021-07-01,0.4435608134373181,0.16534631818678838,0.25180706609466197,0.3066256719286052,0.5840046274397779,0.17137228562654,GEE:S2_SR_HARMONIZED
pn_sierra_nevada_ciclismo_carril_cicloturista_la_zubia_cumbres_verdes_052,CARRIL CICLOTURISTA LA ZUBIA-CUMBRES VERDES,ciclismo,2021,7,2021-07-01,0.3887657911758883,-0.0033706799256341007,0.20554322684594417,0.3067425514723192,0.47840121081825054,0.12418101571623634,GEE:S2_SR_HARMONIZED
pn_sierra_nevada_senderismo_transnevada_rf_valor_fuente_de_las_primeras_agua_000,Transnevada RF - Valor - Fuente de las Primeras Aguas,senderismo,2021,8,2021-08-01,0.38769445678652675,0.10707195343137649,0.21393333035043502,0.22456659484458152,0.5526458823690528,0.19012686107900842,GEE:S2_SR_HARMONIZED
pn_sierra_nevada_senderismo_transnevada_rg_yegen_mecina_bombaron_yegen_001,Transnevada RG - Yegen - Mecina Bombaron - Yegen,senderismo,2021,8,2021-08-01,0.3123545292747586,0.056001585693278635,0.18057275156722447,0.18147712131801405,0.41986848692133394,0.17234327371846409,GEE:S2_SR_HARMONIZED
pn_sierra_nevada_senderismo_transnevada_rh_capileira_refugio_poqueira_002,Transnevada RH - Capileira - Refugio Poqueira,senderismo,2021,8,2021-08-01,0.33034766391190673,0.12009218030169042,0.19102685449316736,0.19327760560219015,0.46688938963313575,0.1852421123278599,GEE:S2_SR_HARMONIZED
pn_sierra_nevada_senderismo_transnevada_rj_portugos_barranco_bermejo_portugo_003,Transnevada RJ - Portugos - Barranco Bermejo - Portugos,senderismo,2021,8,2021-08-01,0.39780701927333006,0.12903187504382574,0.23186274773121876,0.2714981796609606,0.5214454860349612,0.15874451890456018,GEE:S2_SR_HARMONIZED
pn_sierra_nevada_senderismo_transnevada_rk_padre_eterno_ar_puente_palo_padre_004,Transnevada RK - Padre Eterno - AR Puente Palo - Padre Eterno,senderismo,2021,8,2021-08-01,0.3207049706839763,0.03237498023509732,0.20861778429098102,0.1894771105972798,0.42373589683941665,0.16569764004096219,GEE:S2_SR_HARMONIZED
pn_sierra_nevada_senderismo_transnevada_rc_abrucena_la_polarda_005,Transnevada RC - Abrucena - La Polarda,senderismo,2021,8,2021-08-01,0.3638185640724094,0.1126858501670094,0.21196632716559427,0.2285993941470769,0.4903409482539338,0.16018045029774552,GEE:S2_SR_HARMONIZED
pn_sierra_nevada_senderismo_transnevada_rd_laujar_andarax_loma_raspa_laujar__006,Transnevada RD - Laujar Andarax - Loma Raspa - Laujar Andarax,senderismo,2021,8,2021-08-01,0.33940727933919806,0.07733147329272697,0.19623710083210538,0.20122911871281585,0.46669288704173256,0.17059727796581303,GEE:S2_SR_HARMONIZED
pn_sierra_nevada_senderismo_transnevada_ri_niguelas_la_rinconada_niguelas_007,Transnevada RI - Niguelas - La Rinconada - Niguelas,senderismo,2021,8,2021-08-01,0.29536891006140115,0.0559743001619677,0.20385885786740351,0.20119343241232557,0.3730424244806129,0.12975935698448243,GEE:S2_SR_HARMONIZED
pn_sierra_nevada_senderismo_acequias_del_poqueira_008,Acequias del Poqueira,senderismo,2021,8,2021-08-01,0.3554637413120085,0.08902250913708841,0.2425312335964902,0.22852046614129654,0.4512519096731052,0.1691627611734963,GEE:S2_SR_HARMONIZED
pn_sierra_nevada_senderismo_canal_de_la_espartera_arenales_del_trevenque_009,Canal de la Espartera - Arenales del Trevenque,senderismo,2021,8,2021-08-01,0.35738085665246855,0.05356131619490123,0.21534763338961696,0.19720029782727838,0.5136472501192881,0.1951487095293764,GEE:S2_SR_HARMONIZED
pn_sierra_nevada_senderismo_cerro_huenes_010,Cerro Huenes,senderismo,2021,8,2021-08-01,0.4626447388133104,0.12413758982866603,0.2705861920643508,0.3141998350446176,0.6111383401473419,0.16905588569581448,GEE:S2_SR_HARMONIZED
pn_sierra_nevada_senderismo_el_aguadero_011,El Aguadero,senderismo,2021,8,2021-08-01,0.38311617262321007,0.0821129466783963,0.21796486622619696,0.2598220780198884,0.502022575488948,0.15845463983798344,GEE:S2_SR_HARMONIZED
pn_sierra_nevada_senderismo_haza_larguilla_012,Haza Larguilla,senderismo,2021,8,2021-08-01,0.22866639342184095,-0.08782045175160201,0.13888821018834335,0.17121349529483923,0.2781926821433861,0.07454122755331206,GEE:S2_SR_HARMONIZED
pn_sierra_nevada_senderismo_hoya_del_portillo_refugio_poqueira_013,Hoya del Portillo - Refugio Poqueira,senderismo,2021,8,2021-08-01,0.35288824384561357,0.10590516998920607,0.20579588762357154,0.24799097938668901,0.3928336032038293,0.17214917844985375,GEE:S2_SR_HARMONIZED
pn_sierra_nevada_senderismo_jerez_del_marquesado_postero_alto_014,Jerez del Marquesado - Postero Alto,senderismo,2021,8,2021-08-01,0.40120328058424026,0.16712550045509839,0.22207013677572127,0.23249251453843836,0.5723413734417896,0.19785271867412382,GEE:S2_SR_HARMONIZED
pn_sierra_nevada_senderismo_ragua_aldeire_015,Ragua - Aldeire,senderismo,2021,8,2021-08-01,0.4625010335556433,0.1854698414101203,0.28366027053014053,0.2794855645317917,0.658248822768068,0.20113937969202716,GEE:S2_SR_HARMONIZED
pn_sierra_nevada_senderismo_transnevada_invierno_016,TRANSNEVADA INVIERNO,senderismo,2021,8,2021-08-01,0.3729933565830283,0.0999991049385501,0.22423021563848758,0.2363005709483886,0.5020004921513113,0.17040841783021032,GEE:S2_SR_HARMONIZED
pn_sierra_nevada_senderismo_transnevada_verano_017,TRANSNEVADA VERANO,senderismo,2021,8,2021-08-01,0.37702686563446114,0.10596440266823692,0.22730222282311427,0.24027448079684202,0.5098389170804881,0.1732528461099378,GEE:S2_SR_HARMONIZED
pn_sierra_nevada_senderismo_transnevada_ra_guejar_sierra_pena_partida_018,Transnevada RA - Güejar Sierra - Peña Partida,senderismo,2021,8,2021-08-01,0.2878666994596499,0.027878766904773276,0.1934640615437165,0.18170098393325138,0.3653422192475759,0.13911601244564295,GEE:S2_SR_HARMONIZED
pn_sierra_nevada_senderismo_transnevada_rb_lanteira_postero_alto_lanteira_019,Transnevada RB - Lanteira - Postero Alto - Lanteira,senderismo,2021,8,2021-08-01,0.4149283686261817,0.1751928609575864,0.23475518050898297,0.2988596898407298,0.540904536135669,0.16735863526954242,GEE:S2_SR_HARMONIZED
pn_sierra_nevada_senderismo_transnevada_re_bayarcal_laguna_seca_020,Transnevada RE - Bayarcal - Laguna Seca,senderismo,2021,8,2021-08-01,0.4299421577547765,0.15234744138050618,0.22988292525072504,0.27550452691596333,0.5799593615274774,0.18197775846903647,GEE:S2_SR_HARMONIZED
pn_sierra_nevada_senderismo_la_cebadilla_021,La Cebadilla,senderismo,2021,8,2021-08-01,0.3850226396167853,0.07890454110762751,0.2684811208037567,0.24387038489534346,0.5059153972837217,0.17251287555986783,GEE:S2_SR_HARMONIZED
pn_sierra_nevada_senderismo_la_silleta_022,La Silleta,senderismo,2021,8,2021-08-01,0.3165437483554072,-0.008587254899506932,0.18768999329890912,0.22079803181248006,0.41978288657685686,0.12495009483449027,GEE:S2_SR_HARMONIZED
pn_sierra_nevada_senderismo_lanjaron_tello_023,Lanjaron - Tello,senderismo,2021,8,2021-08-01,0.4009655235589867,0.025925390749495496,0.27037783137008553,0.23665723343292486,0.540456653008518,0.20067728731752368,GEE:S2_SR_HARMONIZED
pn_sierra_nevada_senderismo_molinos_de_isfalada_024,Molinos de Isfalada,senderismo,2021,8,2021-08-01,0.2710576968855643,0.022296006809832992,0.15485246376687292,0.1425266604167537,0.3616384784987796,0.17220400666575691,GEE:S2_SR_HARMONIZED
pn_sierra_nevada_senderismo_monterrey_025,Monterrey,senderismo,2021,8,2021-08-01,0.3929532813981506,0.06069333109724371,0.22356738092859874,0.28298258550900923,0.48638515563322726,0.14808550911291538,GEE:S2_SR_HARMONIZED
pn_sierra_nevada_senderismo_puente_palo_026,Puente Palo,senderismo,2021,8,2021-08-01,0.578606848560091,0.24050261911517964,0.36676226485523056,0.4982733961034844,0.6699384895726629,0.13091925716952116,GEE:S2_SR_HARMONIZED
pn_sierra_nevada_senderismo_ragua_hoyos_de_pura_027,Ragua - Hoyos de Pura,senderismo,2021,8,2021-08-01,0.5336848500146353,0.2720394164093615,0.302213111545497,0.4520532059391429,0.6893737869294668,0.1936905089842601,GEE:S2_SR_HARMONIZED
pn_sierra_nevada_senderismo_ragua_lagunilla_seca_028,Ragua - Lagunilla Seca,senderismo,2021,8,2021-08-01,0.42535519996726484,0.17936137138423355,0.2582326672393079,0.3180157700581452,0.5451274035244839,0.1407062010377816,GEE:S2_SR_HARMONIZED
pn_sierra_nevada_senderismo_rio_alhama_029,Río Alhama,senderismo,2021,8,2021-08-01,0.28573388873576466,-0.006289376727784454,0.17135040897014286,0.15420729407956715,0.3887090875341448,0.1689457104300407,GEE:S2_SR_HARMONIZED
pn_sierra_nevada_senderismo_rio_bermejo_030,Río Bermejo,senderismo,2021,8,2021-08-01,0.45613230992481524,0.15238444951434565,0.2715837573366973,0.3180931309626395,0.5917901697206195,0.18495030568307944,GEE:S2_SR_HARMONIZED
pn_sierra_nevada_senderismo_rio_grande_de_los_berchules_031,Río Grande de los Berchules,senderismo,2021,8,2021-08-01,0.3886740547194263,0.09747785245287843,0.23919921490553558,0.21661440873802063,0.5648842122170323,0.19966787659248636,GEE:S2_SR_HARMONIZED
pn_sierra_nevada_senderismo_trevelez_siete_lagunas_032,Trevélez - Siete Lagunas,senderismo,2021,8,2021-08-01,0.3591213646401335,0.10702424676070459,0.23133239478636802,0.22857429383106995,0.47828728396089154,0.18444272552736102,GEE:S2_SR_HARMONIZED
pn_sierra_nevada_senderismo_ubeire_033,Ubeire,senderismo,2021,8,2021-08-01,0.448698468024993,0.11969086710351923,0.24853643096142833,0.3377532619573003,0.5412833634624931,0.14976800754937666,GEE:S2_SR_HARMONIZED
pn_sierra_nevada_senderismo_sulayr_034,SULAYR,senderismo,2021,8,2021-08-01,0.4191560856248913,0.13509622001257268,0.2561237943696246,0.2793787662922297,0.5605390670382205,0.17479135016278557,GEE:S2_SR_HARMONIZED
pn_sierra_nevada_senderismo_carril_cicloturista_la_zubia_cumbres_verdes_035,CARRIL CICLOTURISTA LA ZUBIA-CUMBRES VERDES,senderismo,2021,8,2021-08-01,0.38355305021509384,0.008772572310105042,0.2018877939811146,0.2948813136278353,0.4746007611991396,0.1288940291267725,GEE:S2_SR_HARMONIZED
pn_sierra_nevada_senderismo_dehesa_del_camarate_036,Dehesa del Camarate,senderismo,2021,8,2021-08-01,0.44379806628883955,0.09973742324630433,0.28511321999675376,0.32631664518476194,0.5721576064393641,0.15293245521976565,GEE:S2_SR_HARMONIZED
pn_sierra_nevada_senderismo_pueblos_del_poqueira_037,PUEBLOS DEL POQUEIRA,senderismo,2021,8,2021-08-01,0.4294256066726182,0.10549710122258901,0.301355831435357,0.28338453933940794,0.5687325980866536,0.18745184853671434,GEE:S2_SR_HARMONIZED
pn_sierra_nevada_senderismo_ragua_barranco_del_hornillo_038,Ragua - Barranco del Hornillo,senderismo,2021,8,2021-08-01,0.5861626202544068,0.27094506926438844,0.3101576132853419,0.4866922577335076,0.6894282251826195,0.13504831454812435,GEE:S2_SR_HARMONIZED
pn_sierra_nevada_ciclismo_transnevada_rf_valor_fuente_de_las_primeras_agua_039,Transnevada RF - Valor - Fuente de las Primeras Aguas,ciclismo,2021,8,2021-08-01,0.38769445678652675,0.10707195343137649,0.21393333035043502,0.22456659484458152,0.5526458823690528,0.19012686107900842,GEE:S2_SR_HARMONIZED
pn_sierra_nevada_ciclismo_transnevada_rg_yegen_mecina_bombaron_yegen_040,Transnevada RG - Yegen - Mecina Bombaron - Yegen,ciclismo,2021,8,2021-08-01,0.3123545292747586,0.056001585693278635,0.18057275156722447,0.18147712131801405,0.41986848692133394,0.17234327371846409,GEE:S2_SR_HARMONIZED
pn_sierra_nevada_ciclismo_transnevada_rh_capileira_refugio_poqueira_041,Transnevada RH - Capileira - Refugio Poqueira,ciclismo,2021,8,2021-08-01,0.33034766391190673,0.12009218030169042,0.19102685449316736,0.19327760560219015,0.46688938963313575,0.1852421123278599,GEE:S2_SR_HARMONIZED
pn_sierra_nevada_ciclismo_transnevada_rj_portugos_barranco_bermejo_portugo_042,Transnevada RJ - Portugos - Barranco Bermejo - Portugos,ciclismo,2021,8,2021-08-01,0.39780701927333006,0.12903187504382574,0.23186274773121876,0.2714981796609606,0.5214454860349612,0.15874451890456018,GEE:S2_SR_HARMONIZED
pn_sierra_nevada_ciclismo_transnevada_rk_padre_eterno_ar_puente_palo_padre_043,Transnevada RK - Padre Eterno - AR Puente Palo - Padre Eterno,ciclismo,2021,8,2021-08-01,0.3207049706839763,0.03237498023509732,0.20861778429098102,0.1894771105972798,0.42373589683941665,0.16569764004096219,GEE:S2_SR_HARMONIZED
pn_sierra_nevada_ciclismo_transnevada_rc_abrucena_la_polarda_044,Transnevada RC - Abrucena - La Polarda,ciclismo,2021,8,2021-08-01,0.3638185640724094,0.1126858501670094,0.21196632716559427,0.2285993941470769,0.4903409482539338,0.16018045029774552,GEE:S2_SR_HARMONIZED
pn_sierra_nevada_ciclismo_transnevada_rd_laujar_andarax_loma_raspa_laujar__045,Transnevada RD - Laujar Andarax - Loma Raspa - Laujar Andarax,ciclismo,2021,8,2021-08-01,0.33940727933919806,0.07733147329272697,0.19623710083210538,0.20122911871281585,0.46669288704173256,0.17059727796581303,GEE:S2_SR_HARMONIZED
pn_sierra_nevada_ciclismo_transnevada_ri_niguelas_la_rinconada_niguelas_046,Transnevada RI - Niguelas - La Rinconada - Niguelas,ciclismo,2021,8,2021-08-01,0.29536891006140115,0.0559743001619677,0.20385885786740351,0.20119343241232557,0.3730424244806129,0.12975935698448243,GEE:S2_SR_HARMONIZED
pn_sierra_nevada_ciclismo_transnevada_invierno_047,TRANSNEVADA INVIERNO,ciclismo,2021,8,2021-08-01,0.3729933565830283,0.0999991049385501,0.22423021563848758,0.2363005709483886,0.5020004921513113,0.17040841783021032,GEE:S2_SR_HARMONIZED
pn_sierra_nevada_ciclismo_transnevada_verano_048,TRANSNEVADA VERANO,ciclismo,2021,8,2021-08-01,0.37702686563446114,0.10596440266823692,0.22730222282311427,0.24027448079684202,0.5098389170804881,0.1732528461099378,GEE:S2_SR_HARMONIZED
pn_sierra_nevada_ciclismo_transnevada_ra_guejar_sierra_pena_partida_049,Transnevada RA - Güejar Sierra - Peña Partida,ciclismo,2021,8,2021-08-01,0.2878666994596499,0.027878766904773276,0.1934640615437165,0.18170098393325138,0.3653422192475759,0.13911601244564295,GEE:S2_SR_HARMONIZED
pn_sierra_nevada_ciclismo_transnevada_rb_lanteira_postero_alto_lanteira_050,Transnevada RB - Lanteira - Postero Alto - Lanteira,ciclismo,2021,8,2021-08-01,0.4149283686261817,0.1751928609575864,0.23475518050898297,0.2988596898407298,0.540904536135669,0.16735863526954242,GEE:S2_SR_HARMONIZED
pn_sierra_nevada_ciclismo_transnevada_re_bayarcal_laguna_seca_051,Transnevada RE - Bayarcal - Laguna Seca,ciclismo,2021,8,2021-08-01,0.4299421577547765,0.15234744138050618,0.22988292525072504,0.27550452691596333,0.5799593615274774,0.18197775846903647,GEE:S2_SR_HARMONIZED
pn_sierra_nevada_ciclismo_carril_cicloturista_la_zubia_cumbres_verdes_052,CARRIL CICLOTURISTA LA ZUBIA-CUMBRES VERDES,ciclismo,2021,8,2021-08-01,0.38355305021509384,0.008772572310105042,0.2018877939811146,0.2948813136278353,0.4746007611991396,0.1288940291267725,GEE:S2_SR_HARMONIZED
pn_sierra_nevada_senderismo_transnevada_rf_valor_fuente_de_las_primeras_agua_000,Transnevada RF - Valor - Fuente de las Primeras Aguas,senderismo,2021,9,2021-09-01,0.3941275468277826,0.09405557334843452,0.20211620252554016,0.2165764711318595,0.5686337485367747,0.20437900011346255,GEE:S2_SR_HARMONIZED
pn_sierra_nevada_senderismo_transnevada_rg_yegen_mecina_bombaron_yegen_001,Transnevada RG - Yegen - Mecina Bombaron - Yegen,senderismo,2021,9,2021-09-01,0.314996954171634,0.04489670856106763,0.17020082145698945,0.16600107999493144,0.435599090152676,0.1906091596466723,GEE:S2_SR_HARMONIZED
pn_sierra_nevada_senderismo_transnevada_rh_capileira_refugio_poqueira_002,Transnevada RH - Capileira - Refugio Poqueira,senderismo,2021,9,2021-09-01,0.3473918574654313,0.11323279133904836,0.18229608133229394,0.18950934810510678,0.5062204827916439,0.21037620235588686,GEE:S2_SR_HARMONIZED
pn_sierra_nevada_senderismo_transnevada_rj_portugos_barranco_bermejo_portugo_003,Transnevada RJ - Portugos - Barranco Bermejo - Portugos,senderismo,2021,9,2021-09-01,0.4113856970127584,0.12039851917297156,0.2156886644354755,0.27151998166213576,0.5487652282574509,0.178173302947564,GEE:S2_SR_HARMONIZED
pn_sierra_nevada_senderismo_transnevada_rk_padre_eterno_ar_puente_palo_padre_004,Transnevada RK - Padre Eterno - AR Puente Palo - Padre Eterno,senderismo,2021,9,2021-09-01,0.32402134278547734,0.019454688289705757,0.19298779434898236,0.17765243185346388,0.4352974095464121,0.18413419464943273,GEE:S2_SR_HARMONIZED
pn_sierra_nevada_senderismo_transnevada_rc_abrucena_la_polarda_005,Transnevada RC - Abrucena - La Polarda,senderismo,2021,9,2021-09-01,0.3937161443525695,0.1371165066986863,0.21143205150759037,0.23632639298313202,0.5448767335693973,0.1808425644084577,GEE:S2_SR_HARMONIZED
pn_sierra_nevada_senderismo_transnevada_rd_laujar_andarax_loma_raspa_laujar__006,Transnevada RD - Laujar Andarax - Loma Raspa - Laujar Andarax,senderismo,2021,9,2021-09-01,0.3573332113442395,0.08334625944896597,0.19359426833533375,0.1972786006433543,0.5136595257163057,0.19135589685289364,GEE:S2_SR_HARMONIZED
pn_sierra_nevada_senderismo_transnevada_ri_niguelas_la_rinconada_niguelas_007,Transnevada RI - Niguelas - La Rinconada - Niguelas,senderismo,2021,9,2021-09-01,0.3081610459960425,0.04673722187069988,0.19254377199646347,0.1972385653726995,0.3926678461019974,0.15227809348251928,GEE:S2_SR_HARMONIZED
pn_sierra_nevada_senderismo_acequias_del_poqueira_008,Acequias del Poqueira,senderismo,2021,9,2021-09-01,0.3593564408898807,0.07302223760400038,0.2275707281664397,0.21679381915205498,0.47468472610272217,0.18918952243215661,GEE:S2_SR_HARMONIZED
pn_sierra_nevada_senderismo_canal_de_la_espartera_arenales_del_trevenque_009,Canal de la Espartera - Arenales del Trevenque,senderismo,2021,9,2021-09-01,0.3852636365311432,0.058214095959027594,0.20861420969580535,0.2010756003327465,0.5757842180337418,0.2216683430342645,GEE:S2_SR_HARMONIZED
pn_sierra_nevada_senderismo_cerro_huenes_010,Cerro Huenes,senderismo,2021,9,2021-09-01,0.5077381921582819,0.15414973757351833,0.2753018797565658,0.34175974109915735,0.677760719388283,0.18761661909778032,GEE:S2_SR_HARMONIZED
pn_sierra_nevada_senderismo_el_aguadero_011,El Aguadero,senderismo,2021,9,2021-09-01,0.4008962829782021,0.09361335918404959,0.2227036166398338,0.260006289405532,0.5408782986139914,0.17260922901371875,GEE:S2_SR_HARMONIZED
pn_sierra_nevada_senderismo_haza_larguilla_012,Haza Larguilla,senderismo,2021,9,2021-09-01,0.23009188716885695,-0.1028640032190438,0.1324202964104314,0.1701427511870861,0.28226254283130253,0.07891218541587748,GEE:S2_SR_HARMONIZED
pn_sierra_nevada_senderismo_hoya_del_portillo_refugio_poqueira_013,Hoya del Portillo - Refugio Poqueira,senderismo,2021,9,2021-09-01,0.36418345990494033,0.10195065264592519,0.20170991591331977,0.24794860304069982,0.404719125887758,0.1892749763653166,GEE:S2_SR_HARMONIZED
pn_sierra_nevada_senderismo_jerez_del_marquesado_postero_alto_014,Jerez del Marquesado - Postero Alto,senderismo,2021,9,2021-09-01,0.4267970719100843,0.17753565834173257,0.21895454900415537,0.2366836035249254,0.6151884324034453,0.21428674611487575,GEE:S2_SR_HARMONIZED
pn_sierra_nevada_senderismo_ragua_aldeire_015,Ragua - Aldeire,senderismo,2021,9,2021-09-01,0.5007718485055505,0.19648965207745644,0.28521100639079894,0.2910442824075078,0.7288306517576528,0.22948804840899584,GEE:S2_SR_HARMONIZED
pn_sierra_nevada_senderismo_transnevada_invierno_016,TRANSNEVADA INVIERNO,senderismo,2021,9,2021-09-01,0.39572165182063757,0.10386118970788069,0.21895662343380468,0.23633867323957614,0.5488546625208129,0.1921627263008514,GEE:S2_SR_HARMONIZED
pn_sierra_nevada_senderismo_transnevada_verano_017,TRANSNEVADA VERANO,senderismo,2021,9,2021-09-01,0.40124677937447534,0.110450672846401,0.22201474586839623,0.24023751322943862,0.5605119508900593,0.19578504647383324,GEE:S2_SR_HARMONIZED
pn_sierra_nevada_senderismo_transnevada_ra_guejar_sierra_pena_partida_018,Transnevada RA - Güejar Sierra - Peña Partida,senderismo,2021,9,2021-09-01,0.3028372078870866,0.019841246962358013,0.18846465344940622,0.17774619314418522,0.40039417297203284,0.16005267342965318,GEE:S2_SR_HARMONIZED
pn_sierra_nevada_senderismo_transnevada_rb_lanteira_postero_alto_lanteira_019,Transnevada RB - Lanteira - Postero Alto - Lanteira,senderismo,2021,9,2021-09-01,0.45077313939806535,0.19528548473994997,0.23554113024019405,0.32246010944285347,0.5918964946726414,0.18439292078638267,GEE:S2_SR_HARMONIZED
pn_sierra_nevada_senderismo_transnevada_re_bayarcal_laguna_seca_020,Transnevada RE - Bayarcal - Laguna Seca,senderismo,2021,9,2021-09-01,0.4447313926751858,0.151009481148873,0.22290243224605627,0.27536306321024523,0.6114173945517515,0.19568921746697387,GEE:S2_SR_HARMONIZED
pn_sierra_nevada_senderismo_la_cebadilla_021,La Cebadilla,senderismo,2021,9,2021-09-01,0.39697201764283296,0.06152956880439381,0.25127020774673825,0.23648045256971967,0.5370774580649315,0.1963004792876287,GEE:S2_SR_HARMONIZED
pn_sierra_nevada_senderismo_la_silleta_022,La Silleta,senderismo,2021,9,2021-09-01,0.3544201206988816,0.004427112624056396,0.19252462718991065,0.22861417956894708,0.48650637451094264,0.16092774937497212,GEE:S2_SR_HARMONIZED
pn_sierra_nevada_senderismo_lanjaron_tello_023,Lanjaron - Tello,senderismo,2021,9,2021-09-01,0.39249606329214465,0.005525245591672103,0.24505264473900487,0.22494005835854117,0.5370192798244164,0.1986805609969536,GEE:S2_SR_HARMONIZED
pn_sierra_nevada_senderismo_molinos_de_isfalada_024,Molinos de Isfalada,senderismo,2021,9,2021-09-01,0.28470089156525963,0.025589851342946366,0.15470497255940127,0.14635947689911044,0.3921597887559586,0.18353085665783317,GEE:S2_SR_HARMONIZED
pn_sierra_nevada_senderismo_monterrey_025,Monterrey,senderismo,2021,9,2021-09-01,0.42519078910217256,0.07692319736862706,0.2262312993972414,0.29935895161679826,0.5409339745274689,0.16122739611705464,GEE:S2_SR_HARMONIZED
pn_sierra_nevada_senderismo_puente_palo_026,Puente Palo,senderismo,2021,9,2021-09-01,0.6106268157807878,0.25854162947396264,0.35299850338907296,0.5250407758465198,0.7167354100132487,0.13993152866567862,GEE:S2_SR_HARMONIZED
pn_sierra_nevada_senderismo_ragua_hoyos_de_pura_027,Ragua - Hoyos de Pura,senderismo,2021,9,2021-09-01,0.5832387785349133,0.2831393288971726,0.29391632313148364,0.4939876852530829,0.7560786383220419,0.22434943318303938,GEE:S2_SR_HARMONIZED
pn_sierra_nevada_senderismo_ragua_lagunilla_seca_028,Ragua - Lagunilla Seca,senderismo,2021,9,2021-09-01,0.4608183301811072,0.17680409516739634,0.25271522465906954,0.3338866619215522,0.6073372592210367,0.17054939254961787,GEE:S2_SR_HARMONIZED
pn_sierra_nevada_senderismo_rio_alhama_029,Río Alhama,senderismo,2021,9,2021-09-01,0.3121167577206401,-0.012338383686831024,0.16801314630788722,0.14624547102112476,0.43511780567553526,0.20673177198907805,GEE:S2_SR_HARMONIZED
pn_sierra_nevada_senderismo_rio_bermejo_030,Río Bermejo,senderismo,2021,9,2021-09-01,0.4715852120927513,0.15067047653287186,0.2630268444830207,0.3185092923764808,0.6189279878717042,0.19682108671060822,GEE:S2_SR_HARMONIZED
pn_sierra_nevada_senderismo_rio_grande_de_los_berchules_031,Río Grande de los Berchules,senderismo,2021,9,2021-09-01,0.3875549901597227,0.0959408587086386,0.2336512220450816,0.200975786930225,0.5719742170606669,0.21016697491323935,GEE:S2_SR_HARMONIZED
pn_sierra_nevada_senderismo_trevelez_siete_lagunas_032,Trevélez - Siete Lagunas,senderismo,2021,9,2021-09-01,0.3607779222409277,0.08434294977128398,0.21365005831422715,0.224616712778577,0.4861628483066812,0.19381841540670008,GEE:S2_SR_HARMONIZED
pn_sierra_nevada_senderismo_ubeire_033,Ubeire,senderismo,2021,9,2021-09-01,0.482769825409131,0.13357358458671256,0.25444156544982555,0.3727467254888307,0.5719052674622167,0.14980040634544975,GEE:S2_SR_HARMONIZED
pn_sierra_nevada_senderismo_sulayr_034,SULAYR,senderismo,2021,9,2021-09-01,0.4391331648277742,0.1345554094669021,0.24749297561000322,0.27533792945406504,0.6074030357223749,0.19674354518203002,GEE:S2_SR_HARMONIZED
pn_sierra_nevada_senderismo_carril_cicloturista_la_zubia_cumbres_verdes_035,CARRIL CICLOTURISTA LA ZUBIA-CUMBRES VERDES,senderismo,2021,9,2021-09-01,0.46199768453655377,0.05591912037101123,0.22491884191893632,0.3655442101591031,0.5760722596732699,0.1565824952038267,GEE:S2_SR_HARMONIZED
pn_sierra_nevada_senderismo_dehesa_del_camarate_036,Dehesa del Camarate,senderismo,2021,9,2021-09-01,0.4789505960538669,0.09105704793306141,0.2786881738122092,0.3261103306731626,0.642224586093845,0.19129214642481182,GEE:S2_SR_HARMONIZED
pn_sierra_nevada_senderismo_pueblos_del_poqueira_037,PUEBLOS DEL POQUEIRA,senderismo,2021,9,2021-09-01,0.4459422535208236,0.08830930020318878,0.28004670017147265,0.27534722949128937,0.6155618535894489,0.20975258665673252,GEE:S2_SR_HARMONIZED
pn_sierra_nevada_senderismo_ragua_barranco_del_hornillo_038,Ragua - Barranco del Hornillo,senderismo,2021,9,2021-09-01,0.6488119176613599,0.2864905107838684,0.30699424813853016,0.5254871018611602,0.7713149503793522,0.1643135127296519,GEE:S2_SR_HARMONIZED
pn_sierra_nevada_ciclismo_transnevada_rf_valor_fuente_de_las_primeras_agua_039,Transnevada RF - Valor - Fuente de las Primeras Aguas,ciclismo,2021,9,2021-09-01,0.3941275468277826,0.09405557334843452,0.20211620252554016,0.2165764711318595,0.5686337485367747,0.20437900011346255,GEE:S2_SR_HARMONIZED
pn_sierra_nevada_ciclismo_transnevada_rg_yegen_mecina_bombaron_yegen_040,Transnevada RG - Yegen - Mecina Bombaron - Yegen,ciclismo,2021,9,2021-09-01,0.314996954171634,0.04489670856106763,0.17020082145698945,0.16600107999493144,0.435599090152676,0.1906091596466723,GEE:S2_SR_HARMONIZED
pn_sierra_nevada_ciclismo_transnevada_rh_capileira_refugio_poqueira_041,Transnevada RH - Capileira - Refugio Poqueira,ciclismo,2021,9,2021-09-01,0.3473918574654313,0.11323279133904836,0.18229608133229394,0.18950934810510678,0.5062204827916439,0.21037620235588686,GEE:S2_SR_HARMONIZED
pn_sierra_nevada_ciclismo_transnevada_rj_portugos_barranco_bermejo_portugo_042,Transnevada RJ - Portugos - Barranco Bermejo - Portugos,ciclismo,2021,9,2021-09-01,0.4113856970127584,0.12039851917297156,0.2156886644354755,0.27151998166213576,0.5487652282574509,0.178173302947564,GEE:S2_SR_HARMONIZED
pn_sierra_nevada_ciclismo_transnevada_rk_padre_eterno_ar_puente_palo_padre_043,Transnevada RK - Padre Eterno - AR Puente Palo - Padre Eterno,ciclismo,2021,9,2021-09-01,0.32402134278547734,0.019454688289705757,0.19298779434898236,0.17765243185346388,0.4352974095464121,0.18413419464943273,GEE:S2_SR_HARMONIZED
pn_sierra_nevada_ciclismo_transnevada_rc_abrucena_la_polarda_044,Transnevada RC - Abrucena - La Polarda,ciclismo,2021,9,2021-09-01,0.3937161443525695,0.1371165066986863,0.21143205150759037,0.23632639298313202,0.5448767335693973,0.1808425644084577,GEE:S2_SR_HARMONIZED
pn_sierra_nevada_ciclismo_transnevada_rd_laujar_andarax_loma_raspa_laujar__045,Transnevada RD - Laujar Andarax - Loma Raspa - Laujar Andarax,ciclismo,2021,9,2021-09-01,0.3573332113442395,0.08334625944896597,0.19359426833533375,0.1972786006433543,0.5136595257163057,0.19135589685289364,GEE:S2_SR_HARMONIZED
pn_sierra_nevada_ciclismo_transnevada_ri_niguelas_la_rinconada_niguelas_046,Transnevada RI - Niguelas - La Rinconada - Niguelas,ciclismo,2021,9,2021-09-01,0.3081610459960425,0.04673722187069988,0.19254377199646347,0.1972385653726995,0.3926678461019974,0.15227809348251928,GEE:S2_SR_HARMONIZED
pn_sierra_nevada_ciclismo_transnevada_invierno_047,TRANSNEVADA INVIERNO,ciclismo,2021,9,2021-09-01,0.39572165182063757,0.10386118970788069,0.21895662343380468,0.23633867323957614,0.5488546625208129,0.1921627263008514,GEE:S2_SR_HARMONIZED
pn_sierra_nevada_ciclismo_transnevada_verano_048,TRANSNEVADA VERANO,ciclismo,2021,9,2021-09-01,0.40124677937447534,0.110450672846401,0.22201474586839623,0.24023751322943862,0.5605119508900593,0.19578504647383324,GEE:S2_SR_HARMONIZED
pn_sierra_nevada_ciclismo_transnevada_ra_guejar_sierra_pena_partida_049,Transnevada RA - Güejar Sierra - Peña Partida,ciclismo,2021,9,2021-09-01,0.3028372078870866,0.019841246962358013,0.18846465344940622,0.17774619314418522,0.40039417297203284,0.16005267342965318,GEE:S2_SR_HARMONIZED
pn_sierra_nevada_ciclismo_transnevada_rb_lanteira_postero_alto_lanteira_050,Transnevada RB - Lanteira - Postero Alto - Lanteira,ciclismo,2021,9,2021-09-01,0.45077313939806535,0.19528548473994997,0.23554113024019405,0.32246010944285347,0.5918964946726414,0.18439292078638267,GEE:S2_SR_HARMONIZED
pn_sierra_nevada_ciclismo_transnevada_re_bayarcal_laguna_seca_051,Transnevada RE - Bayarcal - Laguna Seca,ciclismo,2021,9,2021-09-01,0.4447313926751858,0.151009481148873,0.22290243224605627,0.27536306321024523,0.6114173945517515,0.19568921746697387,GEE:S2_SR_HARMONIZED
pn_sierra_nevada_ciclismo_carril_cicloturista_la_zubia_cumbres_verdes_052,CARRIL CICLOTURISTA LA ZUBIA-CUMBRES VERDES,ciclismo,2021,9,2021-09-01,0.46199768453655377,0.05591912037101123,0.22491884191893632,0.3655442101591031,0.5760722596732699,0.1565824952038267,GEE:S2_SR_HARMONIZED
pn_sierra_nevada_senderismo_transnevada_rf_valor_fuente_de_las_primeras_agua_000,Transnevada RF - Valor - Fuente de las Primeras Aguas,senderismo,2021,10,2021-10-01,0.43687264569452333,0.10611351849195243,0.1963591285274419,0.2364917097428124,0.6426878713073305,0.22921987189719228,GEE:S2_SR_HARMONIZED
pn_sierra_nevada_senderismo_transnevada_rg_yegen_mecina_bombaron_yegen_001,Transnevada RG - Yegen - Mecina Bombaron - Yegen,senderismo,2021,10,2021-10-01,0.3538850879560092,0.05165669894023727,0.1664788185400441,0.18363103675293196,0.5039305376364335,0.21879516397845078,GEE:S2_SR_HARMONIZED
pn_sierra_nevada_senderismo_transnevada_rh_capileira_refugio_poqueira_002,Transnevada RH - Capileira - Refugio Poqueira,senderismo,2021,10,2021-10-01,0.3774344184410836,0.12073828821112506,0.17907251541063154,0.20118831805793283,0.5647283592493885,0.23550003428592436,GEE:S2_SR_HARMONIZED
pn_sierra_nevada_senderismo_transnevada_rj_portugos_barranco_bermejo_portugo_003,Transnevada RJ - Portugos - Barranco Bermejo - Portugos,senderismo,2021,10,2021-10-01,0.4409495365736139,0.12544720679231236,0.20627680169480075,0.2869796805861948,0.5916979655993113,0.19542274356766157,GEE:S2_SR_HARMONIZED
pn_sierra_nevada_senderismo_transnevada_rk_padre_eterno_ar_puente_palo_padre_004,Transnevada RK - Padre Eterno - AR Puente Palo - Padre Eterno,senderismo,2021,10,2021-10-01,0.34565572560581814,0.02069206970122634,0.18073775966376324,0.18170648686656626,0.4745683854217749,0.2059421228946133,GEE:S2_SR_HARMONIZED
pn_sierra_nevada_senderismo_transnevada_rc_abrucena_la_polarda_005,Transnevada RC - Abrucena - La Polarda,senderismo,2021,10,2021-10-01,0.4514624676332171,0.1533075514630973,0.21426056411556915,0.2596339778380147,0.6389228278724904,0.21372682667300952,GEE:S2_SR_HARMONIZED
pn_sierra_nevada_senderismo_transnevada_rd_laujar_andarax_loma_raspa_laujar__006,Transnevada RD - Laujar Andarax - Loma Raspa - Laujar Andarax,senderismo,2021,10,2021-10-01,0.3915267364244624,0.09554249800734406,0.18753152462309866,0.20517579174410125,0.5760423418650411,0.2166340565569121,GEE:S2_SR_HARMONIZED
pn_sierra_nevada_senderismo_transnevada_ri_niguelas_la_rinconada_niguelas_007,Transnevada RI - Niguelas - La Rinconada - Niguelas,senderismo,2021,10,2021-10-01,0.3311587168169498,0.05102644998085896,0.18532211247162228,0.19920144137124737,0.43344481706847376,0.1729178785986543,GEE:S2_SR_HARMONIZED
pn_sierra_nevada_senderismo_acequias_del_poqueira_008,Acequias del Poqueira,senderismo,2021,10,2021-10-01,0.3883510663835462,0.07077312733470907,0.21607092546641288,0.22834263536473817,0.521477048585175,0.21446468387151535,GEE:S2_SR_HARMONIZED
pn_sierra_nevada_senderismo_canal_de_la_espartera_arenales_del_trevenque_009,Canal de la Espartera - Arenales del Trevenque,senderismo,2021,10,2021-10-01,0.4187513161510018,0.08076765517423266,0.20563904433499783,0.2089397464166927,0.6388946888179297,0.24088523125325179,GEE:S2_SR_HARMONIZED
pn_sierra_nevada_senderismo_cerro_huenes_010,Cerro Huenes,senderismo,2021,10,2021-10-01,0.5796118859091154,0.1952673323810941,0.2788648458460833,0.4044246366213832,0.767716844408032,0.21033298054001215,GEE:S2_SR_HARMONIZED
pn_sierra_nevada_senderismo_el_aguadero_011,El Aguadero,senderismo,2021,10,2021-10-01,0.4457013945075424,0.11134661140952992,0.21407898129535133,0.2753984016915507,0.6153626505046565,0.1992458270929984,GEE:S2_SR_HARMONIZED
pn_sierra_nevada_senderismo_haza_larguilla_012,Haza Larguilla,senderismo,2021,10,2021-10-01,0.24097428598089018,-0.09617879576093903,0.1293900948293396,0.17758204654241222,0.3024180998810294,0.09112976087887854,GEE:S2_SR_HARMONIZED
pn_sierra_nevada_senderismo_hoya_del_portillo_refugio_poqueira_013,Hoya del Portillo - Refugio Poqueira,senderismo,2021,10,2021-10-01,0.4073047361219347,0.11542173886213539,0.2000994250198627,0.27531364079653725,0.4592120234499272,0.20929148562757502,GEE:S2_SR_HARMONIZED
pn_sierra_nevada_senderismo_jerez_del_marquesado_postero_alto_014,Jerez del Marquesado - Postero Alto,senderismo,2021,10,2021-10-01,0.48047944828786615,0.20133655533657288,0.21752453003306102,0.25976445087049305,0.6970106458887284,0.24372390240437225,GEE:S2_SR_HARMONIZED
pn_sierra_nevada_senderismo_ragua_aldeire_015,Ragua - Aldeire,senderismo,2021,10,2021-10-01,0.5400625380388621,0.21548351708394728,0.28139789621176153,0.31465475558420347,0.7752233184206216,0.23807854304817103,GEE:S2_SR_HARMONIZED
pn_sierra_nevada_senderismo_transnevada_invierno_016,TRANSNEVADA INVIERNO,senderismo,2021,10,2021-10-01,0.44028155723182527,0.11814086555882995,0.21381651657046202,0.2538298279873059,0.6289430274150273,0.22066689560672834,GEE:S2_SR_HARMONIZED
pn_sierra_nevada_senderismo_transnevada_verano_017,TRANSNEVADA VERANO,senderismo,2021,10,2021-10-01,0.446419236528827,0.12572549462538044,0.21736956181421094,0.2538308391588071,0.6367739491383888,0.22322851089650775,GEE:S2_SR_HARMONIZED
pn_sierra_nevada_senderismo_transnevada_ra_guejar_sierra_pena_partida_018,Transnevada RA - Güejar Sierra - Peña Partida,senderismo,2021,10,2021-10-01,0.32756347296873833,0.03155672718262896,0.186688715295677,0.19333610766561618,0.44335518238318133,0.17140855487698253,GEE:S2_SR_HARMONIZED
pn_sierra_nevada_senderismo_transnevada_rb_lanteira_postero_alto_lanteira_019,Transnevada RB - Lanteira - Postero Alto - Lanteira,senderismo,2021,10,2021-10-01,0.5249630964672702,0.2292880912999991,0.23611193584897655,0.3709827267223941,0.6991281364519156,0.21548367307620367,GEE:S2_SR_HARMONIZED
pn_sierra_nevada_senderismo_transnevada_re_bayarcal_laguna_seca_020,Transnevada RE - Bayarcal - Laguna Seca,senderismo,2021,10,2021-10-01,0.49574450082750127,0.1687236419659946,0.21649064433900325,0.30658488620583485,0.6857850458372012,0.22082970221407536,GEE:S2_SR_HARMONIZED
pn_sierra_nevada_senderismo_la_cebadilla_021,La Cebadilla,senderismo,2021,10,2021-10-01,0.4257315939973705,0.05569251077547596,0.23489052835255617,0.23820200512247802,0.6052795780174326,0.21954675668365706,GEE:S2_SR_HARMONIZED
pn_sierra_nevada_senderismo_la_silleta_022,La Silleta,senderismo,2021,10,2021-10-01,0.4068404197809289,0.024555076237686636,0.19046228150753225,0.2402512523215372,0.5802020099880617,0.1980505639475735,GEE:S2_SR_HARMONIZED
pn_sierra_nevada_senderismo_lanjaron_tello_023,Lanjaron - Tello,senderismo,2021,10,2021-10-01,0.4200963561941972,-0.008122442630734238,0.2285983718540784,0.23231789294462832,0.5922115638908492,0.21916578329588238,GEE:S2_SR_HARMONIZED
pn_sierra_nevada_senderismo_molinos_de_isfalada_024,Molinos de Isfalada,senderismo,2021,10,2021-10-01,0.3363153877037858,0.0441915536795719,0.15944028833214646,0.16982081625578133,0.48645933619745535,0.2120604239436565,GEE:S2_SR_HARMONIZED
pn_sierra_nevada_senderismo_monterrey_025,Monterrey,senderismo,2021,10,2021-10-01,0.4761137953223619,0.09843003974373074,0.22607706990762072,0.3253865744948123,0.6193707969499044,0.1827402685437389,GEE:S2_SR_HARMONIZED
pn_sierra_nevada_senderismo_puente_palo_026,Puente Palo,senderismo,2021,10,2021-10-01,0.6788398384912204,0.2792317762675636,0.32341618998971766,0.5916521006829377,0.7988057447643083,0.15451651757904244,GEE:S2_SR_HARMONIZED
pn_sierra_nevada_senderismo_ragua_hoyos_de_pura_027,Ragua - Hoyos de Pura,senderismo,2021,10,2021-10-01,0.6242252874288692,0.30264760455999523,0.28815016058417614,0.5422410368919373,0.8029142368568322,0.23460488503184207,GEE:S2_SR_HARMONIZED
pn_sierra_nevada_senderismo_ragua_lagunilla_seca_028,Ragua - Lagunilla Seca,senderismo,2021,10,2021-10-01,0.4995994416621599,0.19483059550986606,0.25007326016181625,0.35741909170155317,0.6813598448916535,0.1887188304685042,GEE:S2_SR_HARMONIZED
pn_sierra_nevada_senderismo_rio_alhama_029,Río Alhama,senderismo,2021,10,2021-10-01,0.34035736585561466,-0.0020262534959525533,0.15882026465038684,0.14650439804600823,0.4900443486371654,0.2331392123267886,GEE:S2_SR_HARMONIZED
pn_sierra_nevada_senderismo_rio_bermejo_030,Río Bermejo,senderismo,2021,10,2021-10-01,0.4931299490696503,0.1479122601672562,0.2440245747721899,0.32591008732267673,0.6545480989956818,0.21069929167298265,GEE:S2_SR_HARMONIZED
pn_sierra_nevada_senderismo_rio_grande_de_los_berchules_031,Río Grande de los Berchules,senderismo,2021,10,2021-10-01,0.45142213507604223,0.10258885472106342,0.22195494684767192,0.22063099909615652,0.704952589852792,0.25792480102563503,GEE:S2_SR_HARMONIZED
pn_sierra_nevada_senderismo_trevelez_siete_lagunas_032,Trevélez - Siete Lagunas,senderismo,2021,10,2021-10-01,0.37034461183013384,0.07453981894637304,0.2000469871352411,0.23252866992050336,0.48967206902481303,0.19576002036342804,GEE:S2_SR_HARMONIZED
pn_sierra_nevada_senderismo_ubeire_033,Ubeire,senderismo,2021,10,2021-10-01,0.5633407133194551,0.1523155893418456,0.25122909620662864,0.44717636168809816,0.6778999869256924,0.15873200993847225,GEE:S2_SR_HARMONIZED
pn_sierra_nevada_senderismo_sulayr_034,SULAYR,senderismo,2021,10,2021-10-01,0.47928435455188984,0.1441597168434482,0.2387124482091835,0.2929033652906028,0.6757892008775933,0.22056916903920692,GEE:S2_SR_HARMONIZED
pn_sierra_nevada_senderismo_carril_cicloturista_la_zubia_cumbres_verdes_035,CARRIL CICLOTURISTA LA ZUBIA-CUMBRES VERDES,senderismo,2021,10,2021-10-01,0.5205964529675357,0.10001643727020396,0.23589692268406157,0.4120677523965469,0.6541905698139237,0.1829904190658064,GEE:S2_SR_HARMONIZED
pn_sierra_nevada_senderismo_dehesa_del_camarate_036,Dehesa del Camarate,senderismo,2021,10,2021-10-01,0.4925322377831784,0.08716038925909005,0.24526475885856236,0.3341878740309144,0.6620915037540042,0.201297049562369,GEE:S2_SR_HARMONIZED
pn_sierra_nevada_senderismo_pueblos_del_poqueira_037,PUEBLOS DEL POQUEIRA,senderismo,2021,10,2021-10-01,0.4670734297364834,0.08133349914738477,0.25431852654920295,0.27917288274568774,0.6462264572495913,0.2247545907819837,GEE:S2_SR_HARMONIZED
pn_sierra_nevada_senderismo_ragua_barranco_del_hornillo_038,Ragua - Barranco del Hornillo,senderismo,2021,10,2021-10-01,0.6981807270672047,0.3101603307394754,0.3070896575934479,0.5844808458694684,0.8183718924863856,0.15936933970899259,GEE:S2_SR_HARMONIZED
pn_sierra_nevada_ciclismo_transnevada_rf_valor_fuente_de_las_primeras_agua_039,Transnevada RF - Valor - Fuente de las Primeras Aguas,ciclismo,2021,10,2021-10-01,0.43687264569452333,0.10611351849195243,0.1963591285274419,0.2364917097428124,0.6426878713073305,0.22921987189719228,GEE:S2_SR_HARMONIZED
pn_sierra_nevada_ciclismo_transnevada_rg_yegen_mecina_bombaron_yegen_040,Transnevada RG - Yegen - Mecina Bombaron - Yegen,ciclismo,2021,10,2021-10-01,0.3538850879560092,0.05165669894023727,0.1664788185400441,0.18363103675293196,0.5039305376364335,0.21879516397845078,GEE:S2_SR_HARMONIZED
pn_sierra_nevada_ciclismo_transnevada_rh_capileira_refugio_poqueira_041,Transnevada RH - Capileira - Refugio Poqueira,ciclismo,2021,10,2021-10-01,0.3774344184410836,0.12073828821112506,0.17907251541063154,0.20118831805793283,0.5647283592493885,0.23550003428592436,GEE:S2_SR_HARMONIZED
pn_sierra_nevada_ciclismo_transnevada_rj_portugos_barranco_bermejo_portugo_042,Transnevada RJ - Portugos - Barranco Bermejo - Portugos,ciclismo,2021,10,2021-10-01,0.4409495365736139,0.12544720679231236,0.20627680169480075,0.2869796805861948,0.5916979655993113,0.19542274356766157,GEE:S2_SR_HARMONIZED
pn_sierra_nevada_ciclismo_transnevada_rk_padre_eterno_ar_puente_palo_padre_043,Transnevada RK - Padre Eterno - AR Puente Palo - Padre Eterno,ciclismo,2021,10,2021-10-01,0.34565572560581814,0.02069206970122634,0.18073775966376324,0.18170648686656626,0.4745683854217749,0.2059421228946133,GEE:S2_SR_HARMONIZED
pn_sierra_nevada_ciclismo_transnevada_rc_abrucena_la_polarda_044,Transnevada RC - Abrucena - La Polarda,ciclismo,2021,10,2021-10-01,0.4514624676332171,0.1533075514630973,0.21426056411556915,0.2596339778380147,0.6389228278724904,0.21372682667300952,GEE:S2_SR_HARMONIZED
pn_sierra_nevada_ciclismo_transnevada_rd_laujar_andarax_loma_raspa_laujar__045,Transnevada RD - Laujar Andarax - Loma Raspa - Laujar Andarax,ciclismo,2021,10,2021-10-01,0.3915267364244624,0.09554249800734406,0.18753152462309866,0.20517579174410125,0.5760423418650411,0.2166340565569121,GEE:S2_SR_HARMONIZED
pn_sierra_nevada_ciclismo_transnevada_ri_niguelas_la_rinconada_niguelas_046,Transnevada RI - Niguelas - La Rinconada - Niguelas,ciclismo,2021,10,2021-10-01,0.3311587168169498,0.05102644998085896,0.18532211247162228,0.19920144137124737,0.43344481706847376,0.1729178785986543,GEE:S2_SR_HARMONIZED
pn_sierra_nevada_ciclismo_transnevada_invierno_047,TRANSNEVADA INVIERNO,ciclismo,2021,10,2021-10-01,0.44028155723182527,0.11814086555882995,0.21381651657046202,0.2538298279873059,0.6289430274150273,0.22066689560672834,GEE:S2_SR_HARMONIZED
pn_sierra_nevada_ciclismo_transnevada_verano_048,TRANSNEVADA VERANO,ciclismo,2021,10,2021-10-01,0.446419236528827,0.12572549462538044,0.21736956181421094,0.2538308391588071,0.6367739491383888,0.22322851089650775,GEE:S2_SR_HARMONIZED
pn_sierra_nevada_ciclismo_transnevada_ra_guejar_sierra_pena_partida_049,Transnevada RA - Güejar Sierra - Peña Partida,ciclismo,2021,10,2021-10-01,0.32756347296873833,0.03155672718262896,0.186688715295677,0.19333610766561618,0.44335518238318133,0.17140855487698253,GEE:S2_SR_HARMONIZED
pn_sierra_nevada_ciclismo_transnevada_rb_lanteira_postero_alto_lanteira_050,Transnevada RB - Lanteira - Postero Alto - Lanteira,ciclismo,2021,10,2021-10-01,0.5249630964672702,0.2292880912999991,0.23611193584897655,0.3709827267223941,0.6991281364519156,0.21548367307620367,GEE:S2_SR_HARMONIZED
pn_sierra_nevada_ciclismo_transnevada_re_bayarcal_laguna_seca_051,Transnevada RE - Bayarcal - Laguna Seca,ciclismo,2021,10,2021-10-01,0.49574450082750127,0.1687236419659946,0.21649064433900325,0.30658488620583485,0.6857850458372012,0.22082970221407536,GEE:S2_SR_HARMONIZED
pn_sierra_nevada_ciclismo_carril_cicloturista_la_zubia_cumbres_verdes_052,CARRIL CICLOTURISTA LA ZUBIA-CUMBRES VERDES,ciclismo,2021,10,2021-10-01,0.5205964529675357,0.10001643727020396,0.23589692268406157,0.4120677523965469,0.6541905698139237,0.1829904190658064,GEE:S2_SR_HARMONIZED
pn_sierra_nevada_senderismo_transnevada_rf_valor_fuente_de_las_primeras_agua_000,Transnevada RF - Valor - Fuente de las Primeras Aguas,senderismo,2021,11,2021-11-01,0.48585933258024305,0.1396820040990801,0.20714056050021934,0.28502700229170813,0.7074106518921123,0.23175692089557115,GEE:S2_SR_HARMONIZED
pn_sierra_nevada_senderismo_transnevada_rg_yegen_mecina_bombaron_yegen_001,Transnevada RG - Yegen - Mecina Bombaron - Yegen,senderismo,2021,11,2021-11-01,0.3857365605019241,0.07461287443957634,0.1732940391617203,0.20711512604868562,0.5428951820241156,0.22610418151388176,GEE:S2_SR_HARMONIZED
pn_sierra_nevada_senderismo_transnevada_rh_capileira_refugio_poqueira_002,Transnevada RH - Capileira - Refugio Poqueira,senderismo,2021,11,2021-11-01,0.40600537000589837,0.14084581666670548,0.18110594604841826,0.2168034201332008,0.6269543841615454,0.25029827286481937,GEE:S2_SR_HARMONIZED
pn_sierra_nevada_senderismo_transnevada_rj_portugos_barranco_bermejo_portugo_003,Transnevada RJ - Portugos - Barranco Bermejo - Portugos,senderismo,2021,11,2021-11-01,0.4427664571100862,0.11720139447215319,0.19328113894746912,0.28713303768025566,0.5958332551298131,0.20242838716258535,GEE:S2_SR_HARMONIZED
pn_sierra_nevada_senderismo_transnevada_rk_padre_eterno_ar_puente_palo_padre_004,Transnevada RK - Padre Eterno - AR Puente Palo - Padre Eterno,senderismo,2021,11,2021-11-01,0.3420865027626333,0.005938506670829457,0.16606633302611742,0.1777533705911636,0.46688733949323125,0.20301238969348612,GEE:S2_SR_HARMONIZED
pn_sierra_nevada_senderismo_transnevada_rc_abrucena_la_polarda_005,Transnevada RC - Abrucena - La Polarda,senderismo,2021,11,2021-11-01,0.5319582602075023,0.1987011082671849,0.22113800365443695,0.308511011754799,0.7461686732062753,0.24892553680988422,GEE:S2_SR_HARMONIZED
pn_sierra_nevada_senderismo_transnevada_rd_laujar_andarax_loma_raspa_laujar__006,Transnevada RD - Laujar Andarax - Loma Raspa - Laujar Andarax,senderismo,2021,11,2021-11-01,0.4241688987106158,0.12299794597279672,0.18871352739240782,0.2364239805637485,0.6191847358756011,0.21972262739063875,GEE:S2_SR_HARMONIZED
pn_sierra_nevada_senderismo_transnevada_ri_niguelas_la_rinconada_niguelas_007,Transnevada RI - Niguelas - La Rinconada - Niguelas,senderismo,2021,11,2021-11-01,0.359744952737905,0.045131805142454434,0.17599034964392424,0.21511933377948247,0.47262239235973436,0.1930946342364766,GEE:S2_SR_HARMONIZED
pn_sierra_nevada_senderismo_acequias_del_poqueira_008,Acequias del Poqueira,senderismo,2021,11,2021-11-01,0.4081052418432423,0.05685895722451601,0.19968526295599262,0.24416224403208453,0.5333863684640505,0.2245623585586568,GEE:S2_SR_HARMONIZED
pn_sierra_nevada_senderismo_canal_de_la_espartera_arenales_del_trevenque_009,Canal de la Espartera - Arenales del Trevenque,senderismo,2021,11,2021-11-01,0.46303310422049787,0.10467750368573864,0.20597114980439776,0.24627503683285767,0.6994950432510812,0.25125075416810666,GEE:S2_SR_HARMONIZED
pn_sierra_nevada_senderismo_cerro_huenes_010,Cerro Huenes,senderismo,2021,11,2021-11-01,0.6670345306873667,0.23648976746329253,0.28177903679527116,0.4902154758619139,0.8459235160172791,0.22117538959295474,GEE:S2_SR_HARMONIZED
pn_sierra_nevada_senderismo_el_aguadero_011,El Aguadero,senderismo,2021,11,2021-11-01,0.4934529474099067,0.15115848527114453,0.2197923203335464,0.3143790733458677,0.6657716289737768,0.20418711744365076,GEE:S2_SR_HARMONIZED
pn_sierra_nevada_senderismo_haza_larguilla_012,Haza Larguilla,senderismo,2021,11,2021-11-01,0.27269401093799056,-0.08866862638228497,0.1296301476042504,0.19753433305063342,0.34543677956524144,0.09666658221274853,GEE:S2_SR_HARMONIZED
pn_sierra_nevada_senderismo_hoya_del_portillo_refugio_poqueira_013,Hoya del Portillo - Refugio Poqueira,senderismo,2021,11,2021-11-01,0.433498787940978,0.17212391192516857,0.20445071804126155,0.2955136130737247,0.48590452264268275,0.2142964933806246,GEE:S2_SR_HARMONIZED
pn_sierra_nevada_senderismo_jerez_del_marquesado_postero_alto_014,Jerez del Marquesado - Postero Alto,senderismo,2021,11,2021-11-01,0.5278593857918484,0.2419269556504574,0.23183944970917691,0.31067784303755663,0.7559882571723593,0.24956776616975093,GEE:S2_SR_HARMONIZED
pn_sierra_nevada_senderismo_ragua_aldeire_015,Ragua - Aldeire,senderismo,2021,11,2021-11-01,0.5489992155445538,0.24559109488671535,0.2711120002090279,0.3341293038455597,0.7870633014180763,0.23651998362496043,GEE:S2_SR_HARMONIZED
pn_sierra_nevada_senderismo_transnevada_invierno_016,TRANSNEVADA INVIERNO,senderismo,2021,11,2021-11-01,0.4781459555196549,0.13872109504892358,0.2138467364503712,0.2773131789989601,0.6835992747015645,0.23638008628113974,GEE:S2_SR_HARMONIZED
pn_sierra_nevada_senderismo_transnevada_verano_017,TRANSNEVADA VERANO,senderismo,2021,11,2021-11-01,0.4828961736740017,0.14725224413819515,0.21743455975892026,0.2773064953976839,0.6913565851919328,0.23877173223631648,GEE:S2_SR_HARMONIZED
pn_sierra_nevada_senderismo_transnevada_ra_guejar_sierra_pena_partida_018,Transnevada RA - Güejar Sierra - Peña Partida,senderismo,2021,11,2021-11-01,0.33267462173730306,0.020272457211429142,0.17533779404606642,0.21671440073073472,0.42741622814764985,0.15179016846223575,GEE:S2_SR_HARMONIZED
pn_sierra_nevada_senderismo_transnevada_rb_lanteira_postero_alto_lanteira_019,Transnevada RB - Lanteira - Postero Alto - Lanteira,senderismo,2021,11,2021-11-01,0.5935256420507037,0.28810467110464133,0.2612814085868466,0.44112751498162117,0.7693915496887067,0.22307680030199664,GEE:S2_SR_HARMONIZED
pn_sierra_nevada_senderismo_transnevada_re_bayarcal_laguna_seca_020,Transnevada RE - Bayarcal - Laguna Seca,senderismo,2021,11,2021-11-01,0.5304081186822374,0.20614699945484793,0.22900116247368388,0.3396545304602839,0.7223731328828754,0.22456789411943265,GEE:S2_SR_HARMONIZED
pn_sierra_nevada_senderismo_la_cebadilla_021,La Cebadilla,senderismo,2021,11,2021-11-01,0.4157178819186797,0.027955139914872532,0.2000488777152812,0.23788370486839347,0.5586565398248525,0.21448997791041133,GEE:S2_SR_HARMONIZED
pn_sierra_nevada_senderismo_la_silleta_022,La Silleta,senderismo,2021,11,2021-11-01,0.46615410308116234,0.056880654801488226,0.1990538516247113,0.27756923488214785,0.6678094264669564,0.22528358525933354,GEE:S2_SR_HARMONIZED
pn_sierra_nevada_senderismo_lanjaron_tello_023,Lanjaron - Tello,senderismo,2021,11,2021-11-01,0.4129564367482244,-0.021258345439399258,0.20199600650254348,0.24011957044826063,0.584072349386178,0.200378767677773,GEE:S2_SR_HARMONIZED
pn_sierra_nevada_senderismo_molinos_de_isfalada_024,Molinos de Isfalada,senderismo,2021,11,2021-11-01,0.36787789094414375,0.060996709291658235,0.16713800096904707,0.22081823570650652,0.5021066045154423,0.18759173523422032,GEE:S2_SR_HARMONIZED
pn_sierra_nevada_senderismo_monterrey_025,Monterrey,senderismo,2021,11,2021-11-01,0.5209634341788325,0.12617899697360188,0.22823198233369096,0.36891021122952733,0.681613990562255,0.18528816963684944,GEE:S2_SR_HARMONIZED
pn_sierra_nevada_senderismo_puente_palo_026,Puente Palo,senderismo,2021,11,2021-11-01,0.6819259415641082,0.28260170202122104,0.3063020347681437,0.580049156779915,0.8146160650390072,0.16586512473013446,GEE:S2_SR_HARMONIZED
pn_sierra_nevada_senderismo_ragua_hoyos_de_pura_027,Ragua - Hoyos de Pura,senderismo,2021,11,2021-11-01,0.6507050013890621,0.35970784292264657,0.2927541351266282,0.5825017143861723,0.8224632430886519,0.2389947300648617,GEE:S2_SR_HARMONIZED
pn_sierra_nevada_senderismo_ragua_lagunilla_seca_028,Ragua - Lagunilla Seca,senderismo,2021,11,2021-11-01,0.4880380747454826,0.24303000632024815,0.24847276197291665,0.33024664074581017,0.6969080175560952,0.21403873301835485,GEE:S2_SR_HARMONIZED
pn_sierra_nevada_senderismo_rio_alhama_029,Río Alhama,senderismo,2021,11,2021-11-01,0.3946205817591261,0.026099394482270725,0.17021808458686538,0.2068295474732644,0.5515601717211329,0.23849782592494725,GEE:S2_SR_HARMONIZED
pn_sierra_nevada_senderismo_rio_bermejo_030,Río Bermejo,senderismo,2021,11,2021-11-01,0.4571459320039667,0.1133952706475216,0.2131511935435469,0.3025456409434041,0.6155010828399408,0.19373054895517927,GEE:S2_SR_HARMONIZED
pn_sierra_nevada_senderismo_rio_grande_de_los_berchules_031,Río Grande de los Berchules,senderismo,2021,11,2021-11-01,0.47595681272514606,0.10024001852513546,0.20547107242383905,0.2557833868362162,0.7042974567569499,0.25943738587424586,GEE:S2_SR_HARMONIZED
pn_sierra_nevada_senderismo_trevelez_siete_lagunas_032,Trevélez - Siete Lagunas,senderismo,2021,11,2021-11-01,0.3692664812977296,0.06445094244049179,0.18317745413163014,0.25571812436166436,0.4670167838571636,0.1801334200361435,GEE:S2_SR_HARMONIZED
pn_sierra_nevada_senderismo_ubeire_033,Ubeire,senderismo,2021,11,2021-11-01,0.6063714841626259,0.17611802942025287,0.24918937968315222,0.4904532095511442,0.7170997113840372,0.15495074972681183,GEE:S2_SR_HARMONIZED
pn_sierra_nevada_senderismo_sulayr_034,SULAYR,senderismo,2021,11,2021-11-01,0.5000204828535918,0.15894497513358086,0.2316688554903851,0.3008127996730379,0.7070378065036763,0.23504574162088576,GEE:S2_SR_HARMONIZED
pn_sierra_nevada_senderismo_carril_cicloturista_la_zubia_cumbres_verdes_035,CARRIL CICLOTURISTA LA ZUBIA-CUMBRES VERDES,senderismo,2021,11,2021-11-01,0.6195136788505922,0.17630853876146615,0.26077540307805913,0.5526767028898376,0.7401776697631282,0.18276851204553982,GEE:S2_SR_HARMONIZED
pn_sierra_nevada_senderismo_dehesa_del_camarate_036,Dehesa del Camarate,senderismo,2021,11,2021-11-01,0.4317317171894627,0.025707095807661,0.19289797456705995,0.32596876668537855,0.5060354870567367,0.16069635620235773,GEE:S2_SR_HARMONIZED
pn_sierra_nevada_senderismo_pueblos_del_poqueira_037,PUEBLOS DEL POQUEIRA,senderismo,2021,11,2021-11-01,0.43199967656481825,0.0260729326110132,0.2116081806532537,0.2540009816760105,0.5974968286484413,0.21130630753841192,GEE:S2_SR_HARMONIZED
pn_sierra_nevada_senderismo_ragua_barranco_del_hornillo_038,Ragua - Barranco del Hornillo,senderismo,2021,11,2021-11-01,0.7315765418182958,0.3650752603531343,0.31461670581371665,0.6264607310295105,0.8498299112849567,0.15757137400508,GEE:S2_SR_HARMONIZED
pn_sierra_nevada_ciclismo_transnevada_rf_valor_fuente_de_las_primeras_agua_039,Transnevada RF - Valor - Fuente de las Primeras Aguas,ciclismo,2021,11,2021-11-01,0.48585933258024305,0.1396820040990801,0.20714056050021934,0.28502700229170813,0.7074106518921123,0.23175692089557115,GEE:S2_SR_HARMONIZED
pn_sierra_nevada_ciclismo_transnevada_rg_yegen_mecina_bombaron_yegen_040,Transnevada RG - Yegen - Mecina Bombaron - Yegen,ciclismo,2021,11,2021-11-01,0.3857365605019241,0.07461287443957634,0.1732940391617203,0.20711512604868562,0.5428951820241156,0.22610418151388176,GEE:S2_SR_HARMONIZED
pn_sierra_nevada_ciclismo_transnevada_rh_capileira_refugio_poqueira_041,Transnevada RH - Capileira - Refugio Poqueira,ciclismo,2021,11,2021-11-01,0.40600537000589837,0.14084581666670548,0.18110594604841826,0.2168034201332008,0.6269543841615454,0.25029827286481937,GEE:S2_SR_HARMONIZED
pn_sierra_nevada_ciclismo_transnevada_rj_portugos_barranco_bermejo_portugo_042,Transnevada RJ - Portugos - Barranco Bermejo - Portugos,ciclismo,2021,11,2021-11-01,0.4427664571100862,0.11720139447215319,0.19328113894746912,0.28713303768025566,0.5958332551298131,0.20242838716258535,GEE:S2_SR_HARMONIZED
pn_sierra_nevada_ciclismo_transnevada_rk_padre_eterno_ar_puente_palo_padre_043,Transnevada RK - Padre Eterno - AR Puente Palo - Padre Eterno,ciclismo,2021,11,2021-11-01,0.3420865027626333,0.005938506670829457,0.16606633302611742,0.1777533705911636,0.46688733949323125,0.20301238969348612,GEE:S2_SR_HARMONIZED
pn_sierra_nevada_ciclismo_transnevada_rc_abrucena_la_polarda_044,Transnevada RC - Abrucena - La Polarda,ciclismo,2021,11,2021-11-01,0.5319582602075023,0.1987011082671849,0.22113800365443695,0.308511011754799,0.7461686732062753,0.24892553680988422,GEE:S2_SR_HARMONIZED
pn_sierra_nevada_ciclismo_transnevada_rd_laujar_andarax_loma_raspa_laujar__045,Transnevada RD - Laujar Andarax - Loma Raspa - Laujar Andarax,ciclismo,2021,11,2021-11-01,0.4241688987106158,0.12299794597279672,0.18871352739240782,0.2364239805637485,0.6191847358756011,0.21972262739063875,GEE:S2_SR_HARMONIZED
pn_sierra_nevada_ciclismo_transnevada_ri_niguelas_la_rinconada_niguelas_046,Transnevada RI - Niguelas - La Rinconada - Niguelas,ciclismo,2021,11,2021-11-01,0.359744952737905,0.045131805142454434,0.17599034964392424,0.21511933377948247,0.47262239235973436,0.1930946342364766,GEE:S2_SR_HARMONIZED
pn_sierra_nevada_ciclismo_transnevada_invierno_047,TRANSNEVADA INVIERNO,ciclismo,2021,11,2021-11-01,0.4781459555196549,0.13872109504892358,0.2138467364503712,0.2773131789989601,0.6835992747015645,0.23638008628113974,GEE:S2_SR_HARMONIZED
pn_sierra_nevada_ciclismo_transnevada_verano_048,TRANSNEVADA VERANO,ciclismo,2021,11,2021-11-01,0.4828961736740017,0.14725224413819515,0.21743455975892026,0.2773064953976839,0.6913565851919328,0.23877173223631648,GEE:S2_SR_HARMONIZED
pn_sierra_nevada_ciclismo_transnevada_ra_guejar_sierra_pena_partida_049,Transnevada RA - Güejar Sierra - Peña Partida,ciclismo,2021,11,2021-11-01,0.33267462173730306,0.020272457211429142,0.17533779404606642,0.21671440073073472,0.42741622814764985,0.15179016846223575,GEE:S2_SR_HARMONIZED
pn_sierra_nevada_ciclismo_transnevada_rb_lanteira_postero_alto_lanteira_050,Transnevada RB - Lanteira - Postero Alto - Lanteira,ciclismo,2021,11,2021-11-01,0.5935256420507037,0.28810467110464133,0.2612814085868466,0.44112751498162117,0.7693915496887067,0.22307680030199664,GEE:S2_SR_HARMONIZED
pn_sierra_nevada_ciclismo_transnevada_re_bayarcal_laguna_seca_051,Transnevada RE - Bayarcal - Laguna Seca,ciclismo,2021,11,2021-11-01,0.5304081186822374,0.20614699945484793,0.22900116247368388,0.3396545304602839,0.7223731328828754,0.22456789411943265,GEE:S2_SR_HARMONIZED
pn_sierra_nevada_ciclismo_carril_cicloturista_la_zubia_cumbres_verdes_052,CARRIL CICLOTURISTA LA ZUBIA-CUMBRES VERDES,ciclismo,2021,11,2021-11-01,0.6195136788505922,0.17630853876146615,0.26077540307805913,0.5526767028898376,0.7401776697631282,0.18276851204553982,GEE:S2_SR_HARMONIZED
pn_sierra_nevada_senderismo_transnevada_rf_valor_fuente_de_las_primeras_agua_000,Transnevada RF - Valor - Fuente de las Primeras Aguas,senderismo,2021,12,2021-12-01,0.4887742735231456,0.14779416817378746,0.20599526676194857,0.29286596125734377,0.6990171325922919,0.22205877134082522,GEE:S2_SR_HARMONIZED
pn_sierra_nevada_senderismo_transnevada_rg_yegen_mecina_bombaron_yegen_001,Transnevada RG - Yegen - Mecina Bombaron - Yegen,senderismo,2021,12,2021-12-01,0.39211240550259363,0.07932601795115957,0.1714730254882819,0.21499398346966214,0.5512661232470691,0.22348670169105286,GEE:S2_SR_HARMONIZED
pn_sierra_nevada_senderismo_transnevada_rh_capileira_refugio_poqueira_002,Transnevada RH - Capileira - Refugio Poqueira,senderismo,2021,12,2021-12-01,0.40494388915836543,0.15477098119329588,0.1796523376031072,0.21478328365325275,0.6447850608338945,0.2549554065328996,GEE:S2_SR_HARMONIZED
pn_sierra_nevada_senderismo_transnevada_rj_portugos_barranco_bermejo_portugo_003,Transnevada RJ - Portugos - Barranco Bermejo - Portugos,senderismo,2021,12,2021-12-01,0.4392276648339656,0.10472785546017387,0.1806620316423655,0.2715855404329855,0.6077746303948179,0.214398953136844,GEE:S2_SR_HARMONIZED
pn_sierra_nevada_senderismo_transnevada_rk_padre_eterno_ar_puente_palo_padre_004,Transnevada RK - Padre Eterno - AR Puente Palo - Padre Eterno,senderismo,2021,12,2021-12-01,0.34263550396079595,-7.184931857431294E-4,0.16103265150674634,0.18956832245587266,0.4551100978745359,0.20105115451031264,GEE:S2_SR_HARMONIZED
pn_sierra_nevada_senderismo_transnevada_rc_abrucena_la_polarda_005,Transnevada RC - Abrucena - La Polarda,senderismo,2021,12,2021-12-01,0.5603268491094023,0.19625280134697454,0.21853228060239582,0.32443954633599903,0.7776400757914538,0.26037646984718116,GEE:S2_SR_HARMONIZED
pn_sierra_nevada_senderismo_transnevada_rd_laujar_andarax_loma_raspa_laujar__006,Transnevada RD - Laujar Andarax - Loma Raspa - Laujar Andarax,senderismo,2021,12,2021-12-01,0.43700033323437076,0.1145962601974529,0.18403936907143076,0.24632266430792113,0.6447195971619812,0.22732174873555153,GEE:S2_SR_HARMONIZED
pn_sierra_nevada_senderismo_transnevada_ri_niguelas_la_rinconada_niguelas_007,Transnevada RI - Niguelas - La Rinconada - Niguelas,senderismo,2021,12,2021-12-01,0.3737677696801407,0.039376760608747674,0.1728022718913675,0.2226799865701288,0.4882163497079131,0.2007107044717764,GEE:S2_SR_HARMONIZED
pn_sierra_nevada_senderismo_acequias_del_poqueira_008,Acequias del Poqueira,senderismo,2021,12,2021-12-01,0.39037159104906677,0.02691912612336056,0.18427823659378725,0.24405737881722067,0.4784475037430793,0.20964865524065357,GEE:S2_SR_HARMONIZED
pn_sierra_nevada_senderismo_canal_de_la_espartera_arenales_del_trevenque_009,Canal de la Espartera - Arenales del Trevenque,senderismo,2021,12,2021-12-01,0.49384356358720916,0.11736067010772544,0.2037713942226776,0.27530039142075696,0.732469619632828,0.25453694991643777,GEE:S2_SR_HARMONIZED
pn_sierra_nevada_senderismo_cerro_huenes_010,Cerro Huenes,senderismo,2021,12,2021-12-01,0.7121703923233673,0.25043032657110426,0.2665656912672169,0.5489732901368468,0.8808776250380481,0.22345817974020538,GEE:S2_SR_HARMONIZED
pn_sierra_nevada_senderismo_el_aguadero_011,El Aguadero,senderismo,2021,12,2021-12-01,0.5129369437295261,0.14424042825513317,0.21790665840343065,0.326415168692226,0.7009604238273692,0.21546213561356586,GEE:S2_SR_HARMONIZED
pn_sierra_nevada_senderismo_haza_larguilla_012,Haza Larguilla,senderismo,2021,12,2021-12-01,0.2993397347083485,-0.090281887595106,0.13560789434981466,0.22427189943343656,0.36468052275024115,0.09735100814533597,GEE:S2_SR_HARMONIZED
pn_sierra_nevada_senderismo_hoya_del_portillo_refugio_poqueira_013,Hoya del Portillo - Refugio Poqueira,senderismo,2021,12,2021-12-01,0.4163307786286926,0.16877484252922328,0.20519172255468243,0.2753578783776794,0.4823704429149628,0.2182428809583924,GEE:S2_SR_HARMONIZED
pn_sierra_nevada_senderismo_jerez_del_marquesado_postero_alto_014,Jerez del Marquesado - Postero Alto,senderismo,2021,12,2021-12-01,0.5559313946206482,0.2538786783244029,0.23962289014929045,0.3462890812186122,0.7789922229065851,0.24996431156968543,GEE:S2_SR_HARMONIZED
pn_sierra_nevada_senderismo_ragua_aldeire_015,Ragua - Aldeire,senderismo,2021,12,2021-12-01,0.540877928589439,0.21642532743255521,0.2658988008793849,0.3260311794058656,0.7872812108930047,0.23733319048578405,GEE:S2_SR_HARMONIZED
pn_sierra_nevada_senderismo_transnevada_invierno_016,TRANSNEVADA INVIERNO,senderismo,2021,12,2021-12-01,0.49379847836617424,0.1361951473442467,0.20757865201517448,0.285208960724075,0.7070145953481904,0.24414500232205028,GEE:S2_SR_HARMONIZED
pn_sierra_nevada_senderismo_transnevada_verano_017,TRANSNEVADA VERANO,senderismo,2021,12,2021-12-01,0.4985562589383764,0.14540482527291046,0.21128965091384067,0.28520957929416824,0.7148094213480293,0.24577344277384633,GEE:S2_SR_HARMONIZED
pn_sierra_nevada_senderismo_transnevada_ra_guejar_sierra_pena_partida_018,Transnevada RA - Güejar Sierra - Peña Partida,senderismo,2021,12,2021-12-01,0.31181565649130466,0.0015652275297085153,0.11323719694653663,0.22243428985577418,0.37873582242900766,0.14613719755308224,GEE:S2_SR_HARMONIZED
pn_sierra_nevada_senderismo_transnevada_rb_lanteira_postero_alto_lanteira_019,Transnevada RB - Lanteira - Postero Alto - Lanteira,senderismo,2021,12,2021-12-01,0.6258608250300924,0.3165175566019991,0.26848241880282925,0.4805260374323146,0.8006530735572027,0.22343810054620902,GEE:S2_SR_HARMONIZED
pn_sierra_nevada_senderismo_transnevada_re_bayarcal_laguna_seca_020,Transnevada RE - Bayarcal - Laguna Seca,senderismo,2021,12,2021-12-01,0.5430677330189477,0.2109615016190552,0.22318835625321484,0.33989050817624183,0.7461128443357049,0.22806407985473498,GEE:S2_SR_HARMONIZED
pn_sierra_nevada_senderismo_la_cebadilla_021,La Cebadilla,senderismo,2021,12,2021-12-01,0.36721674053558917,-0.04884638644643755,0.15866152701410133,0.22462870513712724,0.46663208445138366,0.18650647695491449,GEE:S2_SR_HARMONIZED
pn_sierra_nevada_senderismo_la_silleta_022,La Silleta,senderismo,2021,12,2021-12-01,0.5516177518139087,0.09275165144833696,0.1984156996339731,0.3319039117961603,0.7613811734932012,0.25371614401580733,GEE:S2_SR_HARMONIZED
pn_sierra_nevada_senderismo_lanjaron_tello_023,Lanjaron - Tello,senderismo,2021,12,2021-12-01,0.3893291938611358,-0.0672455611032685,0.17423401212848358,0.24000486709523877,0.5254233632307597,0.16768151602693443,GEE:S2_SR_HARMONIZED
pn_sierra_nevada_senderismo_molinos_de_isfalada_024,Molinos de Isfalada,senderismo,2021,12,2021-12-01,0.3628005093922004,0.03565454086745871,0.14868407363653127,0.23089976479221014,0.46500385528990507,0.1823565057157516,GEE:S2_SR_HARMONIZED
pn_sierra_nevada_senderismo_monterrey_025,Monterrey,senderismo,2021,12,2021-12-01,0.5397840678809763,0.11349153131251509,0.21720420604237942,0.37325876621453363,0.7168851101691169,0.20348773819230043,GEE:S2_SR_HARMONIZED
pn_sierra_nevada_senderismo_puente_palo_026,Puente Palo,senderismo,2021,12,2021-12-01,0.7035584611155499,0.2857499937715196,0.30059674574882883,0.6039349063431213,0.8339686911918549,0.16730584712152577,GEE:S2_SR_HARMONIZED
pn_sierra_nevada_senderismo_ragua_hoyos_de_pura_027,Ragua - Hoyos de Pura,senderismo,2021,12,2021-12-01,0.6556582907340236,0.3515585357239985,0.3028971473397134,0.6073009173075358,0.8186030692337279,0.23176099108656564,GEE:S2_SR_HARMONIZED
pn_sierra_nevada_senderismo_ragua_lagunilla_seca_028,Ragua - Lagunilla Seca,senderismo,2021,12,2021-12-01,0.47632053839313726,0.24057881945945683,0.2598738457753038,0.31447484877903475,0.6966638017733935,0.21013723272814505,GEE:S2_SR_HARMONIZED
pn_sierra_nevada_senderismo_rio_alhama_029,Río Alhama,senderismo,2021,12,2021-12-01,0.4370012620668667,0.022960169627217787,0.17284791434650465,0.24807788384534238,0.5757734722263959,0.2455944687550153,GEE:S2_SR_HARMONIZED
pn_sierra_nevada_senderismo_rio_bermejo_030,Río Bermejo,senderismo,2021,12,2021-12-01,0.42603477822959074,0.05797255621133008,0.17602804188134602,0.27934818257757693,0.5686670125505919,0.19340400703921012,GEE:S2_SR_HARMONIZED
pn_sierra_nevada_senderismo_rio_grande_de_los_berchules_031,Río Grande de los Berchules,senderismo,2021,12,2021-12-01,0.4606619495079136,0.0685626703277806,0.18003598233297563,0.2597851201300674,0.6198335274783614,0.2535079324019168,GEE:S2_SR_HARMONIZED
pn_sierra_nevada_senderismo_trevelez_siete_lagunas_032,Trevélez - Siete Lagunas,senderismo,2021,12,2021-12-01,0.33741833137188687,0.046293971017003714,0.1658003947744769,0.24803187591392556,0.4045204812950557,0.15113259908608562,GEE:S2_SR_HARMONIZED
pn_sierra_nevada_senderismo_ubeire_033,Ubeire,senderismo,2021,12,2021-12-01,0.6736509588165727,0.15646888030162281,0.22975369015434602,0.5529938024239213,0.7984074206169005,0.17163293469582183,GEE:S2_SR_HARMONIZED
pn_sierra_nevada_senderismo_sulayr_034,SULAYR,senderismo,2021,12,2021-12-01,0.5000752238227625,0.14812407909549896,0.2200486452263434,0.3007332081936315,0.7306357483019384,0.24152817405109456,GEE:S2_SR_HARMONIZED
pn_sierra_nevada_senderismo_carril_cicloturista_la_zubia_cumbres_verdes_035,CARRIL CICLOTURISTA LA ZUBIA-CUMBRES VERDES,senderismo,2021,12,2021-12-01,0.6545895775293293,0.21212475705408643,0.26689174479855166,0.58437726453774,0.7678088374228823,0.1743495107611139,GEE:S2_SR_HARMONIZED
pn_sierra_nevada_senderismo_dehesa_del_camarate_036,Dehesa del Camarate,senderismo,2021,12,2021-12-01,0.44256979705262706,-0.0243756773894335,0.16335116733636815,0.337908086000167,0.49030059869913806,0.16453675975483292,GEE:S2_SR_HARMONIZED
pn_sierra_nevada_senderismo_pueblos_del_poqueira_037,PUEBLOS DEL POQUEIRA,senderismo,2021,12,2021-12-01,0.3718450280949714,-0.059715985829830405,0.15794555621366202,0.24591003967540784,0.4879100087224085,0.1706902459369722,GEE:S2_SR_HARMONIZED
pn_sierra_nevada_senderismo_ragua_barranco_del_hornillo_038,Ragua - Barranco del Hornillo,senderismo,2021,12,2021-12-01,0.7166615636732372,0.3715282104470346,0.3204654736416446,0.6155627057281915,0.8342002934166554,0.14686072959168217,GEE:S2_SR_HARMONIZED
pn_sierra_nevada_ciclismo_transnevada_rf_valor_fuente_de_las_primeras_agua_039,Transnevada RF - Valor - Fuente de las Primeras Aguas,ciclismo,2021,12,2021-12-01,0.4887742735231456,0.14779416817378746,0.20599526676194857,0.29286596125734377,0.6990171325922919,0.22205877134082522,GEE:S2_SR_HARMONIZED
pn_sierra_nevada_ciclismo_transnevada_rg_yegen_mecina_bombaron_yegen_040,Transnevada RG - Yegen - Mecina Bombaron - Yegen,ciclismo,2021,12,2021-12-01,0.39211240550259363,0.07932601795115957,0.1714730254882819,0.21499398346966214,0.5512661232470691,0.22348670169105286,GEE:S2_SR_HARMONIZED
pn_sierra_nevada_ciclismo_transnevada_rh_capileira_refugio_poqueira_041,Transnevada RH - Capileira - Refugio Poqueira,ciclismo,2021,12,2021-12-01,0.40494388915836543,0.15477098119329588,0.1796523376031072,0.21478328365325275,0.6447850608338945,0.2549554065328996,GEE:S2_SR_HARMONIZED
pn_sierra_nevada_ciclismo_transnevada_rj_portugos_barranco_bermejo_portugo_042,Transnevada RJ - Portugos - Barranco Bermejo - Portugos,ciclismo,2021,12,2021-12-01,0.4392276648339656,0.10472785546017387,0.1806620316423655,0.2715855404329855,0.6077746303948179,0.214398953136844,GEE:S2_SR_HARMONIZED
pn_sierra_nevada_ciclismo_transnevada_rk_padre_eterno_ar_puente_palo_padre_043,Transnevada RK - Padre Eterno - AR Puente Palo - Padre Eterno,ciclismo,2021,12,2021-12-01,0.34263550396079595,-7.184931857431294E-4,0.16103265150674634,0.18956832245587266,0.4551100978745359,0.20105115451031264,GEE:S2_SR_HARMONIZED
pn_sierra_nevada_ciclismo_transnevada_rc_abrucena_la_polarda_044,Transnevada RC - Abrucena - La Polarda,ciclismo,2021,12,2021-12-01,0.5603268491094023,0.19625280134697454,0.21853228060239582,0.32443954633599903,0.7776400757914538,0.26037646984718116,GEE:S2_SR_HARMONIZED
pn_sierra_nevada_ciclismo_transnevada_rd_laujar_andarax_loma_raspa_laujar__045,Transnevada RD - Laujar Andarax - Loma Raspa - Laujar Andarax,ciclismo,2021,12,2021-12-01,0.43700033323437076,0.1145962601974529,0.18403936907143076,0.24632266430792113,0.6447195971619812,0.22732174873555153,GEE:S2_SR_HARMONIZED
pn_sierra_nevada_ciclismo_transnevada_ri_niguelas_la_rinconada_niguelas_046,Transnevada RI - Niguelas - La Rinconada - Niguelas,ciclismo,2021,12,2021-12-01,0.3737677696801407,0.039376760608747674,0.1728022718913675,0.2226799865701288,0.4882163497079131,0.2007107044717764,GEE:S2_SR_HARMONIZED
pn_sierra_nevada_ciclismo_transnevada_invierno_047,TRANSNEVADA INVIERNO,ciclismo,2021,12,2021-12-01,0.49379847836617424,0.1361951473442467,0.20757865201517448,0.285208960724075,0.7070145953481904,0.24414500232205028,GEE:S2_SR_HARMONIZED
pn_sierra_nevada_ciclismo_transnevada_verano_048,TRANSNEVADA VERANO,ciclismo,2021,12,2021-12-01,0.4985562589383764,0.14540482527291046,0.21128965091384067,0.28520957929416824,0.7148094213480293,0.24577344277384633,GEE:S2_SR_HARMONIZED
pn_sierra_nevada_ciclismo_transnevada_ra_guejar_sierra_pena_partida_049,Transnevada RA - Güejar Sierra - Peña Partida,ciclismo,2021,12,2021-12-01,0.31181565649130466,0.0015652275297085153,0.11323719694653663,0.22243428985577418,0.37873582242900766,0.14613719755308224,GEE:S2_SR_HARMONIZED
pn_sierra_nevada_ciclismo_transnevada_rb_lanteira_postero_alto_lanteira_050,Transnevada RB - Lanteira - Postero Alto - Lanteira,ciclismo,2021,12,2021-12-01,0.6258608250300924,0.3165175566019991,0.26848241880282925,0.4805260374323146,0.8006530735572027,0.22343810054620902,GEE:S2_SR_HARMONIZED
pn_sierra_nevada_ciclismo_transnevada_re_bayarcal_laguna_seca_051,Transnevada RE - Bayarcal - Laguna Seca,ciclismo,2021,12,2021-12-01,0.5430677330189477,0.2109615016190552,0.22318835625321484,0.33989050817624183,0.7461128443357049,0.22806407985473498,GEE:S2_SR_HARMONIZED
pn_sierra_nevada_ciclismo_carril_cicloturista_la_zubia_cumbres_verdes_052,CARRIL CICLOTURISTA LA ZUBIA-CUMBRES VERDES,ciclismo,2021,12,2021-12-01,0.6545895775293293,0.21212475705408643,0.26689174479855166,0.58437726453774,0.7678088374228823,0.1743495107611139,GEE:S2_SR_HARMONIZED
pn_sierra_nevada_senderismo_transnevada_rf_valor_fuente_de_las_primeras_agua_000,Transnevada RF - Valor - Fuente de las Primeras Aguas,senderismo,2022,1,2022-01-01,0.49541398693893207,0.14861974535817926,0.21052853703095173,0.31030649859666604,0.6971926040856028,0.21460637139839991,GEE:S2_SR_HARMONIZED
pn_sierra_nevada_senderismo_transnevada_rg_yegen_mecina_bombaron_yegen_001,Transnevada RG - Yegen - Mecina Bombaron - Yegen,senderismo,2022,1,2022-01-01,0.399959213129749,0.08581642666461682,0.17855857801725858,0.23053518006772464,0.5506594025956966,0.21449911947561143,GEE:S2_SR_HARMONIZED
pn_sierra_nevada_senderismo_transnevada_rh_capileira_refugio_poqueira_002,Transnevada RH - Capileira - Refugio Poqueira,senderismo,2022,1,2022-01-01,0.4108571398687843,0.1670345981704144,0.18741530206404974,0.207234087935271,0.66808313381082,0.2555640259099573,GEE:S2_SR_HARMONIZED
pn_sierra_nevada_senderismo_transnevada_rj_portugos_barranco_bermejo_portugo_003,Transnevada RJ - Portugos - Barranco Bermejo - Portugos,senderismo,2022,1,2022-01-01,0.4475635898588222,0.10428085937965981,0.1837204117160978,0.2831461000738023,0.6113269257070186,0.2111495215939779,GEE:S2_SR_HARMONIZED
pn_sierra_nevada_senderismo_transnevada_rk_padre_eterno_ar_puente_palo_padre_004,Transnevada RK - Padre Eterno - AR Puente Palo - Padre Eterno,senderismo,2022,1,2022-01-01,0.3559881504499386,0.0010256874218790288,0.16751293134445908,0.2130299735436583,0.4550102273538582,0.1923726384960738,GEE:S2_SR_HARMONIZED
pn_sierra_nevada_senderismo_transnevada_rc_abrucena_la_polarda_005,Transnevada RC - Abrucena - La Polarda,senderismo,2022,1,2022-01-01,0.5155794879684805,0.20329233832152108,0.2198125807617223,0.28513313092224213,0.7303441579793727,0.25742271408559664,GEE:S2_SR_HARMONIZED
pn_sierra_nevada_senderismo_transnevada_rd_laujar_andarax_loma_raspa_laujar__006,Transnevada RD - Laujar Andarax - Loma Raspa - Laujar Andarax,senderismo,2022,1,2022-01-01,0.43390907344403107,0.11356171351757405,0.18530181463829412,0.2519336586427088,0.6233491981773914,0.2187320937835961,GEE:S2_SR_HARMONIZED
pn_sierra_nevada_senderismo_transnevada_ri_niguelas_la_rinconada_niguelas_007,Transnevada RI - Niguelas - La Rinconada - Niguelas,senderismo,2022,1,2022-01-01,0.3514289651928458,0.044531825999467894,0.170219413863445,0.22460393401094092,0.45118344125826854,0.16838693200638988,GEE:S2_SR_HARMONIZED
pn_sierra_nevada_senderismo_acequias_del_poqueira_008,Acequias del Poqueira,senderismo,2022,1,2022-01-01,0.390466138587395,0.03577504741166836,0.18513528674817026,0.25596387668172305,0.46676387770391475,0.19460807134505334,GEE:S2_SR_HARMONIZED
pn_sierra_nevada_senderismo_canal_de_la_espartera_arenales_del_trevenque_009,Canal de la Espartera - Arenales del Trevenque,senderismo,2022,1,2022-01-01,0.4712702590100707,0.12058431127686252,0.20435182314766503,0.279336962552769,0.689514047652483,0.23349374082719612,GEE:S2_SR_HARMONIZED
pn_sierra_nevada_senderismo_cerro_huenes_010,Cerro Huenes,senderismo,2022,1,2022-01-01,0.6567743904823131,0.2624729393761116,0.2613964853366936,0.5056836713861429,0.8105684535057411,0.19710762678377974,GEE:S2_SR_HARMONIZED
pn_sierra_nevada_senderismo_el_aguadero_011,El Aguadero,senderismo,2022,1,2022-01-01,0.5146021034140466,0.14419470135809795,0.2193239842428008,0.3300289560005883,0.6933909109511356,0.21736226348599128,GEE:S2_SR_HARMONIZED
pn_sierra_nevada_senderismo_haza_larguilla_012,Haza Larguilla,senderismo,2022,1,2022-01-01,0.3000288615158281,-0.08263201759987367,0.14390170743453046,0.22740974525610605,0.3623956345004906,0.09169989586392986,GEE:S2_SR_HARMONIZED
pn_sierra_nevada_senderismo_hoya_del_portillo_refugio_poqueira_013,Hoya del Portillo - Refugio Poqueira,senderismo,2022,1,2022-01-01,0.3782242736456481,0.17807479878102153,0.1984253640745399,0.22824351261771375,0.44682502577101796,0.22418806571038075,GEE:S2_SR_HARMONIZED
pn_sierra_nevada_senderismo_jerez_del_marquesado_postero_alto_014,Jerez del Marquesado - Postero Alto,senderismo,2022,1,2022-01-01,0.5273469566740605,0.24860030179783404,0.23569460312521703,0.3303051486931045,0.7406335309869807,0.23256109360980853,GEE:S2_SR_HARMONIZED
pn_sierra_nevada_senderismo_ragua_aldeire_015,Ragua - Aldeire,senderismo,2022,1,2022-01-01,0.522904095690672,0.21482652106757638,0.26032978357280073,0.31431156577445074,0.7715704765170583,0.23215442365100622,GEE:S2_SR_HARMONIZED
pn_sierra_nevada_senderismo_transnevada_invierno_016,TRANSNEVADA INVIERNO,senderismo,2022,1,2022-01-01,0.47580397378725064,0.1416116111945773,0.20657935949290637,0.285143264894218,0.6758205460372878,0.22791433190042695,GEE:S2_SR_HARMONIZED
pn_sierra_nevada_senderismo_transnevada_verano_017,TRANSNEVADA VERANO,senderismo,2022,1,2022-01-01,0.47924387538756585,0.14970036637270637,0.2100167880854908,0.28516785307208636,0.6836128263621519,0.22985033901192292,GEE:S2_SR_HARMONIZED
pn_sierra_nevada_senderismo_transnevada_ra_guejar_sierra_pena_partida_018,Transnevada RA - Güejar Sierra - Peña Partida,senderismo,2022,1,2022-01-01,0.3084041119142468,0.02337252175277272,0.14391951217539342,0.21496071597944716,0.3868664733658263,0.13614986527691345,GEE:S2_SR_HARMONIZED
pn_sierra_nevada_senderismo_transnevada_rb_lanteira_postero_alto_lanteira_019,Transnevada RB - Lanteira - Postero Alto - Lanteira,senderismo,2022,1,2022-01-01,0.5812172117559041,0.30150276440513124,0.26071921125243847,0.4490510128828916,0.7540380586143524,0.2030176274074434,GEE:S2_SR_HARMONIZED
pn_sierra_nevada_senderismo_transnevada_re_bayarcal_laguna_seca_020,Transnevada RE - Bayarcal - Laguna Seca,senderismo,2022,1,2022-01-01,0.533738253227602,0.2153457454851015,0.22580332896076286,0.34000838646434234,0.730761036287747,0.21917166711917727,GEE:S2_SR_HARMONIZED
pn_sierra_nevada_senderismo_la_cebadilla_021,La Cebadilla,senderismo,2022,1,2022-01-01,0.37168751370679165,-0.04732914010595496,0.16279840007394375,0.25580399916434166,0.4591666592545408,0.15610786851529876,GEE:S2_SR_HARMONIZED
pn_sierra_nevada_senderismo_la_silleta_022,La Silleta,senderismo,2022,1,2022-01-01,0.4620496149219323,0.07546351600235801,0.18965430947454331,0.2856183628253219,0.6365543433552414,0.21072813446200442,GEE:S2_SR_HARMONIZED
pn_sierra_nevada_senderismo_lanjaron_tello_023,Lanjaron - Tello,senderismo,2022,1,2022-01-01,0.3931723103183755,-0.0665149335124073,0.17648412565675092,0.2713137929385213,0.5059494679479154,0.1413101775509725,GEE:S2_SR_HARMONIZED
pn_sierra_nevada_senderismo_molinos_de_isfalada_024,Molinos de Isfalada,senderismo,2022,1,2022-01-01,0.3592386263724128,0.03894772047160321,0.14640361387891923,0.23609847328535033,0.45555318922247456,0.16820422536266993,GEE:S2_SR_HARMONIZED
pn_sierra_nevada_senderismo_monterrey_025,Monterrey,senderismo,2022,1,2022-01-01,0.5304238687094623,0.10207965020014069,0.21384067292400757,0.3696287275359591,0.7090864280785338,0.1978234885714452,GEE:S2_SR_HARMONIZED
pn_sierra_nevada_senderismo_puente_palo_026,Puente Palo,senderismo,2022,1,2022-01-01,0.7040432567400131,0.2924246344992343,0.2964635621336201,0.6113005999063856,0.8297849324608225,0.15983368904690717,GEE:S2_SR_HARMONIZED
pn_sierra_nevada_senderismo_ragua_hoyos_de_pura_027,Ragua - Hoyos de Pura,senderismo,2022,1,2022-01-01,0.6525417246369357,0.3657463312182096,0.298928864389368,0.5874893730343096,0.8147377399219266,0.2338744891427375,GEE:S2_SR_HARMONIZED
pn_sierra_nevada_senderismo_ragua_lagunilla_seca_028,Ragua - Lagunilla Seca,senderismo,2022,1,2022-01-01,0.45688356414770204,0.24251102175878483,0.24574971684120428,0.28491957128291906,0.6920066890299802,0.2241556694117108,GEE:S2_SR_HARMONIZED
pn_sierra_nevada_senderismo_rio_alhama_029,Río Alhama,senderismo,2022,1,2022-01-01,0.4230108536248006,0.03585689412538699,0.1699386869261565,0.2709844182351266,0.5491384987108634,0.20413765600551279,GEE:S2_SR_HARMONIZED
pn_sierra_nevada_senderismo_rio_bermejo_030,Río Bermejo,senderismo,2022,1,2022-01-01,0.4360052580535167,0.05749206946699163,0.18132016399185363,0.3142935445009276,0.5681246977497191,0.18571235833733735,GEE:S2_SR_HARMONIZED
pn_sierra_nevada_senderismo_rio_grande_de_los_berchules_031,Río Grande de los Berchules,senderismo,2022,1,2022-01-01,0.4692814085997933,0.08307580750279063,0.18378920127776743,0.2831059544834411,0.5953720217859242,0.24278745835227733,GEE:S2_SR_HARMONIZED
pn_sierra_nevada_senderismo_trevelez_siete_lagunas_032,Trevélez - Siete Lagunas,senderismo,2022,1,2022-01-01,0.3375827767897725,0.040326664733219414,0.1652902973136254,0.24397825102815382,0.4006127396538964,0.14390557140763405,GEE:S2_SR_HARMONIZED
pn_sierra_nevada_senderismo_ubeire_033,Ubeire,senderismo,2022,1,2022-01-01,0.6332468159532296,0.1673638942344207,0.22661199335222587,0.5335307318570416,0.7404326693941129,0.14160729567941457,GEE:S2_SR_HARMONIZED
pn_sierra_nevada_senderismo_sulayr_034,SULAYR,senderismo,2022,1,2022-01-01,0.4770233437995217,0.15599535239691886,0.21885305685055742,0.2851648188618997,0.6914605113180203,0.22947660796522795,GEE:S2_SR_HARMONIZED
pn_sierra_nevada_senderismo_carril_cicloturista_la_zubia_cumbres_verdes_035,CARRIL CICLOTURISTA LA ZUBIA-CUMBRES VERDES,senderismo,2022,1,2022-01-01,0.6330566906914036,0.2152058416077924,0.2726915632306318,0.5685871935296135,0.7364369489239574,0.1567152417310126,GEE:S2_SR_HARMONIZED
pn_sierra_nevada_senderismo_dehesa_del_camarate_036,Dehesa del Camarate,senderismo,2022,1,2022-01-01,0.40961830511940245,-0.021830429911558785,0.16173382140043485,0.32614707589601893,0.4630367384206148,0.12352878149034685,GEE:S2_SR_HARMONIZED
pn_sierra_nevada_senderismo_pueblos_del_poqueira_037,PUEBLOS DEL POQUEIRA,senderismo,2022,1,2022-01-01,0.3816524406243569,-0.057619885408975474,0.16423282217352428,0.2989387439978595,0.4745674674966591,0.1416093010464008,GEE:S2_SR_HARMONIZED
pn_sierra_nevada_senderismo_ragua_barranco_del_hornillo_038,Ragua - Barranco del Hornillo,senderismo,2022,1,2022-01-01,0.7119094310339805,0.37043717885602073,0.3120418692611906,0.6065137927517569,0.8219957875609997,0.15121242414087663,GEE:S2_SR_HARMONIZED
pn_sierra_nevada_ciclismo_transnevada_rf_valor_fuente_de_las_primeras_agua_039,Transnevada RF - Valor - Fuente de las Primeras Aguas,ciclismo,2022,1,2022-01-01,0.49541398693893207,0.14861974535817926,0.21052853703095173,0.31030649859666604,0.6971926040856028,0.21460637139839991,GEE:S2_SR_HARMONIZED
pn_sierra_nevada_ciclismo_transnevada_rg_yegen_mecina_bombaron_yegen_040,Transnevada RG - Yegen - Mecina Bombaron - Yegen,ciclismo,2022,1,2022-01-01,0.399959213129749,0.08581642666461682,0.17855857801725858,0.23053518006772464,0.5506594025956966,0.21449911947561143,GEE:S2_SR_HARMONIZED
pn_sierra_nevada_ciclismo_transnevada_rh_capileira_refugio_poqueira_041,Transnevada RH - Capileira - Refugio Poqueira,ciclismo,2022,1,2022-01-01,0.4108571398687843,0.1670345981704144,0.18741530206404974,0.207234087935271,0.66808313381082,0.2555640259099573,GEE:S2_SR_HARMONIZED
pn_sierra_nevada_ciclismo_transnevada_rj_portugos_barranco_bermejo_portugo_042,Transnevada RJ - Portugos - Barranco Bermejo - Portugos,ciclismo,2022,1,2022-01-01,0.4475635898588222,0.10428085937965981,0.1837204117160978,0.2831461000738023,0.6113269257070186,0.2111495215939779,GEE:S2_SR_HARMONIZED
pn_sierra_nevada_ciclismo_transnevada_rk_padre_eterno_ar_puente_palo_padre_043,Transnevada RK - Padre Eterno - AR Puente Palo - Padre Eterno,ciclismo,2022,1,2022-01-01,0.3559881504499386,0.0010256874218790288,0.16751293134445908,0.2130299735436583,0.4550102273538582,0.1923726384960738,GEE:S2_SR_HARMONIZED
pn_sierra_nevada_ciclismo_transnevada_rc_abrucena_la_polarda_044,Transnevada RC - Abrucena - La Polarda,ciclismo,2022,1,2022-01-01,0.5155794879684805,0.20329233832152108,0.2198125807617223,0.28513313092224213,0.7303441579793727,0.25742271408559664,GEE:S2_SR_HARMONIZED
pn_sierra_nevada_ciclismo_transnevada_rd_laujar_andarax_loma_raspa_laujar__045,Transnevada RD - Laujar Andarax - Loma Raspa - Laujar Andarax,ciclismo,2022,1,2022-01-01,0.43390907344403107,0.11356171351757405,0.18530181463829412,0.2519336586427088,0.6233491981773914,0.2187320937835961,GEE:S2_SR_HARMONIZED
pn_sierra_nevada_ciclismo_transnevada_ri_niguelas_la_rinconada_niguelas_046,Transnevada RI - Niguelas - La Rinconada - Niguelas,ciclismo,2022,1,2022-01-01,0.3514289651928458,0.044531825999467894,0.170219413863445,0.22460393401094092,0.45118344125826854,0.16838693200638988,GEE:S2_SR_HARMONIZED
pn_sierra_nevada_ciclismo_transnevada_invierno_047,TRANSNEVADA INVIERNO,ciclismo,2022,1,2022-01-01,0.47580397378725064,0.1416116111945773,0.20657935949290637,0.285143264894218,0.6758205460372878,0.22791433190042695,GEE:S2_SR_HARMONIZED
pn_sierra_nevada_ciclismo_transnevada_verano_048,TRANSNEVADA VERANO,ciclismo,2022,1,2022-01-01,0.47924387538756585,0.14970036637270637,0.2100167880854908,0.28516785307208636,0.6836128263621519,0.22985033901192292,GEE:S2_SR_HARMONIZED
pn_sierra_nevada_ciclismo_transnevada_ra_guejar_sierra_pena_partida_049,Transnevada RA - Güejar Sierra - Peña Partida,ciclismo,2022,1,2022-01-01,0.3084041119142468,0.02337252175277272,0.14391951217539342,0.21496071597944716,0.3868664733658263,0.13614986527691345,GEE:S2_SR_HARMONIZED
pn_sierra_nevada_ciclismo_transnevada_rb_lanteira_postero_alto_lanteira_050,Transnevada RB - Lanteira - Postero Alto - Lanteira,ciclismo,2022,1,2022-01-01,0.5812172117559041,0.30150276440513124,0.26071921125243847,0.4490510128828916,0.7540380586143524,0.2030176274074434,GEE:S2_SR_HARMONIZED
pn_sierra_nevada_ciclismo_transnevada_re_bayarcal_laguna_seca_051,Transnevada RE - Bayarcal - Laguna Seca,ciclismo,2022,1,2022-01-01,0.533738253227602,0.2153457454851015,0.22580332896076286,0.34000838646434234,0.730761036287747,0.21917166711917727,GEE:S2_SR_HARMONIZED
pn_sierra_nevada_ciclismo_carril_cicloturista_la_zubia_cumbres_verdes_052,CARRIL CICLOTURISTA LA ZUBIA-CUMBRES VERDES,ciclismo,2022,1,2022-01-01,0.6330566906914036,0.2152058416077924,0.2726915632306318,0.5685871935296135,0.7364369489239574,0.1567152417310126,GEE:S2_SR_HARMONIZED
pn_sierra_nevada_senderismo_transnevada_rf_valor_fuente_de_las_primeras_agua_000,Transnevada RF - Valor - Fuente de las Primeras Aguas,senderismo,2022,2,2022-02-01,0.46536777141081603,0.13303022110965274,0.20445616811914408,0.2871229279889477,0.6540843666996277,0.21049535475186423,GEE:S2_SR_HARMONIZED
pn_sierra_nevada_senderismo_transnevada_rg_yegen_mecina_bombaron_yegen_001,Transnevada RG - Yegen - Mecina Bombaron - Yegen,senderismo,2022,2,2022-02-01,0.3728109417791593,0.06843200117295496,0.1704822505430141,0.21491762863889402,0.4960459389962751,0.20286370171597964,GEE:S2_SR_HARMONIZED
pn_sierra_nevada_senderismo_transnevada_rh_capileira_refugio_poqueira_002,Transnevada RH - Capileira - Refugio Poqueira,senderismo,2022,2,2022-02-01,0.40565690233116997,0.1531202373876369,0.180046949696486,0.21470308268145205,0.6523762813453868,0.2503542306726966,GEE:S2_SR_HARMONIZED
pn_sierra_nevada_senderismo_transnevada_rj_portugos_barranco_bermejo_portugo_003,Transnevada RJ - Portugos - Barranco Bermejo - Portugos,senderismo,2022,2,2022-02-01,0.42706907295226926,0.08725954733204337,0.1790315205077242,0.27745851978978053,0.5744059867573328,0.19913347999888945,GEE:S2_SR_HARMONIZED
pn_sierra_nevada_senderismo_transnevada_rk_padre_eterno_ar_puente_palo_padre_004,Transnevada RK - Padre Eterno - AR Puente Palo - Padre Eterno,senderismo,2022,2,2022-02-01,0.34013178539947014,-0.01631047555929707,0.16260750172202842,0.2052240919248094,0.42758825594893,0.18298803999140684,GEE:S2_SR_HARMONIZED
pn_sierra_nevada_senderismo_transnevada_rc_abrucena_la_polarda_005,Transnevada RC - Abrucena - La Polarda,senderismo,2022,2,2022-02-01,0.476595944693304,0.16903059496085743,0.20984732634587733,0.27733418911765506,0.6679939208038275,0.22057091806343265,GEE:S2_SR_HARMONIZED
pn_sierra_nevada_senderismo_transnevada_rd_laujar_andarax_loma_raspa_laujar__006,Transnevada RD - Laujar Andarax - Loma Raspa - Laujar Andarax,senderismo,2022,2,2022-02-01,0.4015774672194979,0.09430420408932016,0.17791336850232872,0.23654387223519768,0.5762828850564068,0.20536467148617832,GEE:S2_SR_HARMONIZED
pn_sierra_nevada_senderismo_transnevada_ri_niguelas_la_rinconada_niguelas_007,Transnevada RI - Niguelas - La Rinconada - Niguelas,senderismo,2022,2,2022-02-01,0.34195361168700256,0.02521234136832093,0.17111257960107318,0.2167981007949838,0.4395553508842495,0.16933934155217623,GEE:S2_SR_HARMONIZED
pn_sierra_nevada_senderismo_acequias_del_poqueira_008,Acequias del Poqueira,senderismo,2022,2,2022-02-01,0.37431805992896483,0.022336795667642715,0.18786763863223485,0.2442460393372782,0.44704333655222755,0.19032740511356194,GEE:S2_SR_HARMONIZED
pn_sierra_nevada_senderismo_canal_de_la_espartera_arenales_del_trevenque_009,Canal de la Espartera - Arenales del Trevenque,senderismo,2022,2,2022-02-01,0.4610764397170796,0.09139898075569564,0.20648635946634653,0.2638249204254772,0.6856774601070111,0.24185915343079886,GEE:S2_SR_HARMONIZED
pn_sierra_nevada_senderismo_cerro_huenes_010,Cerro Huenes,senderismo,2022,2,2022-02-01,0.6525818476752234,0.2353377478414697,0.28740637226531757,0.4941586121105964,0.8222663458610666,0.20608274558052972,GEE:S2_SR_HARMONIZED
pn_sierra_nevada_senderismo_el_aguadero_011,El Aguadero,senderismo,2022,2,2022-02-01,0.46734913112064136,0.12053322875135444,0.2071815452438623,0.30680484687564047,0.6348793084302168,0.1890636112898756,GEE:S2_SR_HARMONIZED
pn_sierra_nevada_senderismo_haza_larguilla_012,Haza Larguilla,senderismo,2022,2,2022-02-01,0.2904679048412793,-0.09746884401854103,0.14084163204848768,0.2210095977906006,0.3531794756603594,0.0931977343365873,GEE:S2_SR_HARMONIZED
pn_sierra_nevada_senderismo_hoya_del_portillo_refugio_poqueira_013,Hoya del Portillo - Refugio Poqueira,senderismo,2022,2,2022-02-01,0.3860210861902083,0.17179913730086704,0.191758304649661,0.23236241854860348,0.4867584748534105,0.23218883492799752,GEE:S2_SR_HARMONIZED
pn_sierra_nevada_senderismo_jerez_del_marquesado_postero_alto_014,Jerez del Marquesado - Postero Alto,senderismo,2022,2,2022-02-01,0.5056946736746677,0.2151910404709417,0.22666156649035077,0.2907047618111098,0.728147227999478,0.2403474781110368,GEE:S2_SR_HARMONIZED
pn_sierra_nevada_senderismo_ragua_aldeire_015,Ragua - Aldeire,senderismo,2022,2,2022-02-01,0.5108339736159521,0.19616196943320396,0.24981333489667387,0.29502428557188287,0.767639312776924,0.2461884819327939,GEE:S2_SR_HARMONIZED
pn_sierra_nevada_senderismo_transnevada_invierno_016,TRANSNEVADA INVIERNO,senderismo,2022,2,2022-02-01,0.45253904220374447,0.1115214077465611,0.2037352401400798,0.2695182852509428,0.6445387023713715,0.22076760292758296,GEE:S2_SR_HARMONIZED
pn_sierra_nevada_senderismo_transnevada_verano_017,TRANSNEVADA VERANO,senderismo,2022,2,2022-02-01,0.45747516525012977,0.12036391344790351,0.2072560620571537,0.2695224621126646,0.6523162940109267,0.2232062177643521,GEE:S2_SR_HARMONIZED
pn_sierra_nevada_senderismo_transnevada_ra_guejar_sierra_pena_partida_018,Transnevada RA - Güejar Sierra - Peña Partida,senderismo,2022,2,2022-02-01,0.31813395008986406,-0.016635724704363503,0.1701621329857909,0.23245025800385172,0.38859864729857024,0.12500595650193336,GEE:S2_SR_HARMONIZED
pn_sierra_nevada_senderismo_transnevada_rb_lanteira_postero_alto_lanteira_019,Transnevada RB - Lanteira - Postero Alto - Lanteira,senderismo,2022,2,2022-02-01,0.5674229676397871,0.2644299792371485,0.25186103489278233,0.41807111907123606,0.7381283776601086,0.21461548210427028,GEE:S2_SR_HARMONIZED
pn_sierra_nevada_senderismo_transnevada_re_bayarcal_laguna_seca_020,Transnevada RE - Bayarcal - Laguna Seca,senderismo,2022,2,2022-02-01,0.5097920426700873,0.1887084329824437,0.22108706526837782,0.3221957119457511,0.6973374236881017,0.2159213657360911,GEE:S2_SR_HARMONIZED
pn_sierra_nevada_senderismo_la_cebadilla_021,La Cebadilla,senderismo,2022,2,2022-02-01,0.3779808865082176,-0.04563864191591179,0.17551501294463936,0.2753759636839614,0.4511097852688031,0.1547452769052972,GEE:S2_SR_HARMONIZED
pn_sierra_nevada_senderismo_la_silleta_022,La Silleta,senderismo,2022,2,2022-02-01,0.4926423782145283,0.0683692416916844,0.21486275554247944,0.3236991001646254,0.6677165092082465,0.1993377659808852,GEE:S2_SR_HARMONIZED
pn_sierra_nevada_senderismo_lanjaron_tello_023,Lanjaron - Tello,senderismo,2022,2,2022-02-01,0.38298186938949913,-0.07760895469540778,0.17869547959857887,0.2676191094413879,0.4905798024878934,0.13517339475715212,GEE:S2_SR_HARMONIZED
pn_sierra_nevada_senderismo_molinos_de_isfalada_024,Molinos de Isfalada,senderismo,2022,2,2022-02-01,0.330010195804056,0.024154895936224243,0.14218670547061338,0.21302936617304233,0.42417065377867186,0.1620257216072357,GEE:S2_SR_HARMONIZED
pn_sierra_nevada_senderismo_monterrey_025,Monterrey,senderismo,2022,2,2022-02-01,0.48317431054054344,0.08386142833520772,0.2040185137265055,0.33784480740722994,0.6423753256935498,0.17621845122874366,GEE:S2_SR_HARMONIZED
pn_sierra_nevada_senderismo_puente_palo_026,Puente Palo,senderismo,2022,2,2022-02-01,0.6776101281408058,0.2620085575261145,0.29506861461447764,0.5794718924346465,0.8064085487076875,0.15919772847106511,GEE:S2_SR_HARMONIZED
pn_sierra_nevada_senderismo_ragua_hoyos_de_pura_027,Ragua - Hoyos de Pura,senderismo,2022,2,2022-02-01,0.6498038996692889,0.3401202233318711,0.29433681556936747,0.5917415345407859,0.8183375780418278,0.23953335424747163,GEE:S2_SR_HARMONIZED
pn_sierra_nevada_senderismo_ragua_lagunilla_seca_028,Ragua - Lagunilla Seca,senderismo,2022,2,2022-02-01,0.43325845168363014,0.2790546550126095,0.23547595556733822,0.23614743429673862,0.7013568571559144,0.24904581121420974,GEE:S2_SR_HARMONIZED
pn_sierra_nevada_senderismo_rio_alhama_029,Río Alhama,senderismo,2022,2,2022-02-01,0.40025600727512,0.01897305935438594,0.17266096543951218,0.24434873637070034,0.5096465434970815,0.20935780186229316,GEE:S2_SR_HARMONIZED
pn_sierra_nevada_senderismo_rio_bermejo_030,Río Bermejo,senderismo,2022,2,2022-02-01,0.42567447635898703,0.0480072519961744,0.1799566272093809,0.3179320480681483,0.5446713050510745,0.17473269804345734,GEE:S2_SR_HARMONIZED
pn_sierra_nevada_senderismo_rio_grande_de_los_berchules_031,Río Grande de los Berchules,senderismo,2022,2,2022-02-01,0.45081288744109776,0.07595313660723478,0.20468914290202225,0.2715963094064807,0.5916454735749385,0.22603011520971097,GEE:S2_SR_HARMONIZED
pn_sierra_nevada_senderismo_trevelez_siete_lagunas_032,Trevélez - Siete Lagunas,senderismo,2022,2,2022-02-01,0.33482738131014594,0.022779029024412825,0.163228997348879,0.24446445976466744,0.39256275957673814,0.1412306276416982,GEE:S2_SR_HARMONIZED
pn_sierra_nevada_senderismo_ubeire_033,Ubeire,senderismo,2022,2,2022-02-01,0.5878838425949034,0.14592123008020197,0.23194076860669552,0.48599433978511714,0.6897098928786435,0.13835050445566166,GEE:S2_SR_HARMONIZED
pn_sierra_nevada_senderismo_sulayr_034,SULAYR,senderismo,2022,2,2022-02-01,0.4659417820131387,0.12361845127592096,0.21534651165643529,0.28524010440944075,0.6601447091094231,0.22146138309451174,GEE:S2_SR_HARMONIZED
pn_sierra_nevada_senderismo_carril_cicloturista_la_zubia_cumbres_verdes_035,CARRIL CICLOTURISTA LA ZUBIA-CUMBRES VERDES,senderismo,2022,2,2022-02-01,0.6176726953800158,0.1576973485197885,0.265785532464734,0.5370736867189407,0.7325792038703572,0.1654670300747594,GEE:S2_SR_HARMONIZED
pn_sierra_nevada_senderismo_dehesa_del_camarate_036,Dehesa del Camarate,senderismo,2022,2,2022-02-01,0.4031923945964044,-0.04164028989842183,0.1689686534349796,0.3221286939661011,0.4591770194426025,0.11864358054436913,GEE:S2_SR_HARMONIZED
pn_sierra_nevada_senderismo_pueblos_del_poqueira_037,PUEBLOS DEL POQUEIRA,senderismo,2022,2,2022-02-01,0.39247370474328824,-0.04688631966824343,0.18078157693737715,0.3163370057438495,0.48036234357864355,0.14159128901740062,GEE:S2_SR_HARMONIZED
pn_sierra_nevada_senderismo_ragua_barranco_del_hornillo_038,Ragua - Barranco del Hornillo,senderismo,2022,2,2022-02-01,0.7147098186538897,0.3447430006886052,0.30060450488556195,0.5847525199254354,0.8459239387668679,0.1715308638586721,GEE:S2_SR_HARMONIZED
pn_sierra_nevada_ciclismo_transnevada_rf_valor_fuente_de_las_primeras_agua_039,Transnevada RF - Valor - Fuente de las Primeras Aguas,ciclismo,2022,2,2022-02-01,0.46536777141081603,0.13303022110965274,0.20445616811914408,0.2871229279889477,0.6540843666996277,0.21049535475186423,GEE:S2_SR_HARMONIZED
pn_sierra_nevada_ciclismo_transnevada_rg_yegen_mecina_bombaron_yegen_040,Transnevada RG - Yegen - Mecina Bombaron - Yegen,ciclismo,2022,2,2022-02-01,0.3728109417791593,0.06843200117295496,0.1704822505430141,0.21491762863889402,0.4960459389962751,0.20286370171597964,GEE:S2_SR_HARMONIZED
pn_sierra_nevada_ciclismo_transnevada_rh_capileira_refugio_poqueira_041,Transnevada RH - Capileira - Refugio Poqueira,ciclismo,2022,2,2022-02-01,0.40565690233116997,0.1531202373876369,0.180046949696486,0.21470308268145205,0.6523762813453868,0.2503542306726966,GEE:S2_SR_HARMONIZED
pn_sierra_nevada_ciclismo_transnevada_rj_portugos_barranco_bermejo_portugo_042,Transnevada RJ - Portugos - Barranco Bermejo - Portugos,ciclismo,2022,2,2022-02-01,0.42706907295226926,0.08725954733204337,0.1790315205077242,0.27745851978978053,0.5744059867573328,0.19913347999888945,GEE:S2_SR_HARMONIZED
pn_sierra_nevada_ciclismo_transnevada_rk_padre_eterno_ar_puente_palo_padre_043,Transnevada RK - Padre Eterno - AR Puente Palo - Padre Eterno,ciclismo,2022,2,2022-02-01,0.34013178539947014,-0.01631047555929707,0.16260750172202842,0.2052240919248094,0.42758825594893,0.18298803999140684,GEE:S2_SR_HARMONIZED
pn_sierra_nevada_ciclismo_transnevada_rc_abrucena_la_polarda_044,Transnevada RC - Abrucena - La Polarda,ciclismo,2022,2,2022-02-01,0.476595944693304,0.16903059496085743,0.20984732634587733,0.27733418911765506,0.6679939208038275,0.22057091806343265,GEE:S2_SR_HARMONIZED
pn_sierra_nevada_ciclismo_transnevada_rd_laujar_andarax_loma_raspa_laujar__045,Transnevada RD - Laujar Andarax - Loma Raspa - Laujar Andarax,ciclismo,2022,2,2022-02-01,0.4015774672194979,0.09430420408932016,0.17791336850232872,0.23654387223519768,0.5762828850564068,0.20536467148617832,GEE:S2_SR_HARMONIZED
pn_sierra_nevada_ciclismo_transnevada_ri_niguelas_la_rinconada_niguelas_046,Transnevada RI - Niguelas - La Rinconada - Niguelas,ciclismo,2022,2,2022-02-01,0.34195361168700256,0.02521234136832093,0.17111257960107318,0.2167981007949838,0.4395553508842495,0.16933934155217623,GEE:S2_SR_HARMONIZED
pn_sierra_nevada_ciclismo_transnevada_invierno_047,TRANSNEVADA INVIERNO,ciclismo,2022,2,2022-02-01,0.45253904220374447,0.1115214077465611,0.2037352401400798,0.2695182852509428,0.6445387023713715,0.22076760292758296,GEE:S2_SR_HARMONIZED
pn_sierra_nevada_ciclismo_transnevada_verano_048,TRANSNEVADA VERANO,ciclismo,2022,2,2022-02-01,0.45747516525012977,0.12036391344790351,0.2072560620571537,0.2695224621126646,0.6523162940109267,0.2232062177643521,GEE:S2_SR_HARMONIZED
pn_sierra_nevada_ciclismo_transnevada_ra_guejar_sierra_pena_partida_049,Transnevada RA - Güejar Sierra - Peña Partida,ciclismo,2022,2,2022-02-01,0.31813395008986406,-0.016635724704363503,0.1701621329857909,0.23245025800385172,0.38859864729857024,0.12500595650193336,GEE:S2_SR_HARMONIZED
pn_sierra_nevada_ciclismo_transnevada_rb_lanteira_postero_alto_lanteira_050,Transnevada RB - Lanteira - Postero Alto - Lanteira,ciclismo,2022,2,2022-02-01,0.5674229676397871,0.2644299792371485,0.25186103489278233,0.41807111907123606,0.7381283776601086,0.21461548210427028,GEE:S2_SR_HARMONIZED
pn_sierra_nevada_ciclismo_transnevada_re_bayarcal_laguna_seca_051,Transnevada RE - Bayarcal - Laguna Seca,ciclismo,2022,2,2022-02-01,0.5097920426700873,0.1887084329824437,0.22108706526837782,0.3221957119457511,0.6973374236881017,0.2159213657360911,GEE:S2_SR_HARMONIZED
pn_sierra_nevada_ciclismo_carril_cicloturista_la_zubia_cumbres_verdes_052,CARRIL CICLOTURISTA LA ZUBIA-CUMBRES VERDES,ciclismo,2022,2,2022-02-01,0.6176726953800158,0.1576973485197885,0.265785532464734,0.5370736867189407,0.7325792038703572,0.1654670300747594,GEE:S2_SR_HARMONIZED
pn_sierra_nevada_senderismo_transnevada_rf_valor_fuente_de_las_primeras_agua_000,Transnevada RF - Valor - Fuente de las Primeras Aguas,senderismo,2022,3,2022-03-01,0.3608809752929344,0.060005474954533275,0.19929087658801592,0.2533078748665597,0.449404463781869,0.15414648894189145,GEE:S2_SR_HARMONIZED
pn_sierra_nevada_senderismo_transnevada_rg_yegen_mecina_bombaron_yegen_001,Transnevada RG - Yegen - Mecina Bombaron - Yegen,senderismo,2022,3,2022-03-01,0.28845436477614794,-0.013879570615824916,0.1641798605833547,0.1935195700274706,0.36534123456141426,0.13063940352100287,GEE:S2_SR_HARMONIZED
pn_sierra_nevada_senderismo_transnevada_rh_capileira_refugio_poqueira_002,Transnevada RH - Capileira - Refugio Poqueira,senderismo,2022,3,2022-03-01,0.2431929880136998,0.06239416431707219,0.10821126936127304,0.16596852196183365,0.29518472327685996,0.1107956174100739,GEE:S2_SR_HARMONIZED
pn_sierra_nevada_senderismo_transnevada_rj_portugos_barranco_bermejo_portugo_003,Transnevada RJ - Portugos - Barranco Bermejo - Portugos,senderismo,2022,3,2022-03-01,0.3824437203664116,0.05413739126899844,0.20577449131508863,0.25176809806191847,0.4980402133152202,0.16666260750036332,GEE:S2_SR_HARMONIZED
pn_sierra_nevada_senderismo_transnevada_rk_padre_eterno_ar_puente_palo_padre_004,Transnevada RK - Padre Eterno - AR Puente Palo - Padre Eterno,senderismo,2022,3,2022-03-01,0.2761796297372542,-0.05712714982016677,0.16968794521634933,0.18566026559981122,0.3378097210718015,0.12673735310665624,GEE:S2_SR_HARMONIZED
pn_sierra_nevada_senderismo_transnevada_rc_abrucena_la_polarda_005,Transnevada RC - Abrucena - La Polarda,senderismo,2022,3,2022-03-01,0.4451999107979783,0.15198297796027266,0.2092284422297001,0.2772134795810382,0.6133856012475767,0.19794165021460033,GEE:S2_SR_HARMONIZED
pn_sierra_nevada_senderismo_transnevada_rd_laujar_andarax_loma_raspa_laujar__006,Transnevada RD - Laujar Andarax - Loma Raspa - Laujar Andarax,senderismo,2022,3,2022-03-01,0.38841111299901704,0.0873205460432206,0.1818234383498699,0.23220045342814677,0.5446450070110085,0.19401348728716514,GEE:S2_SR_HARMONIZED
pn_sierra_nevada_senderismo_transnevada_ri_niguelas_la_rinconada_niguelas_007,Transnevada RI - Niguelas - La Rinconada - Niguelas,senderismo,2022,3,2022-03-01,0.3263985454736913,0.05151768034879051,0.1731498807355439,0.19740256929060523,0.43943998079610325,0.175325481424332,GEE:S2_SR_HARMONIZED
pn_sierra_nevada_senderismo_acequias_del_poqueira_008,Acequias del Poqueira,senderismo,2022,3,2022-03-01,0.287605298846654,0.018553539683598554,0.18741697400986268,0.21688832520962154,0.3417427838202343,0.1179903275439759,GEE:S2_SR_HARMONIZED
pn_sierra_nevada_senderismo_canal_de_la_espartera_arenales_del_trevenque_009,Canal de la Espartera - Arenales del Trevenque,senderismo,2022,3,2022-03-01,0.44455911373850737,0.08975849803586784,0.2117047657441376,0.254211242698887,0.6447730574879805,0.23653843733399363,GEE:S2_SR_HARMONIZED
pn_sierra_nevada_senderismo_cerro_huenes_010,Cerro Huenes,senderismo,2022,3,2022-03-01,0.600788149593098,0.23906937058835986,0.2882107664487139,0.434269734645543,0.7851622645726773,0.21242374246306872,GEE:S2_SR_HARMONIZED
pn_sierra_nevada_senderismo_el_aguadero_011,El Aguadero,senderismo,2022,3,2022-03-01,0.4279102608802747,0.1104513416845885,0.20568582089864246,0.29886331218903095,0.5528659558006085,0.16579579800200614,GEE:S2_SR_HARMONIZED
pn_sierra_nevada_senderismo_haza_larguilla_012,Haza Larguilla,senderismo,2022,3,2022-03-01,0.2961824352887372,-0.09633026136922408,0.15039091298519627,0.22498451746427095,0.3617180876708911,0.09682751024917953,GEE:S2_SR_HARMONIZED
pn_sierra_nevada_senderismo_hoya_del_portillo_refugio_poqueira_013,Hoya del Portillo - Refugio Poqueira,senderismo,2022,3,2022-03-01,0.14241114144792746,0.42302221482114716,0.06734198544769217,0.08720439455949414,0.18974878366400555,0.09814619036370928,GEE:S2_SR_HARMONIZED
pn_sierra_nevada_senderismo_jerez_del_marquesado_postero_alto_014,Jerez del Marquesado - Postero Alto,senderismo,2022,3,2022-03-01,0.47279819824741204,0.19533581394601188,0.2215444861907557,0.27898866549681384,0.6854157245207216,0.23198296925145256,GEE:S2_SR_HARMONIZED
pn_sierra_nevada_senderismo_ragua_aldeire_015,Ragua - Aldeire,senderismo,2022,3,2022-03-01,0.46176633288182445,0.13674160530979806,0.2271064426224665,0.3095756254365724,0.6205770292667112,0.20913553657936065,GEE:S2_SR_HARMONIZED
pn_sierra_nevada_senderismo_transnevada_invierno_016,TRANSNEVADA INVIERNO,senderismo,2022,3,2022-03-01,0.4231323001693256,0.1259198109550103,0.21226395250408547,0.2616916326391443,0.5821170481252235,0.203881886597503,GEE:S2_SR_HARMONIZED
pn_sierra_nevada_senderismo_transnevada_verano_017,TRANSNEVADA VERANO,senderismo,2022,3,2022-03-01,0.4245649651394748,0.13748156078477808,0.21246850992663177,0.2538917722706132,0.5898746521456726,0.21352104343983702,GEE:S2_SR_HARMONIZED
pn_sierra_nevada_senderismo_transnevada_ra_guejar_sierra_pena_partida_018,Transnevada RA - Güejar Sierra - Peña Partida,senderismo,2022,3,2022-03-01,0.3486462051954732,-0.006496960298712046,0.19906599764255822,0.24599481025913122,0.44899206750885884,0.160374004351656,GEE:S2_SR_HARMONIZED
pn_sierra_nevada_senderismo_transnevada_rb_lanteira_postero_alto_lanteira_019,Transnevada RB - Lanteira - Postero Alto - Lanteira,senderismo,2022,3,2022-03-01,0.5323979752213018,0.23466823087859945,0.24352799079250503,0.39433589150776116,0.6915123640850472,0.20624648563363274,GEE:S2_SR_HARMONIZED
pn_sierra_nevada_senderismo_transnevada_re_bayarcal_laguna_seca_020,Transnevada RE - Bayarcal - Laguna Seca,senderismo,2022,3,2022-03-01,0.3577838110699396,0.3262035040894146,0.21238854575267274,0.2088940384460532,0.5139575513806117,0.20802396477725194,GEE:S2_SR_HARMONIZED
pn_sierra_nevada_senderismo_la_cebadilla_021,La Cebadilla,senderismo,2022,3,2022-03-01,0.27460317718197486,-0.02015824736995333,0.18352255596308034,0.20497085537189677,0.3339001992756283,0.09507754058519124,GEE:S2_SR_HARMONIZED
pn_sierra_nevada_senderismo_la_silleta_022,La Silleta,senderismo,2022,3,2022-03-01,0.48354880987634186,0.06293149259127173,0.22840298495387246,0.34764079374440665,0.6366658952203403,0.18308319463876122,GEE:S2_SR_HARMONIZED
pn_sierra_nevada_senderismo_lanjaron_tello_023,Lanjaron - Tello,senderismo,2022,3,2022-03-01,0.33468519445080014,-0.08788153676104395,0.17421512861328028,0.24809215645382882,0.4194730117945978,0.11171953782625563,GEE:S2_SR_HARMONIZED
pn_sierra_nevada_senderismo_molinos_de_isfalada_024,Molinos de Isfalada,senderismo,2022,3,2022-03-01,0.34473428448502746,0.0070943948848333415,0.1496794176444695,0.23561507205913224,0.4434943056136171,0.1483186740567311,GEE:S2_SR_HARMONIZED
pn_sierra_nevada_senderismo_monterrey_025,Monterrey,senderismo,2022,3,2022-03-01,0.4740449479745062,0.08020574205290995,0.210373439830975,0.3416873021646361,0.6192305566126954,0.16533157209639918,GEE:S2_SR_HARMONIZED
pn_sierra_nevada_senderismo_puente_palo_026,Puente Palo,senderismo,2022,3,2022-03-01,0.4453223638262866,0.19876517640144883,0.30249599942868366,0.3533946089576995,0.5369520758531272,0.13110048291888923,GEE:S2_SR_HARMONIZED
pn_sierra_nevada_senderismo_ragua_hoyos_de_pura_027,Ragua - Hoyos de Pura,senderismo,2022,3,2022-03-01,0.5487829354635069,0.6483044811642028,0.3361621015539602,0.5337716341018677,0.5659204125404358,0.024779420486823443,GEE:S2_SR_HARMONIZED
pn_sierra_nevada_senderismo_ragua_lagunilla_seca_028,Ragua - Lagunilla Seca,senderismo,2022,3,2022-03-01,0.243181095543533,0.7197887199945454,0.16050917774518395,-0.048848001813715625,0.41994605942747565,0.2112433195772741,GEE:S2_SR_HARMONIZED
pn_sierra_nevada_senderismo_rio_alhama_029,Río Alhama,senderismo,2022,3,2022-03-01,0.5431978383831517,-0.038578719772117354,0.1587270721295479,0.37839700279629845,0.7378726486680096,0.22888182186624587,GEE:S2_SR_HARMONIZED
pn_sierra_nevada_senderismo_rio_bermejo_030,Río Bermejo,senderismo,2022,3,2022-03-01,0.3921614990340592,0.015336879651199616,0.23702618961950253,0.3071167486972413,0.47432646909187925,0.1266464699593384,GEE:S2_SR_HARMONIZED
pn_sierra_nevada_senderismo_rio_grande_de_los_berchules_031,Río Grande de los Berchules,senderismo,2022,3,2022-03-01,0.3497139710427337,0.02918386261245009,0.21299058861418121,0.24039612120922,0.43921228013145,0.13759117821092426,GEE:S2_SR_HARMONIZED
pn_sierra_nevada_senderismo_trevelez_siete_lagunas_032,Trevélez - Siete Lagunas,senderismo,2022,3,2022-03-01,0.31326255811519427,-0.017860512396836316,0.21982925015563234,0.2242239765504927,0.3963563472485345,0.11323408559458184,GEE:S2_SR_HARMONIZED
pn_sierra_nevada_senderismo_ubeire_033,Ubeire,senderismo,2022,3,2022-03-01,0.561770990852214,0.11088393196038884,0.23129986434948738,0.4787929021875396,0.6463337618032193,0.12144309773530867,GEE:S2_SR_HARMONIZED
pn_sierra_nevada_senderismo_sulayr_034,SULAYR,senderismo,2022,3,2022-03-01,0.4424423409486428,0.17333119911730546,0.2244235658448342,0.29303421146122566,0.5976541540962146,0.2044598163349902,GEE:S2_SR_HARMONIZED
pn_sierra_nevada_senderismo_carril_cicloturista_la_zubia_cumbres_verdes_035,CARRIL CICLOTURISTA LA ZUBIA-CUMBRES VERDES,senderismo,2022,3,2022-03-01,0.6096760696107495,0.13558361583683234,0.2714434093463803,0.5217179473867837,0.7284253606418357,0.16654008011599855,GEE:S2_SR_HARMONIZED
pn_sierra_nevada_senderismo_dehesa_del_camarate_036,Dehesa del Camarate,senderismo,2022,3,2022-03-01,0.3951045970667977,-0.01455396212797935,0.17817865292594992,0.32208109999267226,0.450836520351853,0.12182454382008304,GEE:S2_SR_HARMONIZED
pn_sierra_nevada_senderismo_pueblos_del_poqueira_037,PUEBLOS DEL POQUEIRA,senderismo,2022,3,2022-03-01,0.37422279291264016,0.006080099131821467,0.2114204129924,0.30287161333680046,0.4628554907470399,0.13142398737315494,GEE:S2_SR_HARMONIZED
pn_sierra_nevada_ciclismo_transnevada_rf_valor_fuente_de_las_primeras_agua_039,Transnevada RF - Valor - Fuente de las Primeras Aguas,ciclismo,2022,3,2022-03-01,0.3608809752929344,0.060005474954533275,0.19929087658801592,0.2533078748665597,0.449404463781869,0.15414648894189145,GEE:S2_SR_HARMONIZED
pn_sierra_nevada_ciclismo_transnevada_rg_yegen_mecina_bombaron_yegen_040,Transnevada RG - Yegen - Mecina Bombaron - Yegen,ciclismo,2022,3,2022-03-01,0.28845436477614794,-0.013879570615824916,0.1641798605833547,0.1935195700274706,0.36534123456141426,0.13063940352100287,GEE:S2_SR_HARMONIZED
pn_sierra_nevada_ciclismo_transnevada_rh_capileira_refugio_poqueira_041,Transnevada RH - Capileira - Refugio Poqueira,ciclismo,2022,3,2022-03-01,0.2431929880136998,0.06239416431707219,0.10821126936127304,0.16596852196183365,0.29518472327685996,0.1107956174100739,GEE:S2_SR_HARMONIZED
pn_sierra_nevada_ciclismo_transnevada_rj_portugos_barranco_bermejo_portugo_042,Transnevada RJ - Portugos - Barranco Bermejo - Portugos,ciclismo,2022,3,2022-03-01,0.3824437203664116,0.05413739126899844,0.20577449131508863,0.25176809806191847,0.4980402133152202,0.16666260750036332,GEE:S2_SR_HARMONIZED
pn_sierra_nevada_ciclismo_transnevada_rk_padre_eterno_ar_puente_palo_padre_043,Transnevada RK - Padre Eterno - AR Puente Palo - Padre Eterno,ciclismo,2022,3,2022-03-01,0.2761796297372542,-0.05712714982016677,0.16968794521634933,0.18566026559981122,0.3378097210718015,0.12673735310665624,GEE:S2_SR_HARMONIZED
pn_sierra_nevada_ciclismo_transnevada_rc_abrucena_la_polarda_044,Transnevada RC - Abrucena - La Polarda,ciclismo,2022,3,2022-03-01,0.4451999107979783,0.15198297796027266,0.2092284422297001,0.2772134795810382,0.6133856012475767,0.19794165021460033,GEE:S2_SR_HARMONIZED
pn_sierra_nevada_ciclismo_transnevada_rd_laujar_andarax_loma_raspa_laujar__045,Transnevada RD - Laujar Andarax - Loma Raspa - Laujar Andarax,ciclismo,2022,3,2022-03-01,0.38841111299901704,0.0873205460432206,0.1818234383498699,0.23220045342814677,0.5446450070110085,0.19401348728716514,GEE:S2_SR_HARMONIZED
pn_sierra_nevada_ciclismo_transnevada_ri_niguelas_la_rinconada_niguelas_046,Transnevada RI - Niguelas - La Rinconada - Niguelas,ciclismo,2022,3,2022-03-01,0.3263985454736913,0.05151768034879051,0.1731498807355439,0.19740256929060523,0.43943998079610325,0.175325481424332,GEE:S2_SR_HARMONIZED
pn_sierra_nevada_ciclismo_transnevada_invierno_047,TRANSNEVADA INVIERNO,ciclismo,2022,3,2022-03-01,0.4231323001693256,0.1259198109550103,0.21226395250408547,0.2616916326391443,0.5821170481252235,0.203881886597503,GEE:S2_SR_HARMONIZED
pn_sierra_nevada_ciclismo_transnevada_verano_048,TRANSNEVADA VERANO,ciclismo,2022,3,2022-03-01,0.4245649651394748,0.13748156078477808,0.21246850992663177,0.2538917722706132,0.5898746521456726,0.21352104343983702,GEE:S2_SR_HARMONIZED
pn_sierra_nevada_ciclismo_transnevada_ra_guejar_sierra_pena_partida_049,Transnevada RA - Güejar Sierra - Peña Partida,ciclismo,2022,3,2022-03-01,0.3486462051954732,-0.006496960298712046,0.19906599764255822,0.24599481025913122,0.44899206750885884,0.160374004351656,GEE:S2_SR_HARMONIZED
pn_sierra_nevada_ciclismo_transnevada_rb_lanteira_postero_alto_lanteira_050,Transnevada RB - Lanteira - Postero Alto - Lanteira,ciclismo,2022,3,2022-03-01,0.5323979752213018,0.23466823087859945,0.24352799079250503,0.39433589150776116,0.6915123640850472,0.20624648563363274,GEE:S2_SR_HARMONIZED
pn_sierra_nevada_ciclismo_transnevada_re_bayarcal_laguna_seca_051,Transnevada RE - Bayarcal - Laguna Seca,ciclismo,2022,3,2022-03-01,0.3577838110699396,0.3262035040894146,0.21238854575267274,0.2088940384460532,0.5139575513806117,0.20802396477725194,GEE:S2_SR_HARMONIZED
pn_sierra_nevada_ciclismo_carril_cicloturista_la_zubia_cumbres_verdes_052,CARRIL CICLOTURISTA LA ZUBIA-CUMBRES VERDES,ciclismo,2022,3,2022-03-01,0.6096760696107495,0.13558361583683234,0.2714434093463803,0.5217179473867837,0.7284253606418357,0.16654008011599855,GEE:S2_SR_HARMONIZED
pn_sierra_nevada_senderismo_transnevada_rf_valor_fuente_de_las_primeras_agua_000,Transnevada RF - Valor - Fuente de las Primeras Aguas,senderismo,2022,4,2022-04-01,0.42360352345715907,0.15875188918234376,0.2299202708150106,0.2927227603218125,0.5588965078668447,0.1632800320750113,GEE:S2_SR_HARMONIZED
pn_sierra_nevada_senderismo_transnevada_rg_yegen_mecina_bombaron_yegen_001,Transnevada RG - Yegen - Mecina Bombaron - Yegen,senderismo,2022,4,2022-04-01,0.3374726177458229,0.10241486312108401,0.19683305394741601,0.22457143987597786,0.431718619649102,0.15079498223962834,GEE:S2_SR_HARMONIZED
pn_sierra_nevada_senderismo_transnevada_rh_capileira_refugio_poqueira_002,Transnevada RH - Capileira - Refugio Poqueira,senderismo,2022,4,2022-04-01,0.3415550215694553,0.18339510560249533,0.19643353435283054,0.16607409821864996,0.5051963502986707,0.19408853394267975,GEE:S2_SR_HARMONIZED
pn_sierra_nevada_senderismo_transnevada_rj_portugos_barranco_bermejo_portugo_003,Transnevada RJ - Portugos - Barranco Bermejo - Portugos,senderismo,2022,4,2022-04-01,0.3686272972519655,0.10665300664921167,0.20324627530498876,0.24055043905247958,0.49016596835333864,0.15885185537146612,GEE:S2_SR_HARMONIZED
pn_sierra_nevada_senderismo_transnevada_rk_padre_eterno_ar_puente_palo_padre_004,Transnevada RK - Padre Eterno - AR Puente Palo - Padre Eterno,senderismo,2022,4,2022-04-01,0.3193394565307384,0.042636560189589216,0.19937551747719018,0.2207222947561236,0.4004739206173541,0.13014419791273524,GEE:S2_SR_HARMONIZED
pn_sierra_nevada_senderismo_transnevada_rc_abrucena_la_polarda_005,Transnevada RC - Abrucena - La Polarda,senderismo,2022,4,2022-04-01,0.3970230821473553,0.12382910186418174,0.22620785115512926,0.2792687790953144,0.5056722898824375,0.1492958330976928,GEE:S2_SR_HARMONIZED
pn_sierra_nevada_senderismo_transnevada_rd_laujar_andarax_loma_raspa_laujar__006,Transnevada RD - Laujar Andarax - Loma Raspa - Laujar Andarax,senderismo,2022,4,2022-04-01,0.35819912151001587,0.09677324273400877,0.20070962834995512,0.22847572125045154,0.49022507889998,0.1607337101984969,GEE:S2_SR_HARMONIZED
pn_sierra_nevada_senderismo_transnevada_ri_niguelas_la_rinconada_niguelas_007,Transnevada RI - Niguelas - La Rinconada - Niguelas,senderismo,2022,4,2022-04-01,0.2731304277325046,0.0456853295662651,0.16941528055362626,0.17776284582578758,0.3533928366502383,0.12509342251270747,GEE:S2_SR_HARMONIZED
pn_sierra_nevada_senderismo_acequias_del_poqueira_008,Acequias del Poqueira,senderismo,2022,4,2022-04-01,0.2927259824918244,0.08303369677146492,0.20233791013396982,0.18940277215491955,0.36132195489669355,0.13629608885612313,GEE:S2_SR_HARMONIZED
pn_sierra_nevada_senderismo_canal_de_la_espartera_arenales_del_trevenque_009,Canal de la Espartera - Arenales del Trevenque,senderismo,2022,4,2022-04-01,0.38447383260869983,0.0751060082048122,0.21162908244619297,0.2283712906305436,0.5369433231526978,0.1937740237864369,GEE:S2_SR_HARMONIZED
pn_sierra_nevada_senderismo_cerro_huenes_010,Cerro Huenes,senderismo,2022,4,2022-04-01,0.49426562379286615,0.15921184223425136,0.28065863720915196,0.3730244922026631,0.6269856741956185,0.1537962290365011,GEE:S2_SR_HARMONIZED
pn_sierra_nevada_senderismo_el_aguadero_011,El Aguadero,senderismo,2022,4,2022-04-01,0.41139825776468825,0.09678034073999235,0.22822015751560748,0.3068114206236262,0.5251615931381137,0.13758229145042636,GEE:S2_SR_HARMONIZED
pn_sierra_nevada_senderismo_haza_larguilla_012,Haza Larguilla,senderismo,2022,4,2022-04-01,0.2933191192365191,-0.042891106226820755,0.15916756328098514,0.2293218258000069,0.35307197701775,0.0881778385257877,GEE:S2_SR_HARMONIZED
pn_sierra_nevada_senderismo_hoya_del_portillo_refugio_poqueira_013,Hoya del Portillo - Refugio Poqueira,senderismo,2022,4,2022-04-01,0.26111965787474833,0.23026452041234674,0.16415407918717614,0.11523270264960232,0.37289737020018365,0.19426560653999517,GEE:S2_SR_HARMONIZED
pn_sierra_nevada_senderismo_jerez_del_marquesado_postero_alto_014,Jerez del Marquesado - Postero Alto,senderismo,2022,4,2022-04-01,0.40123399371135393,0.1966365268418942,0.23912995921573849,0.2598649430546169,0.5449878270833151,0.17813396785300678,GEE:S2_SR_HARMONIZED
pn_sierra_nevada_senderismo_ragua_aldeire_015,Ragua - Aldeire,senderismo,2022,4,2022-04-01,0.46472404960763175,0.18158943288411547,0.27092520802814307,0.35533038299271813,0.5819848354075862,0.1828839259744393,GEE:S2_SR_HARMONIZED
pn_sierra_nevada_senderismo_transnevada_invierno_016,TRANSNEVADA INVIERNO,senderismo,2022,4,2022-04-01,0.3700959920892153,0.11513440848718316,0.21778795295705825,0.24607880754452255,0.480513039875824,0.15733316076961967,GEE:S2_SR_HARMONIZED
pn_sierra_nevada_senderismo_transnevada_verano_017,TRANSNEVADA VERANO,senderismo,2022,4,2022-04-01,0.3719319257897868,0.1285856746721356,0.22028639987213017,0.24607926081851958,0.48815991265597153,0.16288407105293967,GEE:S2_SR_HARMONIZED
pn_sierra_nevada_senderismo_transnevada_ra_guejar_sierra_pena_partida_018,Transnevada RA - Güejar Sierra - Peña Partida,senderismo,2022,4,2022-04-01,0.3067650576710702,0.02642143452320035,0.20907340197929367,0.20535293300332463,0.38864221453320696,0.1464427051255463,GEE:S2_SR_HARMONIZED
pn_sierra_nevada_senderismo_transnevada_rb_lanteira_postero_alto_lanteira_019,Transnevada RB - Lanteira - Postero Alto - Lanteira,senderismo,2022,4,2022-04-01,0.4217337874257617,0.20970493841056473,0.24328409801611056,0.31833936863310647,0.5371325735908793,0.15229522622461023,GEE:S2_SR_HARMONIZED
pn_sierra_nevada_senderismo_transnevada_re_bayarcal_laguna_seca_020,Transnevada RE - Bayarcal - Laguna Seca,senderismo,2022,4,2022-04-01,0.36485973242797953,0.1922806996622165,0.2293643792735433,0.2673346841742915,0.4551826481877254,0.13444778986735495,GEE:S2_SR_HARMONIZED
pn_sierra_nevada_senderismo_la_cebadilla_021,La Cebadilla,senderismo,2022,4,2022-04-01,0.34431910972227786,0.07680059552724187,0.25074042301676597,0.27543293491106197,0.40850818408407413,0.10215966816749286,GEE:S2_SR_HARMONIZED
pn_sierra_nevada_senderismo_la_silleta_022,La Silleta,senderismo,2022,4,2022-04-01,0.43758964718355653,0.07103393131484358,0.24167504103644716,0.3397274972364758,0.5430567549719217,0.13383806136030185,GEE:S2_SR_HARMONIZED
pn_sierra_nevada_senderismo_lanjaron_tello_023,Lanjaron - Tello,senderismo,2022,4,2022-04-01,0.43589042038724024,0.04010701520721379,0.27063724853209226,0.36987018249016496,0.5016368573469399,0.09150046970779312,GEE:S2_SR_HARMONIZED
pn_sierra_nevada_senderismo_molinos_de_isfalada_024,Molinos de Isfalada,senderismo,2022,4,2022-04-01,0.38089493586391304,0.06633068024841819,0.20160287312100295,0.27913387229342745,0.4859887529937052,0.13906054221526282,GEE:S2_SR_HARMONIZED
pn_sierra_nevada_senderismo_monterrey_025,Monterrey,senderismo,2022,4,2022-04-01,0.4532999112396769,0.09057748314373534,0.23304725799347986,0.35354276690077074,0.5683750687679496,0.13849407432887767,GEE:S2_SR_HARMONIZED
pn_sierra_nevada_senderismo_puente_palo_026,Puente Palo,senderismo,2022,4,2022-04-01,0.502750439079697,0.20976080560377228,0.29159608199429665,0.4045484305499007,0.6035703266235956,0.12752893052164196,GEE:S2_SR_HARMONIZED
pn_sierra_nevada_senderismo_ragua_hoyos_de_pura_027,Ragua - Hoyos de Pura,senderismo,2022,4,2022-04-01,0.7865486276915464,0.48081864360060234,0.3641539167817502,0.7784244865179062,0.8014748148448901,0.03183322731536909,GEE:S2_SR_HARMONIZED
pn_sierra_nevada_senderismo_ragua_lagunilla_seca_028,Ragua - Lagunilla Seca,senderismo,2022,4,2022-04-01,0.31269995082923585,0.428437017513126,0.22536262871326593,0.08066911755837845,0.5238912105560303,0.2567271320896746,GEE:S2_SR_HARMONIZED
pn_sierra_nevada_senderismo_rio_alhama_029,Río Alhama,senderismo,2022,4,2022-04-01,0.38485677415359776,0.07029624472959825,0.23417175461601825,0.28695768177527203,0.4861812494529649,0.14387854996555502,GEE:S2_SR_HARMONIZED
pn_sierra_nevada_senderismo_rio_bermejo_030,Río Bermejo,senderismo,2022,4,2022-04-01,0.4112995272062288,0.12369019251453543,0.23631343208450953,0.3110998827997314,0.5179355554507384,0.14218816173146082,GEE:S2_SR_HARMONIZED
pn_sierra_nevada_senderismo_rio_grande_de_los_berchules_031,Río Grande de los Berchules,senderismo,2022,4,2022-04-01,0.44601321254331505,0.14912517247832285,0.2835347203387475,0.32209479341584807,0.5684183883072842,0.15566591602159763,GEE:S2_SR_HARMONIZED
pn_sierra_nevada_senderismo_trevelez_siete_lagunas_032,Trevélez - Siete Lagunas,senderismo,2022,4,2022-04-01,0.35312653521627785,0.09824057113348884,0.2341802641573476,0.25199339780453095,0.4474538857626039,0.13736496025890496,GEE:S2_SR_HARMONIZED
pn_sierra_nevada_senderismo_ubeire_033,Ubeire,senderismo,2022,4,2022-04-01,0.5032523044900131,0.12296590202880621,0.22704637240463257,0.4315481274019301,0.568437960253826,0.10635621031202538,GEE:S2_SR_HARMONIZED
pn_sierra_nevada_senderismo_sulayr_034,SULAYR,senderismo,2022,4,2022-04-01,0.37708795573367104,0.13191604876455584,0.22213849005371486,0.24610106362866832,0.4882324652747702,0.1683001184001466,GEE:S2_SR_HARMONIZED
pn_sierra_nevada_senderismo_carril_cicloturista_la_zubia_cumbres_verdes_035,CARRIL CICLOTURISTA LA ZUBIA-CUMBRES VERDES,senderismo,2022,4,2022-04-01,0.47368525886898905,0.09502512568458336,0.25961966173892626,0.4316280934265515,0.5409187851622093,0.10654978099483527,GEE:S2_SR_HARMONIZED
pn_sierra_nevada_senderismo_dehesa_del_camarate_036,Dehesa del Camarate,senderismo,2022,4,2022-04-01,0.3760214977950667,0.03847712421517018,0.22888936377804003,0.3066679010555757,0.4239695230273615,0.10557275276888871,GEE:S2_SR_HARMONIZED
pn_sierra_nevada_senderismo_pueblos_del_poqueira_037,PUEBLOS DEL POQUEIRA,senderismo,2022,4,2022-04-01,0.4746844647276678,0.17309508744875904,0.3304125225533661,0.40040205330319745,0.5875428514381081,0.16063948144460413,GEE:S2_SR_HARMONIZED
pn_sierra_nevada_senderismo_ragua_barranco_del_hornillo_038,Ragua - Barranco del Hornillo,senderismo,2022,4,2022-04-01,0.4851208102279871,0.31211536622060315,0.28272154032366925,0.3775582015514374,0.5967443585395813,0.11497214885395282,GEE:S2_SR_HARMONIZED
pn_sierra_nevada_ciclismo_transnevada_rf_valor_fuente_de_las_primeras_agua_039,Transnevada RF - Valor - Fuente de las Primeras Aguas,ciclismo,2022,4,2022-04-01,0.42360352345715907,0.15875188918234376,0.2299202708150106,0.2927227603218125,0.5588965078668447,0.1632800320750113,GEE:S2_SR_HARMONIZED
pn_sierra_nevada_ciclismo_transnevada_rg_yegen_mecina_bombaron_yegen_040,Transnevada RG - Yegen - Mecina Bombaron - Yegen,ciclismo,2022,4,2022-04-01,0.3374726177458229,0.10241486312108401,0.19683305394741601,0.22457143987597786,0.431718619649102,0.15079498223962834,GEE:S2_SR_HARMONIZED
pn_sierra_nevada_ciclismo_transnevada_rh_capileira_refugio_poqueira_041,Transnevada RH - Capileira - Refugio Poqueira,ciclismo,2022,4,2022-04-01,0.3415550215694553,0.18339510560249533,0.19643353435283054,0.16607409821864996,0.5051963502986707,0.19408853394267975,GEE:S2_SR_HARMONIZED
pn_sierra_nevada_ciclismo_transnevada_rj_portugos_barranco_bermejo_portugo_042,Transnevada RJ - Portugos - Barranco Bermejo - Portugos,ciclismo,2022,4,2022-04-01,0.3686272972519655,0.10665300664921167,0.20324627530498876,0.24055043905247958,0.49016596835333864,0.15885185537146612,GEE:S2_SR_HARMONIZED
pn_sierra_nevada_ciclismo_transnevada_rk_padre_eterno_ar_puente_palo_padre_043,Transnevada RK - Padre Eterno - AR Puente Palo - Padre Eterno,ciclismo,2022,4,2022-04-01,0.3193394565307384,0.042636560189589216,0.19937551747719018,0.2207222947561236,0.4004739206173541,0.13014419791273524,GEE:S2_SR_HARMONIZED
pn_sierra_nevada_ciclismo_transnevada_rc_abrucena_la_polarda_044,Transnevada RC - Abrucena - La Polarda,ciclismo,2022,4,2022-04-01,0.3970230821473553,0.12382910186418174,0.22620785115512926,0.2792687790953144,0.5056722898824375,0.1492958330976928,GEE:S2_SR_HARMONIZED
pn_sierra_nevada_ciclismo_transnevada_rd_laujar_andarax_loma_raspa_laujar__045,Transnevada RD - Laujar Andarax - Loma Raspa - Laujar Andarax,ciclismo,2022,4,2022-04-01,0.35819912151001587,0.09677324273400877,0.20070962834995512,0.22847572125045154,0.49022507889998,0.1607337101984969,GEE:S2_SR_HARMONIZED
pn_sierra_nevada_ciclismo_transnevada_ri_niguelas_la_rinconada_niguelas_046,Transnevada RI - Niguelas - La Rinconada - Niguelas,ciclismo,2022,4,2022-04-01,0.2731304277325046,0.0456853295662651,0.16941528055362626,0.17776284582578758,0.3533928366502383,0.12509342251270747,GEE:S2_SR_HARMONIZED
pn_sierra_nevada_ciclismo_transnevada_invierno_047,TRANSNEVADA INVIERNO,ciclismo,2022,4,2022-04-01,0.3700959920892153,0.11513440848718316,0.21778795295705825,0.24607880754452255,0.480513039875824,0.15733316076961967,GEE:S2_SR_HARMONIZED
pn_sierra_nevada_ciclismo_transnevada_verano_048,TRANSNEVADA VERANO,ciclismo,2022,4,2022-04-01,0.3719319257897868,0.1285856746721356,0.22028639987213017,0.24607926081851958,0.48815991265597153,0.16288407105293967,GEE:S2_SR_HARMONIZED
pn_sierra_nevada_ciclismo_transnevada_ra_guejar_sierra_pena_partida_049,Transnevada RA - Güejar Sierra - Peña Partida,ciclismo,2022,4,2022-04-01,0.3067650576710702,0.02642143452320035,0.20907340197929367,0.20535293300332463,0.38864221453320696,0.1464427051255463,GEE:S2_SR_HARMONIZED
pn_sierra_nevada_ciclismo_transnevada_rb_lanteira_postero_alto_lanteira_050,Transnevada RB - Lanteira - Postero Alto - Lanteira,ciclismo,2022,4,2022-04-01,0.4217337874257617,0.20970493841056473,0.24328409801611056,0.31833936863310647,0.5371325735908793,0.15229522622461023,GEE:S2_SR_HARMONIZED
pn_sierra_nevada_ciclismo_transnevada_re_bayarcal_laguna_seca_051,Transnevada RE - Bayarcal - Laguna Seca,ciclismo,2022,4,2022-04-01,0.36485973242797953,0.1922806996622165,0.2293643792735433,0.2673346841742915,0.4551826481877254,0.13444778986735495,GEE:S2_SR_HARMONIZED
pn_sierra_nevada_ciclismo_carril_cicloturista_la_zubia_cumbres_verdes_052,CARRIL CICLOTURISTA LA ZUBIA-CUMBRES VERDES,ciclismo,2022,4,2022-04-01,0.47368525886898905,0.09502512568458336,0.25961966173892626,0.4316280934265515,0.5409187851622093,0.10654978099483527,GEE:S2_SR_HARMONIZED
pn_sierra_nevada_senderismo_transnevada_rf_valor_fuente_de_las_primeras_agua_000,Transnevada RF - Valor - Fuente de las Primeras Aguas,senderismo,2022,5,2022-05-01,0.47545571146927845,0.1533503688857312,0.27272532328027915,0.3553706363052956,0.6054710283045728,0.16239518477313253,GEE:S2_SR_HARMONIZED
pn_sierra_nevada_senderismo_transnevada_rg_yegen_mecina_bombaron_yegen_001,Transnevada RG - Yegen - Mecina Bombaron - Yegen,senderismo,2022,5,2022-05-01,0.39013385438673603,0.09940209585106176,0.2361549264118966,0.2677677192377197,0.4979586939459501,0.16897789736887756,GEE:S2_SR_HARMONIZED
pn_sierra_nevada_senderismo_transnevada_rh_capileira_refugio_poqueira_002,Transnevada RH - Capileira - Refugio Poqueira,senderismo,2022,5,2022-05-01,0.3444848764387139,0.0961966631724817,0.19528650086819319,0.18936472656484982,0.5059172390906364,0.2048878305148134,GEE:S2_SR_HARMONIZED
pn_sierra_nevada_senderismo_transnevada_rj_portugos_barranco_bermejo_portugo_003,Transnevada RJ - Portugos - Barranco Bermejo - Portugos,senderismo,2022,5,2022-05-01,0.45191821414704075,0.15455299393891953,0.2713188281548187,0.33015537704141346,0.5799551844981217,0.17330864025206305,GEE:S2_SR_HARMONIZED
pn_sierra_nevada_senderismo_transnevada_rk_padre_eterno_ar_puente_palo_padre_004,Transnevada RK - Padre Eterno - AR Puente Palo - Padre Eterno,senderismo,2022,5,2022-05-01,0.4194394734708939,0.09299019350843513,0.26690472662709164,0.29890003243978785,0.533394854276289,0.15951541471840552,GEE:S2_SR_HARMONIZED
pn_sierra_nevada_senderismo_transnevada_rc_abrucena_la_polarda_005,Transnevada RC - Abrucena - La Polarda,senderismo,2022,5,2022-05-01,0.4311383396108268,0.14085945605536068,0.25388276885379846,0.3105076841444366,0.5527219041735074,0.15720610744287844,GEE:S2_SR_HARMONIZED
pn_sierra_nevada_senderismo_transnevada_rd_laujar_andarax_loma_raspa_laujar__006,Transnevada RD - Laujar Andarax - Loma Raspa - Laujar Andarax,senderismo,2022,5,2022-05-01,0.40763796835321037,0.1186382305188981,0.23711278052557766,0.2598133982813774,0.5566490624271221,0.19038332363278007,GEE:S2_SR_HARMONIZED
pn_sierra_nevada_senderismo_transnevada_ri_niguelas_la_rinconada_niguelas_007,Transnevada RI - Niguelas - La Rinconada - Niguelas,senderismo,2022,5,2022-05-01,0.36608734005330174,0.06662091249479489,0.23728650033155077,0.255741067748695,0.46693799428169114,0.15281083640202964,GEE:S2_SR_HARMONIZED
pn_sierra_nevada_senderismo_acequias_del_poqueira_008,Acequias del Poqueira,senderismo,2022,5,2022-05-01,0.4728780033323577,0.13165421947717426,0.31180296648399863,0.3494710704322232,0.5958294037058609,0.15659382449456652,GEE:S2_SR_HARMONIZED
pn_sierra_nevada_senderismo_canal_de_la_espartera_arenales_del_trevenque_009,Canal de la Espartera - Arenales del Trevenque,senderismo,2022,5,2022-05-01,0.4212144216839275,0.08002414350983293,0.2535282010082267,0.2404463266234112,0.6079737908272645,0.21628317418301543,GEE:S2_SR_HARMONIZED
pn_sierra_nevada_senderismo_cerro_huenes_010,Cerro Huenes,senderismo,2022,5,2022-05-01,0.5165485347870701,0.14324077512567177,0.30453262278647697,0.38474171102257143,0.6623040643045831,0.16499290307395686,GEE:S2_SR_HARMONIZED
pn_sierra_nevada_senderismo_el_aguadero_011,El Aguadero,senderismo,2022,5,2022-05-01,0.4638947454920124,0.1259956298033646,0.26523768420115773,0.35340345315811805,0.5800087440780765,0.15558362084292485,GEE:S2_SR_HARMONIZED
pn_sierra_nevada_senderismo_haza_larguilla_012,Haza Larguilla,senderismo,2022,5,2022-05-01,0.34098750443587333,-0.018903805783978277,0.20580085436890416,0.23934534270796504,0.4277319263954761,0.12120755670667856,GEE:S2_SR_HARMONIZED
pn_sierra_nevada_senderismo_hoya_del_portillo_refugio_poqueira_013,Hoya del Portillo - Refugio Poqueira,senderismo,2022,5,2022-05-01,0.3122312168203885,0.051316688281472456,0.17831392870490345,0.18556648072737172,0.36893924112610477,0.18675204753078567,GEE:S2_SR_HARMONIZED
pn_sierra_nevada_senderismo_jerez_del_marquesado_postero_alto_014,Jerez del Marquesado - Postero Alto,senderismo,2022,5,2022-05-01,0.45105816673977156,0.18466922126094737,0.2555174400360547,0.2909410347860392,0.6154388595371858,0.1916455885454387,GEE:S2_SR_HARMONIZED
pn_sierra_nevada_senderismo_ragua_aldeire_015,Ragua - Aldeire,senderismo,2022,5,2022-05-01,0.5467406947736435,0.20095110334117713,0.3287509682666296,0.39252536185068415,0.71309186926793,0.191773736360546,GEE:S2_SR_HARMONIZED
pn_sierra_nevada_senderismo_transnevada_invierno_016,TRANSNEVADA INVIERNO,senderismo,2022,5,2022-05-01,0.43556607289070376,0.12652421874885686,0.26437267061224823,0.30259321123230426,0.5681525642744035,0.1737465360527666,GEE:S2_SR_HARMONIZED
pn_sierra_nevada_senderismo_transnevada_verano_017,TRANSNEVADA VERANO,senderismo,2022,5,2022-05-01,0.4364220615661761,0.12872396540093514,0.2659577163036127,0.30255891565358856,0.5724230037595415,0.17598286185899986,GEE:S2_SR_HARMONIZED
pn_sierra_nevada_senderismo_transnevada_ra_guejar_sierra_pena_partida_018,Transnevada RA - Güejar Sierra - Peña Partida,senderismo,2022,5,2022-05-01,0.37944280173961414,0.07811508319548688,0.26664917605908955,0.2595986560107281,0.4862994531722837,0.16474318156920306,GEE:S2_SR_HARMONIZED
pn_sierra_nevada_senderismo_transnevada_rb_lanteira_postero_alto_lanteira_019,Transnevada RB - Lanteira - Postero Alto - Lanteira,senderismo,2022,5,2022-05-01,0.44716855570572767,0.1746286156110428,0.25050054353183593,0.3143395421763174,0.5838943772900953,0.1755216619372733,GEE:S2_SR_HARMONIZED
pn_sierra_nevada_senderismo_transnevada_re_bayarcal_laguna_seca_020,Transnevada RE - Bayarcal - Laguna Seca,senderismo,2022,5,2022-05-01,0.4619999356040616,0.15939262607223842,0.25350154530590513,0.3221468565003688,0.6033967746439144,0.17157217289938262,GEE:S2_SR_HARMONIZED
pn_sierra_nevada_senderismo_la_cebadilla_021,La Cebadilla,senderismo,2022,5,2022-05-01,0.5593254285749117,0.17700170896396644,0.396499775989708,0.44723330033231573,0.6856313448519278,0.16852336130164386,GEE:S2_SR_HARMONIZED
pn_sierra_nevada_senderismo_la_silleta_022,La Silleta,senderismo,2022,5,2022-05-01,0.4095266477893181,0.03526654723681607,0.2329757694866161,0.3062539857455801,0.52539603939942,0.1428656444460554,GEE:S2_SR_HARMONIZED
pn_sierra_nevada_senderismo_lanjaron_tello_023,Lanjaron - Tello,senderismo,2022,5,2022-05-01,0.6476375063458364,0.19854677803151088,0.44510246347185395,0.5606854284830698,0.7362321517297201,0.12227947333450745,GEE:S2_SR_HARMONIZED
pn_sierra_nevada_senderismo_molinos_de_isfalada_024,Molinos de Isfalada,senderismo,2022,5,2022-05-01,0.46530594797934294,0.15806485248480312,0.28419921546356314,0.33402462481977147,0.5758406582153294,0.18734572695384824,GEE:S2_SR_HARMONIZED
pn_sierra_nevada_senderismo_monterrey_025,Monterrey,senderismo,2022,5,2022-05-01,0.5055865421984661,0.10824777111537298,0.2721743436244264,0.39211024238745845,0.6192871077440317,0.1659453177215784,GEE:S2_SR_HARMONIZED
pn_sierra_nevada_senderismo_puente_palo_026,Puente Palo,senderismo,2022,5,2022-05-01,0.6310375159832593,0.2336836536123747,0.3691614468008216,0.5766794427847252,0.7049109657312196,0.10796321478482056,GEE:S2_SR_HARMONIZED
pn_sierra_nevada_senderismo_ragua_hoyos_de_pura_027,Ragua - Hoyos de Pura,senderismo,2022,5,2022-05-01,0.5743353864307944,0.2478973278850639,0.3075253232341703,0.4979873716883861,0.7398793651589116,0.21377442574861352,GEE:S2_SR_HARMONIZED
pn_sierra_nevada_senderismo_ragua_lagunilla_seca_028,Ragua - Lagunilla Seca,senderismo,2022,5,2022-05-01,0.41775357912154515,0.11148569754794395,0.23790434606439534,0.29121209235175943,0.5525941446552816,0.16575073389316636,GEE:S2_SR_HARMONIZED
pn_sierra_nevada_senderismo_rio_alhama_029,Río Alhama,senderismo,2022,5,2022-05-01,0.4566061541238867,0.12917663799882945,0.2915137878725171,0.33392984945376813,0.5767475697210369,0.17326922590701804,GEE:S2_SR_HARMONIZED
pn_sierra_nevada_senderismo_rio_bermejo_030,Río Bermejo,senderismo,2022,5,2022-05-01,0.5494924342123542,0.20336430623669638,0.3507758746415545,0.435660036092465,0.689164087096671,0.19935298341666796,GEE:S2_SR_HARMONIZED
pn_sierra_nevada_senderismo_rio_grande_de_los_berchules_031,Río Grande de los Berchules,senderismo,2022,5,2022-05-01,0.546557460545641,0.1998763018906512,0.3607356742868075,0.39251558146508364,0.7013297649404405,0.19371661370720766,GEE:S2_SR_HARMONIZED
pn_sierra_nevada_senderismo_trevelez_siete_lagunas_032,Trevélez - Siete Lagunas,senderismo,2022,5,2022-05-01,0.38331063581663655,0.10035701419358653,0.25374143786272413,0.21471567878157147,0.5733574957336832,0.22262598719764384,GEE:S2_SR_HARMONIZED
pn_sierra_nevada_senderismo_ubeire_033,Ubeire,senderismo,2022,5,2022-05-01,0.5523556820862069,0.17826358824618946,0.31388577256642053,0.4513314108312223,0.6581584250544245,0.13508161803705934,GEE:S2_SR_HARMONIZED
pn_sierra_nevada_senderismo_sulayr_034,SULAYR,senderismo,2022,5,2022-05-01,0.47848222285536124,0.14394940099091857,0.2888928574861215,0.34181528946165823,0.6269525294357327,0.17812594592967132,GEE:S2_SR_HARMONIZED
pn_sierra_nevada_senderismo_carril_cicloturista_la_zubia_cumbres_verdes_035,CARRIL CICLOTURISTA LA ZUBIA-CUMBRES VERDES,senderismo,2022,5,2022-05-01,0.4777963527014277,0.0294455585516185,0.24339600716254348,0.4007861826743413,0.5762621506072206,0.13388054889189352,GEE:S2_SR_HARMONIZED
pn_sierra_nevada_senderismo_dehesa_del_camarate_036,Dehesa del Camarate,senderismo,2022,5,2022-05-01,0.5729722613082782,0.17736992364841253,0.3816765293777573,0.470727597673734,0.6819278195937215,0.14103644817037875,GEE:S2_SR_HARMONIZED
pn_sierra_nevada_senderismo_pueblos_del_poqueira_037,PUEBLOS DEL POQUEIRA,senderismo,2022,5,2022-05-01,0.6436455210707729,0.2452432264111208,0.46984921482131325,0.5761771156971208,0.7869274971698663,0.21121074021517613,GEE:S2_SR_HARMONIZED
pn_sierra_nevada_senderismo_ragua_barranco_del_hornillo_038,Ragua - Barranco del Hornillo,senderismo,2022,5,2022-05-01,0.64109274445061,0.24849007502296297,0.32821691519959456,0.5366724038724793,0.7444483309257923,0.1331741226257344,GEE:S2_SR_HARMONIZED
pn_sierra_nevada_ciclismo_transnevada_rf_valor_fuente_de_las_primeras_agua_039,Transnevada RF - Valor - Fuente de las Primeras Aguas,ciclismo,2022,5,2022-05-01,0.47545571146927845,0.1533503688857312,0.27272532328027915,0.3553706363052956,0.6054710283045728,0.16239518477313253,GEE:S2_SR_HARMONIZED
pn_sierra_nevada_ciclismo_transnevada_rg_yegen_mecina_bombaron_yegen_040,Transnevada RG - Yegen - Mecina Bombaron - Yegen,ciclismo,2022,5,2022-05-01,0.39013385438673603,0.09940209585106176,0.2361549264118966,0.2677677192377197,0.4979586939459501,0.16897789736887756,GEE:S2_SR_HARMONIZED
pn_sierra_nevada_ciclismo_transnevada_rh_capileira_refugio_poqueira_041,Transnevada RH - Capileira - Refugio Poqueira,ciclismo,2022,5,2022-05-01,0.3444848764387139,0.0961966631724817,0.19528650086819319,0.18936472656484982,0.5059172390906364,0.2048878305148134,GEE:S2_SR_HARMONIZED
pn_sierra_nevada_ciclismo_transnevada_rj_portugos_barranco_bermejo_portugo_042,Transnevada RJ - Portugos - Barranco Bermejo - Portugos,ciclismo,2022,5,2022-05-01,0.45191821414704075,0.15455299393891953,0.2713188281548187,0.33015537704141346,0.5799551844981217,0.17330864025206305,GEE:S2_SR_HARMONIZED
pn_sierra_nevada_ciclismo_transnevada_rk_padre_eterno_ar_puente_palo_padre_043,Transnevada RK - Padre Eterno - AR Puente Palo - Padre Eterno,ciclismo,2022,5,2022-05-01,0.4194394734708939,0.09299019350843513,0.26690472662709164,0.29890003243978785,0.533394854276289,0.15951541471840552,GEE:S2_SR_HARMONIZED
pn_sierra_nevada_ciclismo_transnevada_rc_abrucena_la_polarda_044,Transnevada RC - Abrucena - La Polarda,ciclismo,2022,5,2022-05-01,0.4311383396108268,0.14085945605536068,0.25388276885379846,0.3105076841444366,0.5527219041735074,0.15720610744287844,GEE:S2_SR_HARMONIZED
pn_sierra_nevada_ciclismo_transnevada_rd_laujar_andarax_loma_raspa_laujar__045,Transnevada RD - Laujar Andarax - Loma Raspa - Laujar Andarax,ciclismo,2022,5,2022-05-01,0.40763796835321037,0.1186382305188981,0.23711278052557766,0.2598133982813774,0.5566490624271221,0.19038332363278007,GEE:S2_SR_HARMONIZED
pn_sierra_nevada_ciclismo_transnevada_ri_niguelas_la_rinconada_niguelas_046,Transnevada RI - Niguelas - La Rinconada - Niguelas,ciclismo,2022,5,2022-05-01,0.36608734005330174,0.06662091249479489,0.23728650033155077,0.255741067748695,0.46693799428169114,0.15281083640202964,GEE:S2_SR_HARMONIZED
pn_sierra_nevada_ciclismo_transnevada_invierno_047,TRANSNEVADA INVIERNO,ciclismo,2022,5,2022-05-01,0.43556607289070376,0.12652421874885686,0.26437267061224823,0.30259321123230426,0.5681525642744035,0.1737465360527666,GEE:S2_SR_HARMONIZED
pn_sierra_nevada_ciclismo_transnevada_verano_048,TRANSNEVADA VERANO,ciclismo,2022,5,2022-05-01,0.4364220615661761,0.12872396540093514,0.2659577163036127,0.30255891565358856,0.5724230037595415,0.17598286185899986,GEE:S2_SR_HARMONIZED
pn_sierra_nevada_ciclismo_transnevada_ra_guejar_sierra_pena_partida_049,Transnevada RA - Güejar Sierra - Peña Partida,ciclismo,2022,5,2022-05-01,0.37944280173961414,0.07811508319548688,0.26664917605908955,0.2595986560107281,0.4862994531722837,0.16474318156920306,GEE:S2_SR_HARMONIZED
pn_sierra_nevada_ciclismo_transnevada_rb_lanteira_postero_alto_lanteira_050,Transnevada RB - Lanteira - Postero Alto - Lanteira,ciclismo,2022,5,2022-05-01,0.44716855570572767,0.1746286156110428,0.25050054353183593,0.3143395421763174,0.5838943772900953,0.1755216619372733,GEE:S2_SR_HARMONIZED
pn_sierra_nevada_ciclismo_transnevada_re_bayarcal_laguna_seca_051,Transnevada RE - Bayarcal - Laguna Seca,ciclismo,2022,5,2022-05-01,0.4619999356040616,0.15939262607223842,0.25350154530590513,0.3221468565003688,0.6033967746439144,0.17157217289938262,GEE:S2_SR_HARMONIZED
pn_sierra_nevada_ciclismo_carril_cicloturista_la_zubia_cumbres_verdes_052,CARRIL CICLOTURISTA LA ZUBIA-CUMBRES VERDES,ciclismo,2022,5,2022-05-01,0.4777963527014277,0.0294455585516185,0.24339600716254348,0.4007861826743413,0.5762621506072206,0.13388054889189352,GEE:S2_SR_HARMONIZED
pn_sierra_nevada_senderismo_transnevada_rf_valor_fuente_de_las_primeras_agua_000,Transnevada RF - Valor - Fuente de las Primeras Aguas,senderismo,2022,6,2022-06-01,0.4329597343484173,0.15117138878277261,0.2653573778962287,0.2987059531067298,0.5720349954906279,0.1640746597041297,GEE:S2_SR_HARMONIZED
pn_sierra_nevada_senderismo_transnevada_rg_yegen_mecina_bombaron_yegen_001,Transnevada RG - Yegen - Mecina Bombaron - Yegen,senderismo,2022,6,2022-06-01,0.356990203536414,0.09788166007054509,0.22448075741319412,0.2401900077994911,0.45103518795824216,0.16225054638841657,GEE:S2_SR_HARMONIZED
pn_sierra_nevada_senderismo_transnevada_rh_capileira_refugio_poqueira_002,Transnevada RH - Capileira - Refugio Poqueira,senderismo,2022,6,2022-06-01,0.353084851598777,0.12326498615514331,0.21196851128594554,0.2128446258335033,0.4867204010061988,0.19022238974988345,GEE:S2_SR_HARMONIZED
pn_sierra_nevada_senderismo_transnevada_rj_portugos_barranco_bermejo_portugo_003,Transnevada RJ - Portugos - Barranco Bermejo - Portugos,senderismo,2022,6,2022-06-01,0.4284336921900803,0.1498494672789702,0.267988119000198,0.30282003563440146,0.5565941577079941,0.165222232782888,GEE:S2_SR_HARMONIZED
pn_sierra_nevada_senderismo_transnevada_rk_padre_eterno_ar_puente_palo_padre_004,Transnevada RK - Padre Eterno - AR Puente Palo - Padre Eterno,senderismo,2022,6,2022-06-01,0.35770406597192805,0.06392871497600632,0.23641858575183652,0.22850815322035764,0.4588757666650645,0.16167035296463794,GEE:S2_SR_HARMONIZED
pn_sierra_nevada_senderismo_transnevada_rc_abrucena_la_polarda_005,Transnevada RC - Abrucena - La Polarda,senderismo,2022,6,2022-06-01,0.388688824057056,0.13083399485923147,0.24876591554670335,0.2715220870025848,0.4980120882734344,0.14456458788034607,GEE:S2_SR_HARMONIZED
pn_sierra_nevada_senderismo_transnevada_rd_laujar_andarax_loma_raspa_laujar__006,Transnevada RD - Laujar Andarax - Loma Raspa - Laujar Andarax,senderismo,2022,6,2022-06-01,0.37767648982576474,0.11236722488976145,0.2412676652878695,0.24803466839490088,0.5019227592198386,0.16692897056779757,GEE:S2_SR_HARMONIZED
pn_sierra_nevada_senderismo_transnevada_ri_niguelas_la_rinconada_niguelas_007,Transnevada RI - Niguelas - La Rinconada - Niguelas,senderismo,2022,6,2022-06-01,0.3535593926116518,0.08684676556092456,0.24661944818370526,0.2443078089113848,0.44725727847681374,0.1466531153559469,GEE:S2_SR_HARMONIZED
pn_sierra_nevada_senderismo_acequias_del_poqueira_008,Acequias del Poqueira,senderismo,2022,6,2022-06-01,0.43833803951697714,0.13572576780354742,0.3079948263779089,0.30251020762535913,0.5566973560356063,0.17289937292799798,GEE:S2_SR_HARMONIZED
pn_sierra_nevada_senderismo_canal_de_la_espartera_arenales_del_trevenque_009,Canal de la Espartera - Arenales del Trevenque,senderismo,2022,6,2022-06-01,0.39926812499016706,0.090116550911227,0.2548321887522822,0.22871828970795588,0.5644883828489953,0.21014023983892757,GEE:S2_SR_HARMONIZED
pn_sierra_nevada_senderismo_cerro_huenes_010,Cerro Huenes,senderismo,2022,6,2022-06-01,0.492716891838114,0.1476806818873019,0.3069793869206967,0.3495929377924336,0.6387055921661755,0.17224198059480772,GEE:S2_SR_HARMONIZED
pn_sierra_nevada_senderismo_el_aguadero_011,El Aguadero,senderismo,2022,6,2022-06-01,0.42897345235822726,0.12241531550021188,0.2736238745599212,0.31822893877857655,0.5369095191263559,0.14796152761509182,GEE:S2_SR_HARMONIZED
pn_sierra_nevada_senderismo_haza_larguilla_012,Haza Larguilla,senderismo,2022,6,2022-06-01,0.29156781640269364,-0.02386885585574041,0.18601633531543774,0.21515020145459118,0.3584629607428082,0.09183320331504685,GEE:S2_SR_HARMONIZED
pn_sierra_nevada_senderismo_hoya_del_portillo_refugio_poqueira_013,Hoya del Portillo - Refugio Poqueira,senderismo,2022,6,2022-06-01,0.34736170901443203,0.10572781702895101,0.21367073129094682,0.23646541389728964,0.4040627170099477,0.16862555702179932,GEE:S2_SR_HARMONIZED
pn_sierra_nevada_senderismo_jerez_del_marquesado_postero_alto_014,Jerez del Marquesado - Postero Alto,senderismo,2022,6,2022-06-01,0.4367557427396525,0.18643343369933552,0.2516697670571886,0.2639665593536568,0.611449547128425,0.20620631580433774,GEE:S2_SR_HARMONIZED
pn_sierra_nevada_senderismo_ragua_aldeire_015,Ragua - Aldeire,senderismo,2022,6,2022-06-01,0.49679123117757307,0.20465078539540454,0.31819037934208616,0.3297606284229073,0.6658958460862556,0.19745010775809538,GEE:S2_SR_HARMONIZED
pn_sierra_nevada_senderismo_transnevada_invierno_016,TRANSNEVADA INVIERNO,senderismo,2022,6,2022-06-01,0.4109892176819243,0.13041175758625984,0.2629137164337729,0.277338921428717,0.5351341387168725,0.17073010072322933,GEE:S2_SR_HARMONIZED
pn_sierra_nevada_senderismo_transnevada_verano_017,TRANSNEVADA VERANO,senderismo,2022,6,2022-06-01,0.4109554031949332,0.13199024761304085,0.2634772437641803,0.2773277593516169,0.5351596745384262,0.17208598854713253,GEE:S2_SR_HARMONIZED
pn_sierra_nevada_senderismo_transnevada_ra_guejar_sierra_pena_partida_018,Transnevada RA - Güejar Sierra - Peña Partida,senderismo,2022,6,2022-06-01,0.33140376120943527,0.06454734926650456,0.24168430072874653,0.2247867154154478,0.4080502087077481,0.14931988427190648,GEE:S2_SR_HARMONIZED
pn_sierra_nevada_senderismo_transnevada_rb_lanteira_postero_alto_lanteira_019,Transnevada RB - Lanteira - Postero Alto - Lanteira,senderismo,2022,6,2022-06-01,0.4413147004747676,0.18316249349763075,0.25536404235468146,0.3067364595325951,0.5801706786618174,0.18509495550613958,GEE:S2_SR_HARMONIZED
pn_sierra_nevada_senderismo_transnevada_re_bayarcal_laguna_seca_020,Transnevada RE - Bayarcal - Laguna Seca,senderismo,2022,6,2022-06-01,0.45055928238472664,0.17377696313984256,0.26525423841922335,0.3145630341270914,0.584034654473158,0.16629309653853336,GEE:S2_SR_HARMONIZED
pn_sierra_nevada_senderismo_la_cebadilla_021,La Cebadilla,senderismo,2022,6,2022-06-01,0.4641588315843363,0.13556604613338882,0.33471538820778385,0.32609229989065835,0.5953679686725729,0.18164497555745107,GEE:S2_SR_HARMONIZED
pn_sierra_nevada_senderismo_la_silleta_022,La Silleta,senderismo,2022,6,2022-06-01,0.3628756102665548,0.020618265503206522,0.21228291701507196,0.24629694215133624,0.4722872946580755,0.1471250607282454,GEE:S2_SR_HARMONIZED
pn_sierra_nevada_senderismo_lanjaron_tello_023,Lanjaron - Tello,senderismo,2022,6,2022-06-01,0.4711477852269218,0.10795100244974903,0.3376276511181589,0.31046158463038787,0.6148859965481177,0.19349567990368235,GEE:S2_SR_HARMONIZED
pn_sierra_nevada_senderismo_molinos_de_isfalada_024,Molinos de Isfalada,senderismo,2022,6,2022-06-01,0.3877046160747096,0.1401807013877215,0.2513199744270873,0.25960422220852347,0.4825732644247712,0.17554176203929867,GEE:S2_SR_HARMONIZED
pn_sierra_nevada_senderismo_monterrey_025,Monterrey,senderismo,2022,6,2022-06-01,0.443239999434094,0.09989194777525982,0.27529234540652187,0.3380803986115059,0.5372662121679453,0.1489538223784787,GEE:S2_SR_HARMONIZED
pn_sierra_nevada_senderismo_puente_palo_026,Puente Palo,senderismo,2022,6,2022-06-01,0.6119265727503833,0.24275843763986532,0.381447783554423,0.5404326404742279,0.6970493801458609,0.12339721856989302,GEE:S2_SR_HARMONIZED
pn_sierra_nevada_senderismo_ragua_hoyos_de_pura_027,Ragua - Hoyos de Pura,senderismo,2022,6,2022-06-01,0.537194341668585,0.2585007291053358,0.3138529606031812,0.4638257607935394,0.6973329491369358,0.1991151230820571,GEE:S2_SR_HARMONIZED
pn_sierra_nevada_senderismo_ragua_lagunilla_seca_028,Ragua - Lagunilla Seca,senderismo,2022,6,2022-06-01,0.4472024584945841,0.1783800309111394,0.2807713883614644,0.3496582915995386,0.5532022829025184,0.13127879697270448,GEE:S2_SR_HARMONIZED
pn_sierra_nevada_senderismo_rio_alhama_029,Río Alhama,senderismo,2022,6,2022-06-01,0.3713422789602409,0.08759630327783377,0.24558065948427105,0.228190921416706,0.4824072464409957,0.1936435263018525,GEE:S2_SR_HARMONIZED
pn_sierra_nevada_senderismo_rio_bermejo_030,Río Bermejo,senderismo,2022,6,2022-06-01,0.49729422567259257,0.18964490788834737,0.3273492433086165,0.37693907190854514,0.6270677352044672,0.18109621424020644,GEE:S2_SR_HARMONIZED
pn_sierra_nevada_senderismo_rio_grande_de_los_berchules_031,Río Grande de los Berchules,senderismo,2022,6,2022-06-01,0.4617415729266455,0.16502093156642905,0.3088569023366263,0.3105986545901244,0.6151018843871099,0.18928858776354202,GEE:S2_SR_HARMONIZED
pn_sierra_nevada_senderismo_trevelez_siete_lagunas_032,Trevélez - Siete Lagunas,senderismo,2022,6,2022-06-01,0.4114518111320982,0.13870972412837623,0.285888787871431,0.26400073373925304,0.5608575862401425,0.2034535200590892,GEE:S2_SR_HARMONIZED
pn_sierra_nevada_senderismo_ubeire_033,Ubeire,senderismo,2022,6,2022-06-01,0.5386758352226585,0.19932698005912844,0.32505235418930845,0.43559214229038884,0.6308554897855359,0.14345942548137214,GEE:S2_SR_HARMONIZED
pn_sierra_nevada_senderismo_sulayr_034,SULAYR,senderismo,2022,6,2022-06-01,0.4610059226917651,0.15872435050372188,0.29515030284028093,0.32616916410142077,0.5956730264292065,0.1721956123683527,GEE:S2_SR_HARMONIZED
pn_sierra_nevada_senderismo_carril_cicloturista_la_zubia_cumbres_verdes_035,CARRIL CICLOTURISTA LA ZUBIA-CUMBRES VERDES,senderismo,2022,6,2022-06-01,0.4439174451957194,0.020672057638102342,0.23021250035637258,0.33395216925626364,0.5603963001238953,0.15268568554707398,GEE:S2_SR_HARMONIZED
pn_sierra_nevada_senderismo_dehesa_del_camarate_036,Dehesa del Camarate,senderismo,2022,6,2022-06-01,0.5383528675961567,0.16703047932368034,0.3648304528730027,0.39643448710765244,0.6779270380129888,0.17959222777923586,GEE:S2_SR_HARMONIZED
pn_sierra_nevada_senderismo_pueblos_del_poqueira_037,PUEBLOS DEL POQUEIRA,senderismo,2022,6,2022-06-01,0.5115110920148104,0.18396679842210192,0.3794069507731584,0.3614220758806696,0.6736283942144745,0.20961433585315487,GEE:S2_SR_HARMONIZED
pn_sierra_nevada_senderismo_ragua_barranco_del_hornillo_038,Ragua - Barranco del Hornillo,senderismo,2022,6,2022-06-01,0.5949550414767694,0.2605680414226306,0.3272466704110949,0.49789470137029457,0.6973257439999863,0.1289104728573563,GEE:S2_SR_HARMONIZED
pn_sierra_nevada_ciclismo_transnevada_rf_valor_fuente_de_las_primeras_agua_039,Transnevada RF - Valor - Fuente de las Primeras Aguas,ciclismo,2022,6,2022-06-01,0.4329597343484173,0.15117138878277261,0.2653573778962287,0.2987059531067298,0.5720349954906279,0.1640746597041297,GEE:S2_SR_HARMONIZED
pn_sierra_nevada_ciclismo_transnevada_rg_yegen_mecina_bombaron_yegen_040,Transnevada RG - Yegen - Mecina Bombaron - Yegen,ciclismo,2022,6,2022-06-01,0.356990203536414,0.09788166007054509,0.22448075741319412,0.2401900077994911,0.45103518795824216,0.16225054638841657,GEE:S2_SR_HARMONIZED
pn_sierra_nevada_ciclismo_transnevada_rh_capileira_refugio_poqueira_041,Transnevada RH - Capileira - Refugio Poqueira,ciclismo,2022,6,2022-06-01,0.353084851598777,0.12326498615514331,0.21196851128594554,0.2128446258335033,0.4867204010061988,0.19022238974988345,GEE:S2_SR_HARMONIZED
pn_sierra_nevada_ciclismo_transnevada_rj_portugos_barranco_bermejo_portugo_042,Transnevada RJ - Portugos - Barranco Bermejo - Portugos,ciclismo,2022,6,2022-06-01,0.4284336921900803,0.1498494672789702,0.267988119000198,0.30282003563440146,0.5565941577079941,0.165222232782888,GEE:S2_SR_HARMONIZED
pn_sierra_nevada_ciclismo_transnevada_rk_padre_eterno_ar_puente_palo_padre_043,Transnevada RK - Padre Eterno - AR Puente Palo - Padre Eterno,ciclismo,2022,6,2022-06-01,0.35770406597192805,0.06392871497600632,0.23641858575183652,0.22850815322035764,0.4588757666650645,0.16167035296463794,GEE:S2_SR_HARMONIZED
pn_sierra_nevada_ciclismo_transnevada_rc_abrucena_la_polarda_044,Transnevada RC - Abrucena - La Polarda,ciclismo,2022,6,2022-06-01,0.388688824057056,0.13083399485923147,0.24876591554670335,0.2715220870025848,0.4980120882734344,0.14456458788034607,GEE:S2_SR_HARMONIZED
pn_sierra_nevada_ciclismo_transnevada_rd_laujar_andarax_loma_raspa_laujar__045,Transnevada RD - Laujar Andarax - Loma Raspa - Laujar Andarax,ciclismo,2022,6,2022-06-01,0.37767648982576474,0.11236722488976145,0.2412676652878695,0.24803466839490088,0.5019227592198386,0.16692897056779757,GEE:S2_SR_HARMONIZED
pn_sierra_nevada_ciclismo_transnevada_ri_niguelas_la_rinconada_niguelas_046,Transnevada RI - Niguelas - La Rinconada - Niguelas,ciclismo,2022,6,2022-06-01,0.3535593926116518,0.08684676556092456,0.24661944818370526,0.2443078089113848,0.44725727847681374,0.1466531153559469,GEE:S2_SR_HARMONIZED
pn_sierra_nevada_ciclismo_transnevada_invierno_047,TRANSNEVADA INVIERNO,ciclismo,2022,6,2022-06-01,0.4109892176819243,0.13041175758625984,0.2629137164337729,0.277338921428717,0.5351341387168725,0.17073010072322933,GEE:S2_SR_HARMONIZED
pn_sierra_nevada_ciclismo_transnevada_verano_048,TRANSNEVADA VERANO,ciclismo,2022,6,2022-06-01,0.4109554031949332,0.13199024761304085,0.2634772437641803,0.2773277593516169,0.5351596745384262,0.17208598854713253,GEE:S2_SR_HARMONIZED
pn_sierra_nevada_ciclismo_transnevada_ra_guejar_sierra_pena_partida_049,Transnevada RA - Güejar Sierra - Peña Partida,ciclismo,2022,6,2022-06-01,0.33140376120943527,0.06454734926650456,0.24168430072874653,0.2247867154154478,0.4080502087077481,0.14931988427190648,GEE:S2_SR_HARMONIZED
pn_sierra_nevada_ciclismo_transnevada_rb_lanteira_postero_alto_lanteira_050,Transnevada RB - Lanteira - Postero Alto - Lanteira,ciclismo,2022,6,2022-06-01,0.4413147004747676,0.18316249349763075,0.25536404235468146,0.3067364595325951,0.5801706786618174,0.18509495550613958,GEE:S2_SR_HARMONIZED
pn_sierra_nevada_ciclismo_transnevada_re_bayarcal_laguna_seca_051,Transnevada RE - Bayarcal - Laguna Seca,ciclismo,2022,6,2022-06-01,0.45055928238472664,0.17377696313984256,0.26525423841922335,0.3145630341270914,0.584034654473158,0.16629309653853336,GEE:S2_SR_HARMONIZED
pn_sierra_nevada_ciclismo_carril_cicloturista_la_zubia_cumbres_verdes_052,CARRIL CICLOTURISTA LA ZUBIA-CUMBRES VERDES,ciclismo,2022,6,2022-06-01,0.4439174451957194,0.020672057638102342,0.23021250035637258,0.33395216925626364,0.5603963001238953,0.15268568554707398,GEE:S2_SR_HARMONIZED
pn_sierra_nevada_senderismo_transnevada_rf_valor_fuente_de_las_primeras_agua_000,Transnevada RF - Valor - Fuente de las Primeras Aguas,senderismo,2022,7,2022-07-01,0.403977625045578,0.13131571031404934,0.23975533334226143,0.2481421516300252,0.5528794968943185,0.18179298471399044,GEE:S2_SR_HARMONIZED
pn_sierra_nevada_senderismo_transnevada_rg_yegen_mecina_bombaron_yegen_001,Transnevada RG - Yegen - Mecina Bombaron - Yegen,senderismo,2022,7,2022-07-01,0.3247196168795548,0.07549563012654684,0.2004901794570337,0.19720994802788516,0.4315205326896377,0.16948293706549927,GEE:S2_SR_HARMONIZED
pn_sierra_nevada_senderismo_transnevada_rh_capileira_refugio_poqueira_002,Transnevada RH - Capileira - Refugio Poqueira,senderismo,2022,7,2022-07-01,0.3234613795594868,0.10636695659546405,0.19296997007034813,0.17376779984853272,0.474387038243259,0.1937069723869975,GEE:S2_SR_HARMONIZED
pn_sierra_nevada_senderismo_transnevada_rj_portugos_barranco_bermejo_portugo_003,Transnevada RJ - Portugos - Barranco Bermejo - Portugos,senderismo,2022,7,2022-07-01,0.395262208337556,0.12408940255989045,0.24573438117863122,0.2714380779319589,0.5176252623632965,0.1529108446385219,GEE:S2_SR_HARMONIZED
pn_sierra_nevada_senderismo_transnevada_rk_padre_eterno_ar_puente_palo_padre_004,Transnevada RK - Padre Eterno - AR Puente Palo - Padre Eterno,senderismo,2022,7,2022-07-01,0.3138372946557592,0.03312793405486086,0.20834941828286285,0.18964483708394228,0.4160529417869304,0.1568955857926195,GEE:S2_SR_HARMONIZED
pn_sierra_nevada_senderismo_transnevada_rc_abrucena_la_polarda_005,Transnevada RC - Abrucena - La Polarda,senderismo,2022,7,2022-07-01,0.37786256068753543,0.12742787027952243,0.23362128260865947,0.24420099847392476,0.5058057874863832,0.15697425182274774,GEE:S2_SR_HARMONIZED
pn_sierra_nevada_senderismo_transnevada_rd_laujar_andarax_loma_raspa_laujar__006,Transnevada RD - Laujar Andarax - Loma Raspa - Laujar Andarax,senderismo,2022,7,2022-07-01,0.3647599606258689,0.1008452953748479,0.22318344105841126,0.22072860112531822,0.505916501318947,0.17776337631579328,GEE:S2_SR_HARMONIZED
pn_sierra_nevada_senderismo_transnevada_ri_niguelas_la_rinconada_niguelas_007,Transnevada RI - Niguelas - La Rinconada - Niguelas,senderismo,2022,7,2022-07-01,0.3144286741232122,0.059236553244310514,0.2168716543621012,0.21303531473168638,0.4002690904824819,0.13672123062334307,GEE:S2_SR_HARMONIZED
pn_sierra_nevada_senderismo_acequias_del_poqueira_008,Acequias del Poqueira,senderismo,2022,7,2022-07-01,0.3853608558520552,0.10254877366844803,0.27028980645493,0.24022475737328358,0.5135013241199325,0.17744399786679463,GEE:S2_SR_HARMONIZED
pn_sierra_nevada_senderismo_canal_de_la_espartera_arenales_del_trevenque_009,Canal de la Espartera - Arenales del Trevenque,senderismo,2022,7,2022-07-01,0.3764341678815594,0.07177273595610374,0.2350339118762337,0.20499718135731226,0.5487450193229017,0.20865905948944316,GEE:S2_SR_HARMONIZED
pn_sierra_nevada_senderismo_cerro_huenes_010,Cerro Huenes,senderismo,2022,7,2022-07-01,0.4744885052123348,0.137671548791284,0.28883141049584565,0.32606956291187483,0.6231864130840852,0.17101598591830716,GEE:S2_SR_HARMONIZED
pn_sierra_nevada_senderismo_el_aguadero_011,El Aguadero,senderismo,2022,7,2022-07-01,0.4113990293688759,0.10943727607629601,0.25436530475231217,0.28712347087012335,0.5330978191652389,0.15571748430417076,GEE:S2_SR_HARMONIZED
pn_sierra_nevada_senderismo_haza_larguilla_012,Haza Larguilla,senderismo,2022,7,2022-07-01,0.24637528830132055,-0.0543009139472618,0.1558884896672762,0.1844460866616472,0.2998880257047492,0.07690331041362276,GEE:S2_SR_HARMONIZED
pn_sierra_nevada_senderismo_hoya_del_portillo_refugio_poqueira_013,Hoya del Portillo - Refugio Poqueira,senderismo,2022,7,2022-07-01,0.3216660199824282,0.08283583559586186,0.19495380573072388,0.20516222419207275,0.3771403458079774,0.17851926786592318,GEE:S2_SR_HARMONIZED
pn_sierra_nevada_senderismo_jerez_del_marquesado_postero_alto_014,Jerez del Marquesado - Postero Alto,senderismo,2022,7,2022-07-01,0.41850277636485594,0.18048936465063337,0.2389455561462115,0.240274305182575,0.5955733522812737,0.20735395035855717,GEE:S2_SR_HARMONIZED
pn_sierra_nevada_senderismo_ragua_aldeire_015,Ragua - Aldeire,senderismo,2022,7,2022-07-01,0.4816259456864796,0.1937840717618516,0.2960150214762749,0.2792716071276028,0.7012811235775892,0.22864592974094447,GEE:S2_SR_HARMONIZED
pn_sierra_nevada_senderismo_transnevada_invierno_016,TRANSNEVADA INVIERNO,senderismo,2022,7,2022-07-01,0.3881400922235842,0.11357521831450075,0.24201709741706154,0.2480928057842801,0.5214685147592331,0.17595715226624958,GEE:S2_SR_HARMONIZED
pn_sierra_nevada_senderismo_transnevada_verano_017,TRANSNEVADA VERANO,senderismo,2022,7,2022-07-01,0.3903940005244399,0.11731969133756742,0.24385247351969938,0.24413103581496984,0.5253826612791382,0.178658712080682,GEE:S2_SR_HARMONIZED
pn_sierra_nevada_senderismo_transnevada_ra_guejar_sierra_pena_partida_018,Transnevada RA - Güejar Sierra - Peña Partida,senderismo,2022,7,2022-07-01,0.30183814237923406,0.04277877149151419,0.21314326766996977,0.1816134099142431,0.39264070391154615,0.1579454604205712,GEE:S2_SR_HARMONIZED
pn_sierra_nevada_senderismo_transnevada_rb_lanteira_postero_alto_lanteira_019,Transnevada RB - Lanteira - Postero Alto - Lanteira,senderismo,2022,7,2022-07-01,0.4309592832777565,0.1825998354601557,0.24702651376763282,0.2988977501512816,0.5644527366289517,0.184715473977748,GEE:S2_SR_HARMONIZED
pn_sierra_nevada_senderismo_transnevada_re_bayarcal_laguna_seca_020,Transnevada RE - Bayarcal - Laguna Seca,senderismo,2022,7,2022-07-01,0.4371916368777304,0.1684260803849577,0.2508450135679499,0.2831505174872996,0.5880092604165131,0.18265256251573983,GEE:S2_SR_HARMONIZED
pn_sierra_nevada_senderismo_la_cebadilla_021,La Cebadilla,senderismo,2022,7,2022-07-01,0.4107362505455277,0.09680088662761717,0.29484866742533633,0.26369451589371984,0.5450655174125952,0.18182299376119346,GEE:S2_SR_HARMONIZED
pn_sierra_nevada_senderismo_la_silleta_022,La Silleta,senderismo,2022,7,2022-07-01,0.3283045307772508,0.0037583138131930473,0.19405228575777692,0.2288175466196158,0.43161028521223255,0.12984618209064655,GEE:S2_SR_HARMONIZED
pn_sierra_nevada_senderismo_lanjaron_tello_023,Lanjaron - Tello,senderismo,2022,7,2022-07-01,0.4033150949363596,0.06444623926744189,0.28940306725093073,0.2442470543133985,0.5376840442465474,0.19060092499231737,GEE:S2_SR_HARMONIZED
pn_sierra_nevada_senderismo_molinos_de_isfalada_024,Molinos de Isfalada,senderismo,2022,7,2022-07-01,0.3426064964165122,0.10402494164086885,0.21647413710991711,0.20914075096952836,0.435084161653609,0.17809065387751227,GEE:S2_SR_HARMONIZED
pn_sierra_nevada_senderismo_monterrey_025,Monterrey,senderismo,2022,7,2022-07-01,0.4356282887703197,0.09482380193847453,0.2588967905253601,0.31841521667265593,0.5368805279404193,0.15298430477802136,GEE:S2_SR_HARMONIZED
pn_sierra_nevada_senderismo_puente_palo_026,Puente Palo,senderismo,2022,7,2022-07-01,0.5635708771298726,0.22456614902514663,0.3562500325420581,0.49754860911071624,0.6427079411965196,0.11764210377089854,GEE:S2_SR_HARMONIZED
pn_sierra_nevada_senderismo_ragua_hoyos_de_pura_027,Ragua - Hoyos de Pura,senderismo,2022,7,2022-07-01,0.5754018370914745,0.29328433133618076,0.3219547850011774,0.4714007798486348,0.7640048767040236,0.2284450420901296,GEE:S2_SR_HARMONIZED
pn_sierra_nevada_senderismo_ragua_lagunilla_seca_028,Ragua - Lagunilla Seca,senderismo,2022,7,2022-07-01,0.4355904826666458,0.16454251364277764,0.2580788716483014,0.3065026728791049,0.5798515136660439,0.1686828104176395,GEE:S2_SR_HARMONIZED
pn_sierra_nevada_senderismo_rio_alhama_029,Río Alhama,senderismo,2022,7,2022-07-01,0.3387623108154847,0.0602619156404187,0.21844911827162977,0.18924931484442842,0.4596138202806058,0.19632039959620945,GEE:S2_SR_HARMONIZED
pn_sierra_nevada_senderismo_rio_bermejo_030,Río Bermejo,senderismo,2022,7,2022-07-01,0.45943988581421935,0.15514454032865996,0.29954210768888034,0.3298883002104178,0.5880355604406116,0.1769047166701315,GEE:S2_SR_HARMONIZED
pn_sierra_nevada_senderismo_rio_grande_de_los_berchules_031,Río Grande de los Berchules,senderismo,2022,7,2022-07-01,0.40552302180513394,0.13069614520480335,0.2698048770938766,0.24422869791435076,0.5683619858583814,0.18806000915173637,GEE:S2_SR_HARMONIZED
pn_sierra_nevada_senderismo_trevelez_siete_lagunas_032,Trevélez - Siete Lagunas,senderismo,2022,7,2022-07-01,0.384936655421165,0.1252619724810908,0.26683422226847936,0.22464218939220765,0.5330926637287855,0.20967050819764216,GEE:S2_SR_HARMONIZED
pn_sierra_nevada_senderismo_ubeire_033,Ubeire,senderismo,2022,7,2022-07-01,0.5068056640458684,0.1867477038579655,0.3077169615970619,0.40433644630970567,0.588150690985467,0.1407619122113284,GEE:S2_SR_HARMONIZED
pn_sierra_nevada_senderismo_sulayr_034,SULAYR,senderismo,2022,7,2022-07-01,0.4347378030251101,0.14099129269611874,0.27206142855420173,0.28318039767270625,0.5839583662745073,0.18495063694310046,GEE:S2_SR_HARMONIZED
pn_sierra_nevada_senderismo_carril_cicloturista_la_zubia_cumbres_verdes_035,CARRIL CICLOTURISTA LA ZUBIA-CUMBRES VERDES,senderismo,2022,7,2022-07-01,0.40069664391374493,0.011160055229779055,0.21369339519155045,0.31807709557184005,0.4942567624970267,0.12784596057646339,GEE:S2_SR_HARMONIZED
pn_sierra_nevada_senderismo_dehesa_del_camarate_036,Dehesa del Camarate,senderismo,2022,7,2022-07-01,0.4981798624585435,0.13670957470784934,0.3310517374474582,0.3577908470184844,0.6464743054924139,0.18177204945062966,GEE:S2_SR_HARMONIZED
pn_sierra_nevada_senderismo_pueblos_del_poqueira_037,PUEBLOS DEL POQUEIRA,senderismo,2022,7,2022-07-01,0.46181389306076037,0.14368395824281033,0.3430531089678738,0.29875583835900343,0.6272460589620623,0.2008863266349179,GEE:S2_SR_HARMONIZED
pn_sierra_nevada_senderismo_ragua_barranco_del_hornillo_038,Ragua - Barranco del Hornillo,senderismo,2022,7,2022-07-01,0.6373183951366947,0.29934539799802784,0.3356623308398283,0.5014221098396804,0.7752690114646749,0.17430370633085251,GEE:S2_SR_HARMONIZED
pn_sierra_nevada_ciclismo_transnevada_rf_valor_fuente_de_las_primeras_agua_039,Transnevada RF - Valor - Fuente de las Primeras Aguas,ciclismo,2022,7,2022-07-01,0.403977625045578,0.13131571031404934,0.23975533334226143,0.2481421516300252,0.5528794968943185,0.18179298471399044,GEE:S2_SR_HARMONIZED
pn_sierra_nevada_ciclismo_transnevada_rg_yegen_mecina_bombaron_yegen_040,Transnevada RG - Yegen - Mecina Bombaron - Yegen,ciclismo,2022,7,2022-07-01,0.3247196168795548,0.07549563012654684,0.2004901794570337,0.19720994802788516,0.4315205326896377,0.16948293706549927,GEE:S2_SR_HARMONIZED
pn_sierra_nevada_ciclismo_transnevada_rh_capileira_refugio_poqueira_041,Transnevada RH - Capileira - Refugio Poqueira,ciclismo,2022,7,2022-07-01,0.3234613795594868,0.10636695659546405,0.19296997007034813,0.17376779984853272,0.474387038243259,0.1937069723869975,GEE:S2_SR_HARMONIZED
pn_sierra_nevada_ciclismo_transnevada_rj_portugos_barranco_bermejo_portugo_042,Transnevada RJ - Portugos - Barranco Bermejo - Portugos,ciclismo,2022,7,2022-07-01,0.395262208337556,0.12408940255989045,0.24573438117863122,0.2714380779319589,0.5176252623632965,0.1529108446385219,GEE:S2_SR_HARMONIZED
pn_sierra_nevada_ciclismo_transnevada_rk_padre_eterno_ar_puente_palo_padre_043,Transnevada RK - Padre Eterno - AR Puente Palo - Padre Eterno,ciclismo,2022,7,2022-07-01,0.3138372946557592,0.03312793405486086,0.20834941828286285,0.18964483708394228,0.4160529417869304,0.1568955857926195,GEE:S2_SR_HARMONIZED
pn_sierra_nevada_ciclismo_transnevada_rc_abrucena_la_polarda_044,Transnevada RC - Abrucena - La Polarda,ciclismo,2022,7,2022-07-01,0.37786256068753543,0.12742787027952243,0.23362128260865947,0.24420099847392476,0.5058057874863832,0.15697425182274774,GEE:S2_SR_HARMONIZED
pn_sierra_nevada_ciclismo_transnevada_rd_laujar_andarax_loma_raspa_laujar__045,Transnevada RD - Laujar Andarax - Loma Raspa - Laujar Andarax,ciclismo,2022,7,2022-07-01,0.3647599606258689,0.1008452953748479,0.22318344105841126,0.22072860112531822,0.505916501318947,0.17776337631579328,GEE:S2_SR_HARMONIZED
pn_sierra_nevada_ciclismo_transnevada_ri_niguelas_la_rinconada_niguelas_046,Transnevada RI - Niguelas - La Rinconada - Niguelas,ciclismo,2022,7,2022-07-01,0.3144286741232122,0.059236553244310514,0.2168716543621012,0.21303531473168638,0.4002690904824819,0.13672123062334307,GEE:S2_SR_HARMONIZED
pn_sierra_nevada_ciclismo_transnevada_invierno_047,TRANSNEVADA INVIERNO,ciclismo,2022,7,2022-07-01,0.3881400922235842,0.11357521831450075,0.24201709741706154,0.2480928057842801,0.5214685147592331,0.17595715226624958,GEE:S2_SR_HARMONIZED
pn_sierra_nevada_ciclismo_transnevada_verano_048,TRANSNEVADA VERANO,ciclismo,2022,7,2022-07-01,0.3903940005244399,0.11731969133756742,0.24385247351969938,0.24413103581496984,0.5253826612791382,0.178658712080682,GEE:S2_SR_HARMONIZED
pn_sierra_nevada_ciclismo_transnevada_ra_guejar_sierra_pena_partida_049,Transnevada RA - Güejar Sierra - Peña Partida,ciclismo,2022,7,2022-07-01,0.30183814237923406,0.04277877149151419,0.21314326766996977,0.1816134099142431,0.39264070391154615,0.1579454604205712,GEE:S2_SR_HARMONIZED
pn_sierra_nevada_ciclismo_transnevada_rb_lanteira_postero_alto_lanteira_050,Transnevada RB - Lanteira - Postero Alto - Lanteira,ciclismo,2022,7,2022-07-01,0.4309592832777565,0.1825998354601557,0.24702651376763282,0.2988977501512816,0.5644527366289517,0.184715473977748,GEE:S2_SR_HARMONIZED
pn_sierra_nevada_ciclismo_transnevada_re_bayarcal_laguna_seca_051,Transnevada RE - Bayarcal - Laguna Seca,ciclismo,2022,7,2022-07-01,0.4371916368777304,0.1684260803849577,0.2508450135679499,0.2831505174872996,0.5880092604165131,0.18265256251573983,GEE:S2_SR_HARMONIZED
pn_sierra_nevada_ciclismo_carril_cicloturista_la_zubia_cumbres_verdes_052,CARRIL CICLOTURISTA LA ZUBIA-CUMBRES VERDES,ciclismo,2022,7,2022-07-01,0.40069664391374493,0.011160055229779055,0.21369339519155045,0.31807709557184005,0.4942567624970267,0.12784596057646339,GEE:S2_SR_HARMONIZED
pn_sierra_nevada_senderismo_transnevada_rf_valor_fuente_de_las_primeras_agua_000,Transnevada RF - Valor - Fuente de las Primeras Aguas,senderismo,2022,8,2022-08-01,0.3920124992170391,0.12081843868148147,0.2216638770365454,0.2286498837772045,0.5562585753479923,0.18850296857908488,GEE:S2_SR_HARMONIZED
pn_sierra_nevada_senderismo_transnevada_rg_yegen_mecina_bombaron_yegen_001,Transnevada RG - Yegen - Mecina Bombaron - Yegen,senderismo,2022,8,2022-08-01,0.3140069927626694,0.06626492960873083,0.18483308582406785,0.18167676661224633,0.42401313298405346,0.17732669674236434,GEE:S2_SR_HARMONIZED
pn_sierra_nevada_senderismo_transnevada_rh_capileira_refugio_poqueira_002,Transnevada RH - Capileira - Refugio Poqueira,senderismo,2022,8,2022-08-01,0.3152045831334909,0.0948534309459459,0.17591954800905388,0.16201511596776746,0.47048883803121816,0.20420161340761506,GEE:S2_SR_HARMONIZED
pn_sierra_nevada_senderismo_transnevada_rj_portugos_barranco_bermejo_portugo_003,Transnevada RJ - Portugos - Barranco Bermejo - Portugos,senderismo,2022,8,2022-08-01,0.3853225909311578,0.11266314339959448,0.22162357423025622,0.25579882049907177,0.5059021391868176,0.16046014238699027,GEE:S2_SR_HARMONIZED
pn_sierra_nevada_senderismo_transnevada_rk_padre_eterno_ar_puente_palo_padre_004,Transnevada RK - Padre Eterno - AR Puente Palo - Padre Eterno,senderismo,2022,8,2022-08-01,0.2988792833021583,0.02036949805215025,0.1869801700670544,0.17378200654099338,0.392415869352022,0.16293636050298546,GEE:S2_SR_HARMONIZED
pn_sierra_nevada_senderismo_transnevada_rc_abrucena_la_polarda_005,Transnevada RC - Abrucena - La Polarda,senderismo,2022,8,2022-08-01,0.38814405019925263,0.136309435063138,0.22472363179556673,0.24029857037124314,0.5294719008385518,0.1705664182019803,GEE:S2_SR_HARMONIZED
pn_sierra_nevada_senderismo_transnevada_rd_laujar_andarax_loma_raspa_laujar__006,Transnevada RD - Laujar Andarax - Loma Raspa - Laujar Andarax,senderismo,2022,8,2022-08-01,0.3612621057554177,0.09840348054024484,0.207563973243445,0.20903624780575725,0.5098101519344437,0.1831556976128414,GEE:S2_SR_HARMONIZED
pn_sierra_nevada_senderismo_transnevada_ri_niguelas_la_rinconada_niguelas_007,Transnevada RI - Niguelas - La Rinconada - Niguelas,senderismo,2022,8,2022-08-01,0.28664295123733624,0.04024528975334008,0.18924137686016693,0.1895643830651739,0.36129091671305413,0.13265321661033502,GEE:S2_SR_HARMONIZED
pn_sierra_nevada_senderismo_acequias_del_poqueira_008,Acequias del Poqueira,senderismo,2022,8,2022-08-01,0.3598221992661611,0.08212683294675888,0.24114021321948775,0.21282764434103324,0.4825094795303685,0.18361023631532442,GEE:S2_SR_HARMONIZED
pn_sierra_nevada_senderismo_canal_de_la_espartera_arenales_del_trevenque_009,Canal de la Espartera - Arenales del Trevenque,senderismo,2022,8,2022-08-01,0.3671302495848313,0.06383125368857036,0.21623417596856798,0.197564729743149,0.5369959313611726,0.2058512607618571,GEE:S2_SR_HARMONIZED
pn_sierra_nevada_senderismo_cerro_huenes_010,Cerro Huenes,senderismo,2022,8,2022-08-01,0.473522289137903,0.143389047330485,0.27621263338974283,0.32256171945876216,0.6267007416323426,0.1745378333804826,GEE:S2_SR_HARMONIZED
pn_sierra_nevada_senderismo_el_aguadero_011,El Aguadero,senderismo,2022,8,2022-08-01,0.412821006373637,0.11330558937535115,0.23802119492811952,0.27915063221137615,0.5448739767240339,0.16407997597926355,GEE:S2_SR_HARMONIZED
pn_sierra_nevada_senderismo_haza_larguilla_012,Haza Larguilla,senderismo,2022,8,2022-08-01,0.22429478024121968,-0.07272259976034555,0.13677177064434595,0.1724766833441598,0.2682502299584968,0.06841062075045884,GEE:S2_SR_HARMONIZED
pn_sierra_nevada_senderismo_hoya_del_portillo_refugio_poqueira_013,Hoya del Portillo - Refugio Poqueira,senderismo,2022,8,2022-08-01,0.31864204692793985,0.07094100173898014,0.18245072906719914,0.2010896339327154,0.36148086527225437,0.18688023796272504,GEE:S2_SR_HARMONIZED
pn_sierra_nevada_senderismo_jerez_del_marquesado_postero_alto_014,Jerez del Marquesado - Postero Alto,senderismo,2022,8,2022-08-01,0.41600952743020425,0.1781279948966091,0.2300943114496856,0.24021883260475402,0.5878172582824293,0.20240246167232032,GEE:S2_SR_HARMONIZED
pn_sierra_nevada_senderismo_ragua_aldeire_015,Ragua - Aldeire,senderismo,2022,8,2022-08-01,0.46800676817185527,0.18684826762047257,0.2825865503218637,0.25992977476595874,0.6894927358406033,0.22806110771536625,GEE:S2_SR_HARMONIZED
pn_sierra_nevada_senderismo_transnevada_invierno_016,TRANSNEVADA INVIERNO,senderismo,2022,8,2022-08-01,0.3800156225134853,0.10694442945655457,0.22592253762727557,0.23045861058428901,0.5196104406452106,0.18079914642032707,GEE:S2_SR_HARMONIZED
pn_sierra_nevada_senderismo_transnevada_verano_017,TRANSNEVADA VERANO,senderismo,2022,8,2022-08-01,0.3824050969134133,0.11121687838842138,0.2281823427712769,0.23044713458167615,0.5272998489472398,0.18345465066214622,GEE:S2_SR_HARMONIZED
pn_sierra_nevada_senderismo_transnevada_ra_guejar_sierra_pena_partida_018,Transnevada RA - Güejar Sierra - Peña Partida,senderismo,2022,8,2022-08-01,0.2854611242482662,0.031487106903896625,0.194903939581061,0.1698398669948691,0.36910889180619666,0.15323848156735423,GEE:S2_SR_HARMONIZED
pn_sierra_nevada_senderismo_transnevada_rb_lanteira_postero_alto_lanteira_019,Transnevada RB - Lanteira - Postero Alto - Lanteira,senderismo,2022,8,2022-08-01,0.4333158485382661,0.18662872672184816,0.24114177797747774,0.3105231796187916,0.5645855017019048,0.1770070724076155,GEE:S2_SR_HARMONIZED
pn_sierra_nevada_senderismo_transnevada_re_bayarcal_laguna_seca_020,Transnevada RE - Bayarcal - Laguna Seca,senderismo,2022,8,2022-08-01,0.4343978265096302,0.16524748726684432,0.23748568279591448,0.2676684596327715,0.5956871855977407,0.190265602861126,GEE:S2_SR_HARMONIZED
pn_sierra_nevada_senderismo_la_cebadilla_021,La Cebadilla,senderismo,2022,8,2022-08-01,0.39030906591159037,0.08004630444383815,0.265080777581972,0.24015115574720658,0.5215901031818738,0.18776230025336707,GEE:S2_SR_HARMONIZED
pn_sierra_nevada_senderismo_la_silleta_022,La Silleta,senderismo,2022,8,2022-08-01,0.325975678617839,0.004028820240859747,0.1852522629120383,0.22064477873511987,0.43956631841594307,0.13578035177487827,GEE:S2_SR_HARMONIZED
pn_sierra_nevada_senderismo_lanjaron_tello_023,Lanjaron - Tello,senderismo,2022,8,2022-08-01,0.3852295475064585,0.04375339960769438,0.2608715615333188,0.22067452151933034,0.5135784949245916,0.20108222557337513,GEE:S2_SR_HARMONIZED
pn_sierra_nevada_senderismo_molinos_de_isfalada_024,Molinos de Isfalada,senderismo,2022,8,2022-08-01,0.32807289602954753,0.09273568662830578,0.19985738631561875,0.19331692612535584,0.42824583871973093,0.17830164866393064,GEE:S2_SR_HARMONIZED
pn_sierra_nevada_senderismo_monterrey_025,Monterrey,senderismo,2022,8,2022-08-01,0.4450501901044581,0.10539236054186438,0.24927616595930513,0.32247334551625034,0.5567923788071047,0.15936375963391777,GEE:S2_SR_HARMONIZED
pn_sierra_nevada_senderismo_puente_palo_026,Puente Palo,senderismo,2022,8,2022-08-01,0.5635731423622947,0.21772447825337476,0.3299077545059125,0.48208751302567143,0.65824918937453,0.13055367529218465,GEE:S2_SR_HARMONIZED
pn_sierra_nevada_senderismo_ragua_hoyos_de_pura_027,Ragua - Hoyos de Pura,senderismo,2022,8,2022-08-01,0.5694038542861991,0.2962699399936186,0.31408625521978834,0.4625413093937042,0.752039394892542,0.22245322137750295,GEE:S2_SR_HARMONIZED
pn_sierra_nevada_senderismo_ragua_lagunilla_seca_028,Ragua - Lagunilla Seca,senderismo,2022,8,2022-08-01,0.41279467626226973,0.15100328752437286,0.24008310267906885,0.2751220804222328,0.5646387047528706,0.17424528836339606,GEE:S2_SR_HARMONIZED
pn_sierra_nevada_senderismo_rio_alhama_029,Río Alhama,senderismo,2022,8,2022-08-01,0.32412153125665405,0.04775725407815208,0.20093682811705008,0.16995994863237668,0.4470837505178665,0.19366112228964388,GEE:S2_SR_HARMONIZED
pn_sierra_nevada_senderismo_rio_bermejo_030,Río Bermejo,senderismo,2022,8,2022-08-01,0.45700591610341046,0.14754600979792526,0.27630641251829496,0.31058839527175963,0.5916362405058802,0.18879730187509397,GEE:S2_SR_HARMONIZED
pn_sierra_nevada_senderismo_rio_grande_de_los_berchules_031,Río Grande de los Berchules,senderismo,2022,8,2022-08-01,0.39239792157349374,0.12039874332396126,0.24824457444972176,0.22079062075441627,0.5680590859770522,0.2011593242597746,GEE:S2_SR_HARMONIZED
pn_sierra_nevada_senderismo_trevelez_siete_lagunas_032,Trevélez - Siete Lagunas,senderismo,2022,8,2022-08-01,0.3573671396324354,0.10018089587734641,0.23362392506684446,0.19338139730659437,0.5020499822767824,0.21496106893649677,GEE:S2_SR_HARMONIZED
pn_sierra_nevada_senderismo_ubeire_033,Ubeire,senderismo,2022,8,2022-08-01,0.5040277456530868,0.18307226866695003,0.2961722956331278,0.40439070020748646,0.5880785150627219,0.140988172146034,GEE:S2_SR_HARMONIZED
pn_sierra_nevada_senderismo_sulayr_034,SULAYR,senderismo,2022,8,2022-08-01,0.41865770464051144,0.1297906300724235,0.25041145583001595,0.2597386284261291,0.5800781329992237,0.19194539038734273,GEE:S2_SR_HARMONIZED
pn_sierra_nevada_senderismo_carril_cicloturista_la_zubia_cumbres_verdes_035,CARRIL CICLOTURISTA LA ZUBIA-CUMBRES VERDES,senderismo,2022,8,2022-08-01,0.40271176637166095,0.030803826347017636,0.2115657273998127,0.32232030856857263,0.497893028796755,0.1291285353255788,GEE:S2_SR_HARMONIZED
pn_sierra_nevada_senderismo_dehesa_del_camarate_036,Dehesa del Camarate,senderismo,2022,8,2022-08-01,0.48027211194250646,0.12059825234693415,0.30496938303250193,0.3455936311804506,0.6269452977662336,0.17830547537990787,GEE:S2_SR_HARMONIZED
pn_sierra_nevada_senderismo_pueblos_del_poqueira_037,PUEBLOS DEL POQUEIRA,senderismo,2022,8,2022-08-01,0.44061818949049947,0.12607464172160593,0.30663575211217065,0.2716684969268944,0.599788680582072,0.20781216484290263,GEE:S2_SR_HARMONIZED
pn_sierra_nevada_senderismo_ragua_barranco_del_hornillo_038,Ragua - Barranco del Hornillo,senderismo,2022,8,2022-08-01,0.6210238129496337,0.30614924151298606,0.3248608044429678,0.48195829611691837,0.7560516605979113,0.17267943455551332,GEE:S2_SR_HARMONIZED
pn_sierra_nevada_ciclismo_transnevada_rf_valor_fuente_de_las_primeras_agua_039,Transnevada RF - Valor - Fuente de las Primeras Aguas,ciclismo,2022,8,2022-08-01,0.3920124992170391,0.12081843868148147,0.2216638770365454,0.2286498837772045,0.5562585753479923,0.18850296857908488,GEE:S2_SR_HARMONIZED
pn_sierra_nevada_ciclismo_transnevada_rg_yegen_mecina_bombaron_yegen_040,Transnevada RG - Yegen - Mecina Bombaron - Yegen,ciclismo,2022,8,2022-08-01,0.3140069927626694,0.06626492960873083,0.18483308582406785,0.18167676661224633,0.42401313298405346,0.17732669674236434,GEE:S2_SR_HARMONIZED
pn_sierra_nevada_ciclismo_transnevada_rh_capileira_refugio_poqueira_041,Transnevada RH - Capileira - Refugio Poqueira,ciclismo,2022,8,2022-08-01,0.3152045831334909,0.0948534309459459,0.17591954800905388,0.16201511596776746,0.47048883803121816,0.20420161340761506,GEE:S2_SR_HARMONIZED
pn_sierra_nevada_ciclismo_transnevada_rj_portugos_barranco_bermejo_portugo_042,Transnevada RJ - Portugos - Barranco Bermejo - Portugos,ciclismo,2022,8,2022-08-01,0.3853225909311578,0.11266314339959448,0.22162357423025622,0.25579882049907177,0.5059021391868176,0.16046014238699027,GEE:S2_SR_HARMONIZED
pn_sierra_nevada_ciclismo_transnevada_rk_padre_eterno_ar_puente_palo_padre_043,Transnevada RK - Padre Eterno - AR Puente Palo - Padre Eterno,ciclismo,2022,8,2022-08-01,0.2988792833021583,0.02036949805215025,0.1869801700670544,0.17378200654099338,0.392415869352022,0.16293636050298546,GEE:S2_SR_HARMONIZED
pn_sierra_nevada_ciclismo_transnevada_rc_abrucena_la_polarda_044,Transnevada RC - Abrucena - La Polarda,ciclismo,2022,8,2022-08-01,0.38814405019925263,0.136309435063138,0.22472363179556673,0.24029857037124314,0.5294719008385518,0.1705664182019803,GEE:S2_SR_HARMONIZED
pn_sierra_nevada_ciclismo_transnevada_rd_laujar_andarax_loma_raspa_laujar__045,Transnevada RD - Laujar Andarax - Loma Raspa - Laujar Andarax,ciclismo,2022,8,2022-08-01,0.3612621057554177,0.09840348054024484,0.207563973243445,0.20903624780575725,0.5098101519344437,0.1831556976128414,GEE:S2_SR_HARMONIZED
pn_sierra_nevada_ciclismo_transnevada_ri_niguelas_la_rinconada_niguelas_046,Transnevada RI - Niguelas - La Rinconada - Niguelas,ciclismo,2022,8,2022-08-01,0.28664295123733624,0.04024528975334008,0.18924137686016693,0.1895643830651739,0.36129091671305413,0.13265321661033502,GEE:S2_SR_HARMONIZED
pn_sierra_nevada_ciclismo_transnevada_invierno_047,TRANSNEVADA INVIERNO,ciclismo,2022,8,2022-08-01,0.3800156225134853,0.10694442945655457,0.22592253762727557,0.23045861058428901,0.5196104406452106,0.18079914642032707,GEE:S2_SR_HARMONIZED
pn_sierra_nevada_ciclismo_transnevada_verano_048,TRANSNEVADA VERANO,ciclismo,2022,8,2022-08-01,0.3824050969134133,0.11121687838842138,0.2281823427712769,0.23044713458167615,0.5272998489472398,0.18345465066214622,GEE:S2_SR_HARMONIZED
pn_sierra_nevada_ciclismo_transnevada_ra_guejar_sierra_pena_partida_049,Transnevada RA - Güejar Sierra - Peña Partida,ciclismo,2022,8,2022-08-01,0.2854611242482662,0.031487106903896625,0.194903939581061,0.1698398669948691,0.36910889180619666,0.15323848156735423,GEE:S2_SR_HARMONIZED
pn_sierra_nevada_ciclismo_transnevada_rb_lanteira_postero_alto_lanteira_050,Transnevada RB - Lanteira - Postero Alto - Lanteira,ciclismo,2022,8,2022-08-01,0.4333158485382661,0.18662872672184816,0.24114177797747774,0.3105231796187916,0.5645855017019048,0.1770070724076155,GEE:S2_SR_HARMONIZED
pn_sierra_nevada_ciclismo_transnevada_re_bayarcal_laguna_seca_051,Transnevada RE - Bayarcal - Laguna Seca,ciclismo,2022,8,2022-08-01,0.4343978265096302,0.16524748726684432,0.23748568279591448,0.2676684596327715,0.5956871855977407,0.190265602861126,GEE:S2_SR_HARMONIZED
pn_sierra_nevada_ciclismo_carril_cicloturista_la_zubia_cumbres_verdes_052,CARRIL CICLOTURISTA LA ZUBIA-CUMBRES VERDES,ciclismo,2022,8,2022-08-01,0.40271176637166095,0.030803826347017636,0.2115657273998127,0.32232030856857263,0.497893028796755,0.1291285353255788,GEE:S2_SR_HARMONIZED
pn_sierra_nevada_senderismo_transnevada_rf_valor_fuente_de_las_primeras_agua_000,Transnevada RF - Valor - Fuente de las Primeras Aguas,senderismo,2022,9,2022-09-01,0.40858337632353287,0.11639764934339487,0.21414292573929908,0.22862442198785457,0.5879757002977362,0.20518846071407973,GEE:S2_SR_HARMONIZED
pn_sierra_nevada_senderismo_transnevada_rg_yegen_mecina_bombaron_yegen_001,Transnevada RG - Yegen - Mecina Bombaron - Yegen,senderismo,2022,9,2022-09-01,0.3258992715627134,0.059910238500732405,0.1788532874228153,0.177899548514447,0.44697884945921446,0.1919660167647264,GEE:S2_SR_HARMONIZED
pn_sierra_nevada_senderismo_transnevada_rh_capileira_refugio_poqueira_002,Transnevada RH - Capileira - Refugio Poqueira,senderismo,2022,9,2022-09-01,0.33466292914717966,0.09739862549454134,0.17487489543458948,0.17382269042664047,0.5055046543943224,0.21584049388551485,GEE:S2_SR_HARMONIZED
pn_sierra_nevada_senderismo_transnevada_rj_portugos_barranco_bermejo_portugo_003,Transnevada RJ - Portugos - Barranco Bermejo - Portugos,senderismo,2022,9,2022-09-01,0.4044679640387132,0.11333113422407566,0.21705828868178942,0.2675855991243639,0.5370896109000997,0.17024470219879073,GEE:S2_SR_HARMONIZED
pn_sierra_nevada_senderismo_transnevada_rk_padre_eterno_ar_puente_palo_padre_004,Transnevada RK - Padre Eterno - AR Puente Palo - Padre Eterno,senderismo,2022,9,2022-09-01,0.31024772625341684,0.010943301520271223,0.1812514672224686,0.17384702064307436,0.41606869190673956,0.17500970248554676,GEE:S2_SR_HARMONIZED
pn_sierra_nevada_senderismo_transnevada_rc_abrucena_la_polarda_005,Transnevada RC - Abrucena - La Polarda,senderismo,2022,9,2022-09-01,0.4324301610038359,0.16173105904812174,0.22838078184150964,0.259871873452165,0.5997367732214076,0.19763812122108568,GEE:S2_SR_HARMONIZED
pn_sierra_nevada_senderismo_transnevada_rd_laujar_andarax_loma_raspa_laujar__006,Transnevada RD - Laujar Andarax - Loma Raspa - Laujar Andarax,senderismo,2022,9,2022-09-01,0.3814157042205106,0.10805320147442836,0.20341598790012144,0.20913289884691313,0.5526514346873198,0.20084532565301816,GEE:S2_SR_HARMONIZED
pn_sierra_nevada_senderismo_transnevada_ri_niguelas_la_rinconada_niguelas_007,Transnevada RI - Niguelas - La Rinconada - Niguelas,senderismo,2022,9,2022-09-01,0.2984269435860136,0.03399187137959255,0.1839049115421993,0.1933007847497662,0.38071902704283195,0.1420728234115114,GEE:S2_SR_HARMONIZED
pn_sierra_nevada_senderismo_acequias_del_poqueira_008,Acequias del Poqueira,senderismo,2022,9,2022-09-01,0.36534602670306904,0.07065462740374949,0.22820468280367673,0.21685066750507467,0.4903307965904935,0.19350041953282018,GEE:S2_SR_HARMONIZED
pn_sierra_nevada_senderismo_canal_de_la_espartera_arenales_del_trevenque_009,Canal de la Espartera - Arenales del Trevenque,senderismo,2022,9,2022-09-01,0.3901315605781823,0.07308258087865063,0.21276789389477638,0.19722535895496274,0.5875398396737396,0.223638344418447,GEE:S2_SR_HARMONIZED
pn_sierra_nevada_senderismo_cerro_huenes_010,Cerro Huenes,senderismo,2022,9,2022-09-01,0.516776591992941,0.170029417275627,0.28006351963185283,0.3535376457091425,0.689165040634292,0.18982360956361255,GEE:S2_SR_HARMONIZED
pn_sierra_nevada_senderismo_el_aguadero_011,El Aguadero,senderismo,2022,9,2022-09-01,0.4426138515352346,0.12989944189075875,0.23458039846586054,0.2870456343729694,0.5993891586466336,0.1841530355222399,GEE:S2_SR_HARMONIZED
pn_sierra_nevada_senderismo_haza_larguilla_012,Haza Larguilla,senderismo,2022,9,2022-09-01,0.22971958069324605,-0.08271740541309627,0.13135946536021326,0.16853382362900032,0.2885248855940789,0.07946594608233346,GEE:S2_SR_HARMONIZED
pn_sierra_nevada_senderismo_hoya_del_portillo_refugio_poqueira_013,Hoya del Portillo - Refugio Poqueira,senderismo,2022,9,2022-09-01,0.33761509450768873,0.07417857958191743,0.18109435801089044,0.2167484925243968,0.37740822029862703,0.1940830482699268,GEE:S2_SR_HARMONIZED
pn_sierra_nevada_senderismo_jerez_del_marquesado_postero_alto_014,Jerez del Marquesado - Postero Alto,senderismo,2022,9,2022-09-01,0.4508169792282929,0.20134028641877308,0.23086852954602324,0.2553973835118163,0.6426633594313248,0.2208725151166095,GEE:S2_SR_HARMONIZED
pn_sierra_nevada_senderismo_ragua_aldeire_015,Ragua - Aldeire,senderismo,2022,9,2022-09-01,0.49393881298988157,0.19774759989239632,0.28258760231706564,0.27533603779636906,0.7325882882746337,0.23719001151823585,GEE:S2_SR_HARMONIZED
pn_sierra_nevada_senderismo_transnevada_invierno_016,TRANSNEVADA INVIERNO,senderismo,2022,9,2022-09-01,0.40408193804647713,0.11563598179437148,0.22356000582399382,0.23632591180162982,0.5645165476789702,0.19784549644821017,GEE:S2_SR_HARMONIZED
pn_sierra_nevada_senderismo_transnevada_verano_017,TRANSNEVADA VERANO,senderismo,2022,9,2022-09-01,0.40818249948403174,0.12063257967858013,0.2262809998785373,0.24023368037919304,0.5722917457793715,0.2007928270289505,GEE:S2_SR_HARMONIZED
pn_sierra_nevada_senderismo_transnevada_ra_guejar_sierra_pena_partida_018,Transnevada RA - Güejar Sierra - Peña Partida,senderismo,2022,9,2022-09-01,0.304182267178903,0.03425705321450291,0.1954448880877723,0.18173667294264576,0.40808305430537006,0.16177866491896176,GEE:S2_SR_HARMONIZED
pn_sierra_nevada_senderismo_transnevada_rb_lanteira_postero_alto_lanteira_019,Transnevada RB - Lanteira - Postero Alto - Lanteira,senderismo,2022,9,2022-09-01,0.4743868068136894,0.21488080248243435,0.24362515352821887,0.3415755215819784,0.6189053091789687,0.19139360862700389,GEE:S2_SR_HARMONIZED
pn_sierra_nevada_senderismo_transnevada_re_bayarcal_laguna_seca_020,Transnevada RE - Bayarcal - Laguna Seca,senderismo,2022,9,2022-09-01,0.4566350530635825,0.1742608039634048,0.23319713458253452,0.275379660982136,0.6308629376924169,0.2044467471465055,GEE:S2_SR_HARMONIZED
pn_sierra_nevada_senderismo_la_cebadilla_021,La Cebadilla,senderismo,2022,9,2022-09-01,0.4035122979732454,0.0697247363458407,0.25471501237223315,0.23674129863023174,0.5527436332198965,0.1989220097385135,GEE:S2_SR_HARMONIZED
pn_sierra_nevada_senderismo_la_silleta_022,La Silleta,senderismo,2022,9,2022-09-01,0.34991783851835123,0.0132729651251809,0.18656350023363666,0.22472381154514728,0.48279089009744586,0.15642154066876746,GEE:S2_SR_HARMONIZED
pn_sierra_nevada_senderismo_lanjaron_tello_023,Lanjaron - Tello,senderismo,2022,9,2022-09-01,0.3869672352385665,0.022970366091300164,0.2440854084041895,0.21701959593594966,0.5332312725538165,0.20610738928908004,GEE:S2_SR_HARMONIZED
pn_sierra_nevada_senderismo_molinos_de_isfalada_024,Molinos de Isfalada,senderismo,2022,9,2022-09-01,0.3378957228494846,0.0847711051883885,0.19042217118639634,0.1892146945405749,0.4549090551487087,0.19377730166611318,GEE:S2_SR_HARMONIZED
pn_sierra_nevada_senderismo_monterrey_025,Monterrey,senderismo,2022,9,2022-09-01,0.48325724272296094,0.1282903324147705,0.2515712855763996,0.3454489246110966,0.6153984259240577,0.1756391321910025,GEE:S2_SR_HARMONIZED
pn_sierra_nevada_senderismo_puente_palo_026,Puente Palo,senderismo,2022,9,2022-09-01,0.5904361989565204,0.22351235607940836,0.31974842649747665,0.5018933207626025,0.6931569384388623,0.13915944599681454,GEE:S2_SR_HARMONIZED
pn_sierra_nevada_senderismo_ragua_hoyos_de_pura_027,Ragua - Hoyos de Pura,senderismo,2022,9,2022-09-01,0.595508743136908,0.3125100763463732,0.30854866532284275,0.5022442376511729,0.7753370781445179,0.23115413736735602,GEE:S2_SR_HARMONIZED
pn_sierra_nevada_senderismo_ragua_lagunilla_seca_028,Ragua - Lagunilla Seca,senderismo,2022,9,2022-09-01,0.4447732926026699,0.16393529030670753,0.24064208205305354,0.3025694957479424,0.6074477115593958,0.18131591071114672,GEE:S2_SR_HARMONIZED
pn_sierra_nevada_senderismo_rio_alhama_029,Río Alhama,senderismo,2022,9,2022-09-01,0.33824169903281553,0.04830246307806154,0.19596465860171242,0.16195945969129183,0.4823040140411934,0.21588235290743008,GEE:S2_SR_HARMONIZED
pn_sierra_nevada_senderismo_rio_bermejo_030,Río Bermejo,senderismo,2022,9,2022-09-01,0.4732537459894672,0.14440925920432673,0.2668280474917191,0.3142901829107396,0.6153843753909541,0.1968401599188063,GEE:S2_SR_HARMONIZED
pn_sierra_nevada_senderismo_rio_grande_de_los_berchules_031,Río Grande de los Berchules,senderismo,2022,9,2022-09-01,0.4054474894818431,0.10988873226347737,0.23807429338502645,0.2168219815589067,0.6154755818975726,0.21907134933879496,GEE:S2_SR_HARMONIZED
pn_sierra_nevada_senderismo_trevelez_siete_lagunas_032,Trevélez - Siete Lagunas,senderismo,2022,9,2022-09-01,0.365496142417522,0.09163774013872318,0.223675010092811,0.2129752075468158,0.5058631833179058,0.21138372840066535,GEE:S2_SR_HARMONIZED
pn_sierra_nevada_senderismo_ubeire_033,Ubeire,senderismo,2022,9,2022-09-01,0.5394593981190259,0.19646812383275195,0.29189697591788527,0.44332999904214393,0.630456167866999,0.1404321941946369,GEE:S2_SR_HARMONIZED
pn_sierra_nevada_senderismo_sulayr_034,SULAYR,senderismo,2022,9,2022-09-01,0.4424638385322859,0.13686953293485563,0.2468732743240407,0.27151235664021506,0.6191501401719736,0.2040324888597582,GEE:S2_SR_HARMONIZED
pn_sierra_nevada_senderismo_carril_cicloturista_la_zubia_cumbres_verdes_035,CARRIL CICLOTURISTA LA ZUBIA-CUMBRES VERDES,senderismo,2022,9,2022-09-01,0.4444405760762472,0.06334770803735075,0.22112768189259663,0.3576957518433508,0.5566168275399902,0.14778075429636697,GEE:S2_SR_HARMONIZED
pn_sierra_nevada_senderismo_dehesa_del_camarate_036,Dehesa del Camarate,senderismo,2022,9,2022-09-01,0.5017170329356592,0.12421699887701095,0.2974632334010502,0.3609708944004958,0.6622386476675377,0.18771810625363622,GEE:S2_SR_HARMONIZED
pn_sierra_nevada_senderismo_pueblos_del_poqueira_037,PUEBLOS DEL POQUEIRA,senderismo,2022,9,2022-09-01,0.4492247871263188,0.10987589224782576,0.2899522371269129,0.27152030021105694,0.6115744919166477,0.21490576442336065,GEE:S2_SR_HARMONIZED
pn_sierra_nevada_senderismo_ragua_barranco_del_hornillo_038,Ragua - Barranco del Hornillo,senderismo,2022,9,2022-09-01,0.6666979200528415,0.3335354670844382,0.32807926202362936,0.5367004033820383,0.8032097548527652,0.1757867658422909,GEE:S2_SR_HARMONIZED
pn_sierra_nevada_ciclismo_transnevada_rf_valor_fuente_de_las_primeras_agua_039,Transnevada RF - Valor - Fuente de las Primeras Aguas,ciclismo,2022,9,2022-09-01,0.40858337632353287,0.11639764934339487,0.21414292573929908,0.22862442198785457,0.5879757002977362,0.20518846071407973,GEE:S2_SR_HARMONIZED
pn_sierra_nevada_ciclismo_transnevada_rg_yegen_mecina_bombaron_yegen_040,Transnevada RG - Yegen - Mecina Bombaron - Yegen,ciclismo,2022,9,2022-09-01,0.3258992715627134,0.059910238500732405,0.1788532874228153,0.177899548514447,0.44697884945921446,0.1919660167647264,GEE:S2_SR_HARMONIZED
pn_sierra_nevada_ciclismo_transnevada_rh_capileira_refugio_poqueira_041,Transnevada RH - Capileira - Refugio Poqueira,ciclismo,2022,9,2022-09-01,0.33466292914717966,0.09739862549454134,0.17487489543458948,0.17382269042664047,0.5055046543943224,0.21584049388551485,GEE:S2_SR_HARMONIZED
pn_sierra_nevada_ciclismo_transnevada_rj_portugos_barranco_bermejo_portugo_042,Transnevada RJ - Portugos - Barranco Bermejo - Portugos,ciclismo,2022,9,2022-09-01,0.4044679640387132,0.11333113422407566,0.21705828868178942,0.2675855991243639,0.5370896109000997,0.17024470219879073,GEE:S2_SR_HARMONIZED
pn_sierra_nevada_ciclismo_transnevada_rk_padre_eterno_ar_puente_palo_padre_043,Transnevada RK - Padre Eterno - AR Puente Palo - Padre Eterno,ciclismo,2022,9,2022-09-01,0.31024772625341684,0.010943301520271223,0.1812514672224686,0.17384702064307436,0.41606869190673956,0.17500970248554676,GEE:S2_SR_HARMONIZED
pn_sierra_nevada_ciclismo_transnevada_rc_abrucena_la_polarda_044,Transnevada RC - Abrucena - La Polarda,ciclismo,2022,9,2022-09-01,0.4324301610038359,0.16173105904812174,0.22838078184150964,0.259871873452165,0.5997367732214076,0.19763812122108568,GEE:S2_SR_HARMONIZED
pn_sierra_nevada_ciclismo_transnevada_rd_laujar_andarax_loma_raspa_laujar__045,Transnevada RD - Laujar Andarax - Loma Raspa - Laujar Andarax,ciclismo,2022,9,2022-09-01,0.3814157042205106,0.10805320147442836,0.20341598790012144,0.20913289884691313,0.5526514346873198,0.20084532565301816,GEE:S2_SR_HARMONIZED
pn_sierra_nevada_ciclismo_transnevada_ri_niguelas_la_rinconada_niguelas_046,Transnevada RI - Niguelas - La Rinconada - Niguelas,ciclismo,2022,9,2022-09-01,0.2984269435860136,0.03399187137959255,0.1839049115421993,0.1933007847497662,0.38071902704283195,0.1420728234115114,GEE:S2_SR_HARMONIZED
pn_sierra_nevada_ciclismo_transnevada_invierno_047,TRANSNEVADA INVIERNO,ciclismo,2022,9,2022-09-01,0.40408193804647713,0.11563598179437148,0.22356000582399382,0.23632591180162982,0.5645165476789702,0.19784549644821017,GEE:S2_SR_HARMONIZED
pn_sierra_nevada_ciclismo_transnevada_verano_048,TRANSNEVADA VERANO,ciclismo,2022,9,2022-09-01,0.40818249948403174,0.12063257967858013,0.2262809998785373,0.24023368037919304,0.5722917457793715,0.2007928270289505,GEE:S2_SR_HARMONIZED
pn_sierra_nevada_ciclismo_transnevada_ra_guejar_sierra_pena_partida_049,Transnevada RA - Güejar Sierra - Peña Partida,ciclismo,2022,9,2022-09-01,0.304182267178903,0.03425705321450291,0.1954448880877723,0.18173667294264576,0.40808305430537006,0.16177866491896176,GEE:S2_SR_HARMONIZED
pn_sierra_nevada_ciclismo_transnevada_rb_lanteira_postero_alto_lanteira_050,Transnevada RB - Lanteira - Postero Alto - Lanteira,ciclismo,2022,9,2022-09-01,0.4743868068136894,0.21488080248243435,0.24362515352821887,0.3415755215819784,0.6189053091789687,0.19139360862700389,GEE:S2_SR_HARMONIZED
pn_sierra_nevada_ciclismo_transnevada_re_bayarcal_laguna_seca_051,Transnevada RE - Bayarcal - Laguna Seca,ciclismo,2022,9,2022-09-01,0.4566350530635825,0.1742608039634048,0.23319713458253452,0.275379660982136,0.6308629376924169,0.2044467471465055,GEE:S2_SR_HARMONIZED
pn_sierra_nevada_ciclismo_carril_cicloturista_la_zubia_cumbres_verdes_052,CARRIL CICLOTURISTA LA ZUBIA-CUMBRES VERDES,ciclismo,2022,9,2022-09-01,0.4444405760762472,0.06334770803735075,0.22112768189259663,0.3576957518433508,0.5566168275399902,0.14778075429636697,GEE:S2_SR_HARMONIZED
pn_sierra_nevada_senderismo_transnevada_rf_valor_fuente_de_las_primeras_agua_000,Transnevada RF - Valor - Fuente de las Primeras Aguas,senderismo,2022,10,2022-10-01,0.3790192819358114,0.11897869848415876,0.1956139853206701,0.22845203382054852,0.5254314324140095,0.1691112971364932,GEE:S2_SR_HARMONIZED
pn_sierra_nevada_senderismo_transnevada_rg_yegen_mecina_bombaron_yegen_001,Transnevada RG - Yegen - Mecina Bombaron - Yegen,senderismo,2022,10,2022-10-01,0.3135692613005222,0.08379418316477139,0.17772549807607987,0.18938337973640154,0.41228751078110676,0.16411162260547488,GEE:S2_SR_HARMONIZED
pn_sierra_nevada_senderismo_transnevada_rh_capileira_refugio_poqueira_002,Transnevada RH - Capileira - Refugio Poqueira,senderismo,2022,10,2022-10-01,0.32251266512156523,0.10851332251141903,0.18016629117474212,0.17791415043521885,0.4781793361963127,0.18665218211316992,GEE:S2_SR_HARMONIZED
pn_sierra_nevada_senderismo_transnevada_rj_portugos_barranco_bermejo_portugo_003,Transnevada RJ - Portugos - Barranco Bermejo - Portugos,senderismo,2022,10,2022-10-01,0.39199041804978396,0.1343163019134931,0.21952637873245667,0.27539984073639945,0.5059433937249156,0.14853953949094897,GEE:S2_SR_HARMONIZED
pn_sierra_nevada_senderismo_transnevada_rk_padre_eterno_ar_puente_palo_padre_004,Transnevada RK - Padre Eterno - AR Puente Palo - Padre Eterno,senderismo,2022,10,2022-10-01,0.2945738684641764,0.015967243841649558,0.17643253264101944,0.1660414648024095,0.3964882261119737,0.15815156344021328,GEE:S2_SR_HARMONIZED
pn_sierra_nevada_senderismo_transnevada_rc_abrucena_la_polarda_005,Transnevada RC - Abrucena - La Polarda,senderismo,2022,10,2022-10-01,0.42129235117110003,0.17546572797350393,0.22908755649744028,0.27145811457177754,0.5684226328714552,0.17670031505000905,GEE:S2_SR_HARMONIZED
pn_sierra_nevada_senderismo_transnevada_rd_laujar_andarax_loma_raspa_laujar__006,Transnevada RD - Laujar Andarax - Loma Raspa - Laujar Andarax,senderismo,2022,10,2022-10-01,0.3832772677747295,0.12698538159005135,0.20260751730830218,0.22073451237045466,0.5486091964360444,0.19266927745621384,GEE:S2_SR_HARMONIZED
pn_sierra_nevada_senderismo_transnevada_ri_niguelas_la_rinconada_niguelas_007,Transnevada RI - Niguelas - La Rinconada - Niguelas,senderismo,2022,10,2022-10-01,0.29047462292327714,0.033412393602336124,0.17660970922894256,0.19337307421697655,0.3691291737805891,0.12896946791855723,GEE:S2_SR_HARMONIZED
pn_sierra_nevada_senderismo_acequias_del_poqueira_008,Acequias del Poqueira,senderismo,2022,10,2022-10-01,0.3111055990876844,0.0702299568690286,0.21783963620366034,0.2090207657328135,0.39653771999235937,0.13279234376837473,GEE:S2_SR_HARMONIZED
pn_sierra_nevada_senderismo_canal_de_la_espartera_arenales_del_trevenque_009,Canal de la Espartera - Arenales del Trevenque,senderismo,2022,10,2022-10-01,0.37490576751540566,0.08132039400045292,0.20676587186495846,0.21289585390998328,0.5490727080896627,0.19124504620238286,GEE:S2_SR_HARMONIZED
pn_sierra_nevada_senderismo_cerro_huenes_010,Cerro Huenes,senderismo,2022,10,2022-10-01,0.49307145124858437,0.18990633411516922,0.28537016286993244,0.369090774942288,0.6229523110881737,0.15226982376023518,GEE:S2_SR_HARMONIZED
pn_sierra_nevada_senderismo_el_aguadero_011,El Aguadero,senderismo,2022,10,2022-10-01,0.446368527582341,0.14877297269073997,0.23571286550141107,0.2987007166783266,0.5996941608767691,0.1761747094665781,GEE:S2_SR_HARMONIZED
pn_sierra_nevada_senderismo_haza_larguilla_012,Haza Larguilla,senderismo,2022,10,2022-10-01,0.2347161613213053,-0.07508654778621048,0.1333514953752783,0.17640983753138345,0.29015079475858696,0.07417842708091764,GEE:S2_SR_HARMONIZED
pn_sierra_nevada_senderismo_hoya_del_portillo_refugio_poqueira_013,Hoya del Portillo - Refugio Poqueira,senderismo,2022,10,2022-10-01,0.32004949224540863,0.08953793864484706,0.18668083858169132,0.2246200451894652,0.3533493288548761,0.15858315756159724,GEE:S2_SR_HARMONIZED
pn_sierra_nevada_senderismo_jerez_del_marquesado_postero_alto_014,Jerez del Marquesado - Postero Alto,senderismo,2022,10,2022-10-01,0.4090331579029621,0.22325613815934947,0.2426875493385682,0.27526547078542835,0.5368557512208776,0.16283355441743014,GEE:S2_SR_HARMONIZED
pn_sierra_nevada_senderismo_ragua_aldeire_015,Ragua - Aldeire,senderismo,2022,10,2022-10-01,0.46713468154040666,0.2093390676045095,0.277655458546841,0.29865025454928223,0.6465710717257087,0.18490004821374736,GEE:S2_SR_HARMONIZED
pn_sierra_nevada_senderismo_transnevada_invierno_016,TRANSNEVADA INVIERNO,senderismo,2022,10,2022-10-01,0.3818830374618405,0.12824009819485724,0.221046549686214,0.24025031462841828,0.5214276313382353,0.16930897351694676,GEE:S2_SR_HARMONIZED
pn_sierra_nevada_senderismo_transnevada_verano_017,TRANSNEVADA VERANO,senderismo,2022,10,2022-10-01,0.38777646530628385,0.1317844907252276,0.22396617188987517,0.24025923226045506,0.5292761993361791,0.17318469670492778,GEE:S2_SR_HARMONIZED
pn_sierra_nevada_senderismo_transnevada_ra_guejar_sierra_pena_partida_018,Transnevada RA - Güejar Sierra - Peña Partida,senderismo,2022,10,2022-10-01,0.28970947415434617,0.04021045140423562,0.18596572097486858,0.18551506896180317,0.38094357295128245,0.13435458770219197,GEE:S2_SR_HARMONIZED
pn_sierra_nevada_senderismo_transnevada_rb_lanteira_postero_alto_lanteira_019,Transnevada RB - Lanteira - Postero Alto - Lanteira,senderismo,2022,10,2022-10-01,0.43252859073328975,0.23548817209723497,0.26564649153433856,0.345650251115027,0.5292308131649868,0.13905668341401786,GEE:S2_SR_HARMONIZED
pn_sierra_nevada_senderismo_transnevada_re_bayarcal_laguna_seca_020,Transnevada RE - Bayarcal - Laguna Seca,senderismo,2022,10,2022-10-01,0.42082181539595853,0.18699083610624123,0.22841955174519693,0.2871041961474651,0.5488897374499064,0.1643632457476592,GEE:S2_SR_HARMONIZED
pn_sierra_nevada_senderismo_la_cebadilla_021,La Cebadilla,senderismo,2022,10,2022-10-01,0.34954995476576545,0.06103399304953265,0.24005898231801173,0.22847050141823408,0.45126812411208234,0.14741267299497962,GEE:S2_SR_HARMONIZED
pn_sierra_nevada_senderismo_la_silleta_022,La Silleta,senderismo,2022,10,2022-10-01,0.3347797756253807,0.02749728623476662,0.18771324808598172,0.22085505301638975,0.45497672494676106,0.13659787943763516,GEE:S2_SR_HARMONIZED
pn_sierra_nevada_senderismo_lanjaron_tello_023,Lanjaron - Tello,senderismo,2022,10,2022-10-01,0.3625661015986703,0.015466063230396194,0.22498940407168147,0.22092111510340867,0.4860568299827257,0.16871584325370556,GEE:S2_SR_HARMONIZED
pn_sierra_nevada_senderismo_molinos_de_isfalada_024,Molinos de Isfalada,senderismo,2022,10,2022-10-01,0.31989243530336314,0.08734760117972988,0.1763758095393816,0.19729949261056226,0.4242834888027199,0.15672174068955852,GEE:S2_SR_HARMONIZED
pn_sierra_nevada_senderismo_monterrey_025,Monterrey,senderismo,2022,10,2022-10-01,0.4947120438351161,0.14818981377985066,0.25274111970742064,0.3652395322814067,0.6190761145326802,0.17023439838964222,GEE:S2_SR_HARMONIZED
pn_sierra_nevada_senderismo_puente_palo_026,Puente Palo,senderismo,2022,10,2022-10-01,0.5581817796244312,0.2260334552273278,0.3019631011238402,0.4942370229293227,0.64662385665097,0.12002764694128681,GEE:S2_SR_HARMONIZED
pn_sierra_nevada_senderismo_ragua_hoyos_de_pura_027,Ragua - Hoyos de Pura,senderismo,2022,10,2022-10-01,0.5694119764295081,0.3228907649840472,0.3043864838663237,0.49473909968190144,0.7206277580769956,0.19616490268432574,GEE:S2_SR_HARMONIZED
pn_sierra_nevada_senderismo_ragua_lagunilla_seca_028,Ragua - Lagunilla Seca,senderismo,2022,10,2022-10-01,0.42346406761068783,0.17756784770458245,0.24081515534899753,0.3025576288708421,0.576307672762445,0.15481290152929028,GEE:S2_SR_HARMONIZED
pn_sierra_nevada_senderismo_rio_alhama_029,Río Alhama,senderismo,2022,10,2022-10-01,0.30957540911196935,0.07338789270931774,0.1862760101820062,0.15835699432364467,0.44337308123863023,0.17483962930414665,GEE:S2_SR_HARMONIZED
pn_sierra_nevada_senderismo_rio_bermejo_030,Río Bermejo,senderismo,2022,10,2022-10-01,0.4427061727657473,0.15776813715820773,0.2614444232032368,0.3147189546557306,0.556541346724735,0.16491745505994856,GEE:S2_SR_HARMONIZED
pn_sierra_nevada_senderismo_rio_grande_de_los_berchules_031,Río Grande de los Berchules,senderismo,2022,10,2022-10-01,0.3802405868619537,0.1209383121018742,0.22452302827619097,0.21680678905310635,0.5489929935785587,0.1896010273002493,GEE:S2_SR_HARMONIZED
pn_sierra_nevada_senderismo_trevelez_siete_lagunas_032,Trevélez - Siete Lagunas,senderismo,2022,10,2022-10-01,0.3393327326822621,0.08747922209069744,0.20298231009068987,0.21303056974288995,0.4553194043798527,0.18102082255381324,GEE:S2_SR_HARMONIZED
pn_sierra_nevada_senderismo_ubeire_033,Ubeire,senderismo,2022,10,2022-10-01,0.5314221713117223,0.21172438366223717,0.2967929569400979,0.45507795540056883,0.6030273941126753,0.10835159360188765,GEE:S2_SR_HARMONIZED
pn_sierra_nevada_senderismo_sulayr_034,SULAYR,senderismo,2022,10,2022-10-01,0.4113246871750601,0.14863738105273516,0.24101273555889544,0.27146550958425414,0.552786346903096,0.17078536452013873,GEE:S2_SR_HARMONIZED
pn_sierra_nevada_senderismo_carril_cicloturista_la_zubia_cumbres_verdes_035,CARRIL CICLOTURISTA LA ZUBIA-CUMBRES VERDES,senderismo,2022,10,2022-10-01,0.4123866475206965,0.09281016640565908,0.22455626630391678,0.35012265612779353,0.4981064556768116,0.12287766100272732,GEE:S2_SR_HARMONIZED
pn_sierra_nevada_senderismo_dehesa_del_camarate_036,Dehesa del Camarate,senderismo,2022,10,2022-10-01,0.45145949923074674,0.11337776883592957,0.2577766518090866,0.3497381433510198,0.5716957868130437,0.14742222624986637,GEE:S2_SR_HARMONIZED
pn_sierra_nevada_senderismo_pueblos_del_poqueira_037,PUEBLOS DEL POQUEIRA,senderismo,2022,10,2022-10-01,0.4138032700428491,0.09248708575969673,0.2652393355160143,0.2635660888918911,0.5570606125355312,0.1803482977057267,GEE:S2_SR_HARMONIZED
pn_sierra_nevada_senderismo_ragua_barranco_del_hornillo_038,Ragua - Barranco del Hornillo,senderismo,2022,10,2022-10-01,0.6047130596859619,0.33118994125889806,0.31818678293263447,0.516611975200927,0.697504401966386,0.12491978369792371,GEE:S2_SR_HARMONIZED
pn_sierra_nevada_ciclismo_transnevada_rf_valor_fuente_de_las_primeras_agua_039,Transnevada RF - Valor - Fuente de las Primeras Aguas,ciclismo,2022,10,2022-10-01,0.3790192819358114,0.11897869848415876,0.1956139853206701,0.22845203382054852,0.5254314324140095,0.1691112971364932,GEE:S2_SR_HARMONIZED
pn_sierra_nevada_ciclismo_transnevada_rg_yegen_mecina_bombaron_yegen_040,Transnevada RG - Yegen - Mecina Bombaron - Yegen,ciclismo,2022,10,2022-10-01,0.3135692613005222,0.08379418316477139,0.17772549807607987,0.18938337973640154,0.41228751078110676,0.16411162260547488,GEE:S2_SR_HARMONIZED
pn_sierra_nevada_ciclismo_transnevada_rh_capileira_refugio_poqueira_041,Transnevada RH - Capileira - Refugio Poqueira,ciclismo,2022,10,2022-10-01,0.32251266512156523,0.10851332251141903,0.18016629117474212,0.17791415043521885,0.4781793361963127,0.18665218211316992,GEE:S2_SR_HARMONIZED
pn_sierra_nevada_ciclismo_transnevada_rj_portugos_barranco_bermejo_portugo_042,Transnevada RJ - Portugos - Barranco Bermejo - Portugos,ciclismo,2022,10,2022-10-01,0.39199041804978396,0.1343163019134931,0.21952637873245667,0.27539984073639945,0.5059433937249156,0.14853953949094897,GEE:S2_SR_HARMONIZED
pn_sierra_nevada_ciclismo_transnevada_rk_padre_eterno_ar_puente_palo_padre_043,Transnevada RK - Padre Eterno - AR Puente Palo - Padre Eterno,ciclismo,2022,10,2022-10-01,0.2945738684641764,0.015967243841649558,0.17643253264101944,0.1660414648024095,0.3964882261119737,0.15815156344021328,GEE:S2_SR_HARMONIZED
pn_sierra_nevada_ciclismo_transnevada_rc_abrucena_la_polarda_044,Transnevada RC - Abrucena - La Polarda,ciclismo,2022,10,2022-10-01,0.42129235117110003,0.17546572797350393,0.22908755649744028,0.27145811457177754,0.5684226328714552,0.17670031505000905,GEE:S2_SR_HARMONIZED
pn_sierra_nevada_ciclismo_transnevada_rd_laujar_andarax_loma_raspa_laujar__045,Transnevada RD - Laujar Andarax - Loma Raspa - Laujar Andarax,ciclismo,2022,10,2022-10-01,0.3832772677747295,0.12698538159005135,0.20260751730830218,0.22073451237045466,0.5486091964360444,0.19266927745621384,GEE:S2_SR_HARMONIZED
pn_sierra_nevada_ciclismo_transnevada_ri_niguelas_la_rinconada_niguelas_046,Transnevada RI - Niguelas - La Rinconada - Niguelas,ciclismo,2022,10,2022-10-01,0.29047462292327714,0.033412393602336124,0.17660970922894256,0.19337307421697655,0.3691291737805891,0.12896946791855723,GEE:S2_SR_HARMONIZED
pn_sierra_nevada_ciclismo_transnevada_invierno_047,TRANSNEVADA INVIERNO,ciclismo,2022,10,2022-10-01,0.3818830374618405,0.12824009819485724,0.221046549686214,0.24025031462841828,0.5214276313382353,0.16930897351694676,GEE:S2_SR_HARMONIZED
pn_sierra_nevada_ciclismo_transnevada_verano_048,TRANSNEVADA VERANO,ciclismo,2022,10,2022-10-01,0.38777646530628385,0.1317844907252276,0.22396617188987517,0.24025923226045506,0.5292761993361791,0.17318469670492778,GEE:S2_SR_HARMONIZED
pn_sierra_nevada_ciclismo_transnevada_ra_guejar_sierra_pena_partida_049,Transnevada RA - Güejar Sierra - Peña Partida,ciclismo,2022,10,2022-10-01,0.28970947415434617,0.04021045140423562,0.18596572097486858,0.18551506896180317,0.38094357295128245,0.13435458770219197,GEE:S2_SR_HARMONIZED
pn_sierra_nevada_ciclismo_transnevada_rb_lanteira_postero_alto_lanteira_050,Transnevada RB - Lanteira - Postero Alto - Lanteira,ciclismo,2022,10,2022-10-01,0.43252859073328975,0.23548817209723497,0.26564649153433856,0.345650251115027,0.5292308131649868,0.13905668341401786,GEE:S2_SR_HARMONIZED
pn_sierra_nevada_ciclismo_transnevada_re_bayarcal_laguna_seca_051,Transnevada RE - Bayarcal - Laguna Seca,ciclismo,2022,10,2022-10-01,0.42082181539595853,0.18699083610624123,0.22841955174519693,0.2871041961474651,0.5488897374499064,0.1643632457476592,GEE:S2_SR_HARMONIZED
pn_sierra_nevada_ciclismo_carril_cicloturista_la_zubia_cumbres_verdes_052,CARRIL CICLOTURISTA LA ZUBIA-CUMBRES VERDES,ciclismo,2022,10,2022-10-01,0.4123866475206965,0.09281016640565908,0.22455626630391678,0.35012265612779353,0.4981064556768116,0.12287766100272732,GEE:S2_SR_HARMONIZED
pn_sierra_nevada_senderismo_transnevada_rf_valor_fuente_de_las_primeras_agua_000,Transnevada RF - Valor - Fuente de las Primeras Aguas,senderismo,2022,11,2022-11-01,0.4402306775984583,0.14268377168047458,0.19797594078760297,0.2519454707169401,0.6345919895496533,0.210200726914645,GEE:S2_SR_HARMONIZED
pn_sierra_nevada_senderismo_transnevada_rg_yegen_mecina_bombaron_yegen_001,Transnevada RG - Yegen - Mecina Bombaron - Yegen,senderismo,2022,11,2022-11-01,0.3685312994301464,0.0996816551649787,0.18064159289319862,0.20523912221489427,0.5216838078731538,0.20781220575705445,GEE:S2_SR_HARMONIZED
pn_sierra_nevada_senderismo_transnevada_rh_capileira_refugio_poqueira_002,Transnevada RH - Capileira - Refugio Poqueira,senderismo,2022,11,2022-11-01,0.3714130280254105,0.14394779746124686,0.18041378121422263,0.1933811907116782,0.5799375435441085,0.22891934890195384,GEE:S2_SR_HARMONIZED
pn_sierra_nevada_senderismo_transnevada_rj_portugos_barranco_bermejo_portugo_003,Transnevada RJ - Portugos - Barranco Bermejo - Portugos,senderismo,2022,11,2022-11-01,0.4288092965829256,0.1448334059673675,0.20344902399354148,0.2988151309144904,0.560405896286482,0.17270599903721934,GEE:S2_SR_HARMONIZED
pn_sierra_nevada_senderismo_transnevada_rk_padre_eterno_ar_puente_palo_padre_004,Transnevada RK - Padre Eterno - AR Puente Palo - Padre Eterno,senderismo,2022,11,2022-11-01,0.32599937788441957,0.025029643483816307,0.1714327916001226,0.1892611753031533,0.4356668209274534,0.17023265278032576,GEE:S2_SR_HARMONIZED
pn_sierra_nevada_senderismo_transnevada_rc_abrucena_la_polarda_005,Transnevada RC - Abrucena - La Polarda,senderismo,2022,11,2022-11-01,0.5337039273202229,0.23286679629191767,0.24372662221200472,0.31849134968459064,0.7362925916317765,0.23256652845445824,GEE:S2_SR_HARMONIZED
pn_sierra_nevada_senderismo_transnevada_rd_laujar_andarax_loma_raspa_laujar__006,Transnevada RD - Laujar Andarax - Loma Raspa - Laujar Andarax,senderismo,2022,11,2022-11-01,0.43004595683189,0.1494238694666765,0.20136238411878307,0.23631657391585173,0.6310592157571716,0.220237238081919,GEE:S2_SR_HARMONIZED
pn_sierra_nevada_senderismo_transnevada_ri_niguelas_la_rinconada_niguelas_007,Transnevada RI - Niguelas - La Rinconada - Niguelas,senderismo,2022,11,2022-11-01,0.31726233431785816,0.053655700615673596,0.17546145534288135,0.20899324110792925,0.40423503594804605,0.14686023140276463,GEE:S2_SR_HARMONIZED
pn_sierra_nevada_senderismo_acequias_del_poqueira_008,Acequias del Poqueira,senderismo,2022,11,2022-11-01,0.3640575321833787,0.06320521217476455,0.2056015387023301,0.2287327198454498,0.47862474091342766,0.1776713448660207,GEE:S2_SR_HARMONIZED
pn_sierra_nevada_senderismo_canal_de_la_espartera_arenales_del_trevenque_009,Canal de la Espartera - Arenales del Trevenque,senderismo,2022,11,2022-11-01,0.4310214071940483,0.12281836093004278,0.2116596566678764,0.2284523074405341,0.6463465732458261,0.22863483704123935,GEE:S2_SR_HARMONIZED
pn_sierra_nevada_senderismo_cerro_huenes_010,Cerro Huenes,senderismo,2022,11,2022-11-01,0.5385420774506888,0.22675597006255144,0.2927584338390607,0.40066351331639444,0.6701827678880632,0.1787862907353774,GEE:S2_SR_HARMONIZED
pn_sierra_nevada_senderismo_el_aguadero_011,El Aguadero,senderismo,2022,11,2022-11-01,0.5079923422684715,0.18586503077638825,0.237389543466476,0.3300562837526829,0.6934110643762909,0.20836867928999525,GEE:S2_SR_HARMONIZED
pn_sierra_nevada_senderismo_haza_larguilla_012,Haza Larguilla,senderismo,2022,11,2022-11-01,0.2331849680588516,-0.035280249536548895,0.12840801726154782,0.18083364373959904,0.27849055939936235,0.07018140451819138,GEE:S2_SR_HARMONIZED
pn_sierra_nevada_senderismo_hoya_del_portillo_refugio_poqueira_013,Hoya del Portillo - Refugio Poqueira,senderismo,2022,11,2022-11-01,0.36533368183107867,0.12127091859479375,0.19184019536077274,0.24010239252954635,0.41609197644968515,0.1947842382145109,GEE:S2_SR_HARMONIZED
pn_sierra_nevada_senderismo_jerez_del_marquesado_postero_alto_014,Jerez del Marquesado - Postero Alto,senderismo,2022,11,2022-11-01,0.5101934535248029,0.2688010476474659,0.2528797621938256,0.33004989839435017,0.6973026153074054,0.21374017309243631,GEE:S2_SR_HARMONIZED
pn_sierra_nevada_senderismo_ragua_aldeire_015,Ragua - Aldeire,senderismo,2022,11,2022-11-01,0.5203129292751195,0.22346242240031564,0.28636279105435697,0.3186453694961898,0.7246765342356615,0.2183796840886212,GEE:S2_SR_HARMONIZED
pn_sierra_nevada_senderismo_transnevada_invierno_016,TRANSNEVADA INVIERNO,senderismo,2022,11,2022-11-01,0.4404331106530804,0.1563852188345691,0.2231903793008562,0.2617335596435626,0.6132713864132641,0.21137820081612646,GEE:S2_SR_HARMONIZED
pn_sierra_nevada_senderismo_transnevada_verano_017,TRANSNEVADA VERANO,senderismo,2022,11,2022-11-01,0.4445670007460575,0.1613144555357595,0.22651424207941234,0.2617433470700563,0.6210222813818413,0.21408749124890003,GEE:S2_SR_HARMONIZED
pn_sierra_nevada_senderismo_transnevada_ra_guejar_sierra_pena_partida_018,Transnevada RA - Güejar Sierra - Peña Partida,senderismo,2022,11,2022-11-01,0.28208096785261283,0.045122341450187106,0.17772810214223456,0.1856451616300281,0.3496302591434006,0.12822059575786063,GEE:S2_SR_HARMONIZED
pn_sierra_nevada_senderismo_transnevada_rb_lanteira_postero_alto_lanteira_019,Transnevada RB - Lanteira - Postero Alto - Lanteira,senderismo,2022,11,2022-11-01,0.5433992213486031,0.29823652446621435,0.27821097920352705,0.43526198432503077,0.6856877249544073,0.17740129123216725,GEE:S2_SR_HARMONIZED
pn_sierra_nevada_senderismo_transnevada_re_bayarcal_laguna_seca_020,Transnevada RE - Bayarcal - Laguna Seca,senderismo,2022,11,2022-11-01,0.5165894521092627,0.22101879504569294,0.23493386550657894,0.3145642648351954,0.7130488409026903,0.22491445669382887,GEE:S2_SR_HARMONIZED
pn_sierra_nevada_senderismo_la_cebadilla_021,La Cebadilla,senderismo,2022,11,2022-11-01,0.3822971782004396,0.04123831024237965,0.2126107006683936,0.24022705755788193,0.5137958925739816,0.1649651109753579,GEE:S2_SR_HARMONIZED
pn_sierra_nevada_senderismo_la_silleta_022,La Silleta,senderismo,2022,11,2022-11-01,0.4111857326725466,0.06924291103351142,0.19115621387129592,0.23061465368669606,0.5897835636265035,0.21007692548309,GEE:S2_SR_HARMONIZED
pn_sierra_nevada_senderismo_lanjaron_tello_023,Lanjaron - Tello,senderismo,2022,11,2022-11-01,0.41567979869973876,0.031176645036289724,0.22785788168070226,0.2715651452024588,0.5564220240774717,0.16744785400542245,GEE:S2_SR_HARMONIZED
pn_sierra_nevada_senderismo_molinos_de_isfalada_024,Molinos de Isfalada,senderismo,2022,11,2022-11-01,0.37838835108086105,0.09461545096394054,0.17981419444086758,0.22443168789240855,0.5174349174005111,0.1936767858590351,GEE:S2_SR_HARMONIZED
pn_sierra_nevada_senderismo_monterrey_025,Monterrey,senderismo,2022,11,2022-11-01,0.5575851941236248,0.18465126996825448,0.2522691743166959,0.4082012945881256,0.728520448847194,0.1949564950891515,GEE:S2_SR_HARMONIZED
pn_sierra_nevada_senderismo_puente_palo_026,Puente Palo,senderismo,2022,11,2022-11-01,0.6061597966974986,0.25458878209760805,0.29027540083023723,0.5214076520894705,0.7088223290916855,0.14029565323998527,GEE:S2_SR_HARMONIZED
pn_sierra_nevada_senderismo_ragua_hoyos_de_pura_027,Ragua - Hoyos de Pura,senderismo,2022,11,2022-11-01,0.6269537008922518,0.34697157182058,0.3099069645652241,0.5612609910034668,0.7750935492884414,0.2167093214396281,GEE:S2_SR_HARMONIZED
pn_sierra_nevada_senderismo_ragua_lagunilla_seca_028,Ragua - Lagunilla Seca,senderismo,2022,11,2022-11-01,0.488596090738352,0.17506617379772,0.2399547488497998,0.3222071358137921,0.7202724063738887,0.20906365939569402,GEE:S2_SR_HARMONIZED
pn_sierra_nevada_senderismo_rio_alhama_029,Río Alhama,senderismo,2022,11,2022-11-01,0.367205776293077,0.09218425670237396,0.17822322809232538,0.16994368597460077,0.5412051288617982,0.22453862114879589,GEE:S2_SR_HARMONIZED
pn_sierra_nevada_senderismo_rio_bermejo_030,Río Bermejo,senderismo,2022,11,2022-11-01,0.4567617118790819,0.1464626867355725,0.22295666460059108,0.33369577283147256,0.5920230715408833,0.16976676629459408,GEE:S2_SR_HARMONIZED
pn_sierra_nevada_senderismo_rio_grande_de_los_berchules_031,Río Grande de los Berchules,senderismo,2022,11,2022-11-01,0.43062506188906524,0.11748780068554295,0.21522804201231482,0.23620581905098106,0.6230019936463658,0.22496502988266548,GEE:S2_SR_HARMONIZED
pn_sierra_nevada_senderismo_trevelez_siete_lagunas_032,Trevélez - Siete Lagunas,senderismo,2022,11,2022-11-01,0.3479756661626851,0.08132065714672927,0.1904383751652148,0.2285407888543926,0.45114420447182874,0.17865693189218806,GEE:S2_SR_HARMONIZED
pn_sierra_nevada_senderismo_ubeire_033,Ubeire,senderismo,2022,11,2022-11-01,0.6634542738965873,0.24610733426827436,0.2951986062093932,0.5682834022676816,0.7673595387691979,0.14247039942955944,GEE:S2_SR_HARMONIZED
pn_sierra_nevada_senderismo_sulayr_034,SULAYR,senderismo,2022,11,2022-11-01,0.4672007287934398,0.16631513434448286,0.2375259772332067,0.2929740733464311,0.6524026582571676,0.21405576660653539,GEE:S2_SR_HARMONIZED
pn_sierra_nevada_senderismo_carril_cicloturista_la_zubia_cumbres_verdes_035,CARRIL CICLOTURISTA LA ZUBIA-CUMBRES VERDES,senderismo,2022,11,2022-11-01,0.49463634046027205,0.1707330120972333,0.24831987880019263,0.43159292917140046,0.6035006638473748,0.15522985118203717,GEE:S2_SR_HARMONIZED
pn_sierra_nevada_senderismo_dehesa_del_camarate_036,Dehesa del Camarate,senderismo,2022,11,2022-11-01,0.4169644580989585,0.07150186620007411,0.1962435639948078,0.3222327747769885,0.49811051439637927,0.14253674790522397,GEE:S2_SR_HARMONIZED
pn_sierra_nevada_senderismo_pueblos_del_poqueira_037,PUEBLOS DEL POQUEIRA,senderismo,2022,11,2022-11-01,0.4563378582994094,0.09977334438726294,0.26243284870205263,0.30240254623021084,0.6146873721005403,0.188448755455358,GEE:S2_SR_HARMONIZED
pn_sierra_nevada_senderismo_ragua_barranco_del_hornillo_038,Ragua - Barranco del Hornillo,senderismo,2022,11,2022-11-01,0.7120279929771891,0.3793965409937245,0.3374056478053517,0.6004265502919951,0.8261596630085056,0.14871365737851486,GEE:S2_SR_HARMONIZED
pn_sierra_nevada_ciclismo_transnevada_rf_valor_fuente_de_las_primeras_agua_039,Transnevada RF - Valor - Fuente de las Primeras Aguas,ciclismo,2022,11,2022-11-01,0.4402306775984583,0.14268377168047458,0.19797594078760297,0.2519454707169401,0.6345919895496533,0.210200726914645,GEE:S2_SR_HARMONIZED
pn_sierra_nevada_ciclismo_transnevada_rg_yegen_mecina_bombaron_yegen_040,Transnevada RG - Yegen - Mecina Bombaron - Yegen,ciclismo,2022,11,2022-11-01,0.3685312994301464,0.0996816551649787,0.18064159289319862,0.20523912221489427,0.5216838078731538,0.20781220575705445,GEE:S2_SR_HARMONIZED
pn_sierra_nevada_ciclismo_transnevada_rh_capileira_refugio_poqueira_041,Transnevada RH - Capileira - Refugio Poqueira,ciclismo,2022,11,2022-11-01,0.3714130280254105,0.14394779746124686,0.18041378121422263,0.1933811907116782,0.5799375435441085,0.22891934890195384,GEE:S2_SR_HARMONIZED
pn_sierra_nevada_ciclismo_transnevada_rj_portugos_barranco_bermejo_portugo_042,Transnevada RJ - Portugos - Barranco Bermejo - Portugos,ciclismo,2022,11,2022-11-01,0.4288092965829256,0.1448334059673675,0.20344902399354148,0.2988151309144904,0.560405896286482,0.17270599903721934,GEE:S2_SR_HARMONIZED
pn_sierra_nevada_ciclismo_transnevada_rk_padre_eterno_ar_puente_palo_padre_043,Transnevada RK - Padre Eterno - AR Puente Palo - Padre Eterno,ciclismo,2022,11,2022-11-01,0.32599937788441957,0.025029643483816307,0.1714327916001226,0.1892611753031533,0.4356668209274534,0.17023265278032576,GEE:S2_SR_HARMONIZED
pn_sierra_nevada_ciclismo_transnevada_rc_abrucena_la_polarda_044,Transnevada RC - Abrucena - La Polarda,ciclismo,2022,11,2022-11-01,0.5337039273202229,0.23286679629191767,0.24372662221200472,0.31849134968459064,0.7362925916317765,0.23256652845445824,GEE:S2_SR_HARMONIZED
pn_sierra_nevada_ciclismo_transnevada_rd_laujar_andarax_loma_raspa_laujar__045,Transnevada RD - Laujar Andarax - Loma Raspa - Laujar Andarax,ciclismo,2022,11,2022-11-01,0.43004595683189,0.1494238694666765,0.20136238411878307,0.23631657391585173,0.6310592157571716,0.220237238081919,GEE:S2_SR_HARMONIZED
pn_sierra_nevada_ciclismo_transnevada_ri_niguelas_la_rinconada_niguelas_046,Transnevada RI - Niguelas - La Rinconada - Niguelas,ciclismo,2022,11,2022-11-01,0.31726233431785816,0.053655700615673596,0.17546145534288135,0.20899324110792925,0.40423503594804605,0.14686023140276463,GEE:S2_SR_HARMONIZED
pn_sierra_nevada_ciclismo_transnevada_invierno_047,TRANSNEVADA INVIERNO,ciclismo,2022,11,2022-11-01,0.4404331106530804,0.1563852188345691,0.2231903793008562,0.2617335596435626,0.6132713864132641,0.21137820081612646,GEE:S2_SR_HARMONIZED
pn_sierra_nevada_ciclismo_transnevada_verano_048,TRANSNEVADA VERANO,ciclismo,2022,11,2022-11-01,0.4445670007460575,0.1613144555357595,0.22651424207941234,0.2617433470700563,0.6210222813818413,0.21408749124890003,GEE:S2_SR_HARMONIZED
pn_sierra_nevada_ciclismo_transnevada_ra_guejar_sierra_pena_partida_049,Transnevada RA - Güejar Sierra - Peña Partida,ciclismo,2022,11,2022-11-01,0.28208096785261283,0.045122341450187106,0.17772810214223456,0.1856451616300281,0.3496302591434006,0.12822059575786063,GEE:S2_SR_HARMONIZED
pn_sierra_nevada_ciclismo_transnevada_rb_lanteira_postero_alto_lanteira_050,Transnevada RB - Lanteira - Postero Alto - Lanteira,ciclismo,2022,11,2022-11-01,0.5433992213486031,0.29823652446621435,0.27821097920352705,0.43526198432503077,0.6856877249544073,0.17740129123216725,GEE:S2_SR_HARMONIZED
pn_sierra_nevada_ciclismo_transnevada_re_bayarcal_laguna_seca_051,Transnevada RE - Bayarcal - Laguna Seca,ciclismo,2022,11,2022-11-01,0.5165894521092627,0.22101879504569294,0.23493386550657894,0.3145642648351954,0.7130488409026903,0.22491445669382887,GEE:S2_SR_HARMONIZED
pn_sierra_nevada_ciclismo_carril_cicloturista_la_zubia_cumbres_verdes_052,CARRIL CICLOTURISTA LA ZUBIA-CUMBRES VERDES,ciclismo,2022,11,2022-11-01,0.49463634046027205,0.1707330120972333,0.24831987880019263,0.43159292917140046,0.6035006638473748,0.15522985118203717,GEE:S2_SR_HARMONIZED
pn_sierra_nevada_senderismo_transnevada_rf_valor_fuente_de_las_primeras_agua_000,Transnevada RF - Valor - Fuente de las Primeras Aguas,senderismo,2022,12,2022-12-01,0.4816435772705146,0.14025161862846144,0.19851380541079744,0.2850622844182043,0.6915318242218192,0.219754665222431,GEE:S2_SR_HARMONIZED
pn_sierra_nevada_senderismo_transnevada_rg_yegen_mecina_bombaron_yegen_001,Transnevada RG - Yegen - Mecina Bombaron - Yegen,senderismo,2022,12,2022-12-01,0.41151709127600083,0.10852230696044733,0.183058082585662,0.23242417753582464,0.5799554013212523,0.224521202593241,GEE:S2_SR_HARMONIZED
pn_sierra_nevada_senderismo_transnevada_rh_capileira_refugio_poqueira_002,Transnevada RH - Capileira - Refugio Poqueira,senderismo,2022,12,2022-12-01,0.4281559219681583,0.17877122620052566,0.195810083877768,0.22078818894013655,0.7009532979039641,0.25714723276445295,GEE:S2_SR_HARMONIZED
pn_sierra_nevada_senderismo_transnevada_rj_portugos_barranco_bermejo_portugo_003,Transnevada RJ - Portugos - Barranco Bermejo - Portugos,senderismo,2022,12,2022-12-01,0.46928597050621706,0.13218534585050895,0.19882633047106638,0.32418155010978367,0.6208599401531256,0.19212359418924937,GEE:S2_SR_HARMONIZED
pn_sierra_nevada_senderismo_transnevada_rk_padre_eterno_ar_puente_palo_padre_004,Transnevada RK - Padre Eterno - AR Puente Palo - Padre Eterno,senderismo,2022,12,2022-12-01,0.36878558382215004,0.022664224293261665,0.1730575514750006,0.2441322127722477,0.46303603300325147,0.1747992740313016,GEE:S2_SR_HARMONIZED
pn_sierra_nevada_senderismo_transnevada_rc_abrucena_la_polarda_005,Transnevada RC - Abrucena - La Polarda,senderismo,2022,12,2022-12-01,0.5361081320586611,0.2459257343564391,0.24683778315557903,0.35359680215325917,0.7129304143220544,0.20975455378019878,GEE:S2_SR_HARMONIZED
pn_sierra_nevada_senderismo_transnevada_rd_laujar_andarax_loma_raspa_laujar__006,Transnevada RD - Laujar Andarax - Loma Raspa - Laujar Andarax,senderismo,2022,12,2022-12-01,0.46037137873763834,0.14749552173077282,0.19242489078574151,0.26169646397465146,0.6760014196798325,0.22958233521886973,GEE:S2_SR_HARMONIZED
pn_sierra_nevada_senderismo_transnevada_ri_niguelas_la_rinconada_niguelas_007,Transnevada RI - Niguelas - La Rinconada - Niguelas,senderismo,2022,12,2022-12-01,0.3590356828215055,0.04321788820250458,0.17084250845116508,0.24028777475564111,0.4511533879592591,0.1596134306163125,GEE:S2_SR_HARMONIZED
pn_sierra_nevada_senderismo_acequias_del_poqueira_008,Acequias del Poqueira,senderismo,2022,12,2022-12-01,0.3948854378284757,0.05009687903785604,0.1951017275049825,0.2675192249995519,0.47823760732744997,0.17751735959578593,GEE:S2_SR_HARMONIZED
pn_sierra_nevada_senderismo_canal_de_la_espartera_arenales_del_trevenque_009,Canal de la Espartera - Arenales del Trevenque,senderismo,2022,12,2022-12-01,0.5031340076889907,0.1422034492149478,0.21215032885875212,0.3144710045907048,0.732517876442175,0.23750763655621002,GEE:S2_SR_HARMONIZED
pn_sierra_nevada_senderismo_cerro_huenes_010,Cerro Huenes,senderismo,2022,12,2022-12-01,0.6559058664529062,0.2640123565980064,0.2692888833062482,0.5217416456944918,0.8145521876607122,0.188539352534226,GEE:S2_SR_HARMONIZED
pn_sierra_nevada_senderismo_el_aguadero_011,El Aguadero,senderismo,2022,12,2022-12-01,0.5419311345265228,0.1889609856031776,0.23095927409746664,0.35750039162075203,0.7403768552212739,0.21264467084225203,GEE:S2_SR_HARMONIZED
pn_sierra_nevada_senderismo_haza_larguilla_012,Haza Larguilla,senderismo,2022,12,2022-12-01,0.3342262673670659,-0.03813496937899137,0.15248407097495803,0.27150856059341677,0.3923456099919365,0.09076872150865664,GEE:S2_SR_HARMONIZED
pn_sierra_nevada_senderismo_hoya_del_portillo_refugio_poqueira_013,Hoya del Portillo - Refugio Poqueira,senderismo,2022,12,2022-12-01,0.4121323341598059,0.15942638406040574,0.20474711573976784,0.2614948821521448,0.503595152747431,0.22148392366537448,GEE:S2_SR_HARMONIZED
pn_sierra_nevada_senderismo_jerez_del_marquesado_postero_alto_014,Jerez del Marquesado - Postero Alto,senderismo,2022,12,2022-12-01,0.5783210277586188,0.3019932495001428,0.26598523886598996,0.3770983960902451,0.7832644584850328,0.2316357527648629,GEE:S2_SR_HARMONIZED
pn_sierra_nevada_senderismo_ragua_aldeire_015,Ragua - Aldeire,senderismo,2022,12,2022-12-01,0.5703000294550025,0.2313258289010022,0.27534198963140416,0.3575185207608796,0.8105618308067567,0.2372399781711973,GEE:S2_SR_HARMONIZED
pn_sierra_nevada_senderismo_transnevada_invierno_016,TRANSNEVADA INVIERNO,senderismo,2022,12,2022-12-01,0.4931368591620659,0.16591026425529207,0.21871839162128306,0.30078776484068354,0.6992738100997631,0.22695706728137685,GEE:S2_SR_HARMONIZED
pn_sierra_nevada_senderismo_transnevada_verano_017,TRANSNEVADA VERANO,senderismo,2022,12,2022-12-01,0.4985228671744047,0.17365369986322865,0.22299622390438822,0.300774837300267,0.7070515497897708,0.22902430212248165,GEE:S2_SR_HARMONIZED
pn_sierra_nevada_senderismo_transnevada_ra_guejar_sierra_pena_partida_018,Transnevada RA - Güejar Sierra - Peña Partida,senderismo,2022,12,2022-12-01,0.3263181889376452,0.02169211258259568,0.17782046703447504,0.2442266411442342,0.39252936584674203,0.11927428867719748,GEE:S2_SR_HARMONIZED
pn_sierra_nevada_senderismo_transnevada_rb_lanteira_postero_alto_lanteira_019,Transnevada RB - Lanteira - Postero Alto - Lanteira,senderismo,2022,12,2022-12-01,0.6557134543177527,0.3644279381665839,0.2921030086483416,0.5351199756758667,0.8085788427337028,0.2035227711926391,GEE:S2_SR_HARMONIZED
pn_sierra_nevada_senderismo_transnevada_re_bayarcal_laguna_seca_020,Transnevada RE - Bayarcal - Laguna Seca,senderismo,2022,12,2022-12-01,0.554717868508392,0.23414952621114343,0.23308688183200688,0.3397340069039747,0.7539544374376608,0.232503422157046,GEE:S2_SR_HARMONIZED
pn_sierra_nevada_senderismo_la_cebadilla_021,La Cebadilla,senderismo,2022,12,2022-12-01,0.3974600571049604,-0.008598417326989271,0.181478405844479,0.3027939136212226,0.47838622466716657,0.13563049266770572,GEE:S2_SR_HARMONIZED
pn_sierra_nevada_senderismo_la_silleta_022,La Silleta,senderismo,2022,12,2022-12-01,0.5139204537026938,0.11063171657890018,0.20957945750951937,0.33031092340102286,0.7052664110718299,0.2181852764532647,GEE:S2_SR_HARMONIZED
pn_sierra_nevada_senderismo_lanjaron_tello_023,Lanjaron - Tello,senderismo,2022,12,2022-12-01,0.4535090526773632,0.017483303905977386,0.22074078767027966,0.3695339242497272,0.5371580130969112,0.11337784030246129,GEE:S2_SR_HARMONIZED
pn_sierra_nevada_senderismo_molinos_de_isfalada_024,Molinos de Isfalada,senderismo,2022,12,2022-12-01,0.3874582328054221,0.07127291702374565,0.1661921487410056,0.26016911650063446,0.48260388097425144,0.17550255176762203,GEE:S2_SR_HARMONIZED
pn_sierra_nevada_senderismo_monterrey_025,Monterrey,senderismo,2022,12,2022-12-01,0.5843341529701167,0.17248838148451306,0.2317624510127503,0.4156609323817252,0.7675772907136293,0.2064065744598213,GEE:S2_SR_HARMONIZED
pn_sierra_nevada_senderismo_puente_palo_026,Puente Palo,senderismo,2022,12,2022-12-01,0.6579135245467105,0.2736801837867128,0.2897043146702895,0.5685066777423294,0.7673182929373618,0.13860181054253806,GEE:S2_SR_HARMONIZED
pn_sierra_nevada_senderismo_ragua_hoyos_de_pura_027,Ragua - Hoyos de Pura,senderismo,2022,12,2022-12-01,0.6971455571539208,0.40382439674172077,0.3321209045072769,0.6711330462760589,0.845946770639704,0.23125790247312586,GEE:S2_SR_HARMONIZED
pn_sierra_nevada_senderismo_ragua_lagunilla_seca_028,Ragua - Lagunilla Seca,senderismo,2022,12,2022-12-01,0.519482815318195,0.1955967273174353,0.2461650775838423,0.33408076153709837,0.7827414684477785,0.2308087482377866,GEE:S2_SR_HARMONIZED
pn_sierra_nevada_senderismo_rio_alhama_029,Río Alhama,senderismo,2022,12,2022-12-01,0.43978205455538505,0.08158536347626637,0.17996302439974185,0.23856530696058553,0.6050009958334471,0.23901301772982747,GEE:S2_SR_HARMONIZED
pn_sierra_nevada_senderismo_rio_bermejo_030,Río Bermejo,senderismo,2022,12,2022-12-01,0.4586540351169564,0.07965260474072643,0.1927929621793389,0.3534304571107744,0.5796002315747293,0.16811043590193037,GEE:S2_SR_HARMONIZED
pn_sierra_nevada_senderismo_rio_grande_de_los_berchules_031,Río Grande de los Berchules,senderismo,2022,12,2022-12-01,0.4702343245664945,0.09329129216962251,0.19148308594094626,0.2850332166531751,0.6140483690888566,0.23442822016156145,GEE:S2_SR_HARMONIZED
pn_sierra_nevada_senderismo_trevelez_siete_lagunas_032,Trevélez - Siete Lagunas,senderismo,2022,12,2022-12-01,0.39494945305804113,0.055396846190069106,0.18955195639452668,0.2794430412219511,0.46275316256293575,0.15894162635586992,GEE:S2_SR_HARMONIZED
pn_sierra_nevada_senderismo_ubeire_033,Ubeire,senderismo,2022,12,2022-12-01,0.6857345754225695,0.24217862501438592,0.26843592402815847,0.595722289164644,0.7833368151028054,0.13507930466306692,GEE:S2_SR_HARMONIZED
pn_sierra_nevada_senderismo_sulayr_034,SULAYR,senderismo,2022,12,2022-12-01,0.5015653285757038,0.1666121453068498,0.22906312897382686,0.32413268566175674,0.6992497546719063,0.21954537624673973,GEE:S2_SR_HARMONIZED
pn_sierra_nevada_senderismo_carril_cicloturista_la_zubia_cumbres_verdes_035,CARRIL CICLOTURISTA LA ZUBIA-CUMBRES VERDES,senderismo,2022,12,2022-12-01,0.6290853666358608,0.2294586813896434,0.2702749064555866,0.5644268337155687,0.7363807528301215,0.16147635491737533,GEE:S2_SR_HARMONIZED
pn_sierra_nevada_senderismo_dehesa_del_camarate_036,Dehesa del Camarate,senderismo,2022,12,2022-12-01,0.442090293530555,0.013938140138354638,0.17849092853043605,0.338078785589711,0.49779372708318514,0.15449360898663206,GEE:S2_SR_HARMONIZED
pn_sierra_nevada_senderismo_pueblos_del_poqueira_037,PUEBLOS DEL POQUEIRA,senderismo,2022,12,2022-12-01,0.45086730756527243,0.021538301504711786,0.21737472183244094,0.3572955739229174,0.5563728731732034,0.15936302270791572,GEE:S2_SR_HARMONIZED
pn_sierra_nevada_senderismo_ragua_barranco_del_hornillo_038,Ragua - Barranco del Hornillo,senderismo,2022,12,2022-12-01,0.7624980296298094,0.42378828873658553,0.34697453992142185,0.6646948158740997,0.8653455897987076,0.14317980258911658,GEE:S2_SR_HARMONIZED
pn_sierra_nevada_ciclismo_transnevada_rf_valor_fuente_de_las_primeras_agua_039,Transnevada RF - Valor - Fuente de las Primeras Aguas,ciclismo,2022,12,2022-12-01,0.4816435772705146,0.14025161862846144,0.19851380541079744,0.2850622844182043,0.6915318242218192,0.219754665222431,GEE:S2_SR_HARMONIZED
pn_sierra_nevada_ciclismo_transnevada_rg_yegen_mecina_bombaron_yegen_040,Transnevada RG - Yegen - Mecina Bombaron - Yegen,ciclismo,2022,12,2022-12-01,0.41151709127600083,0.10852230696044733,0.183058082585662,0.23242417753582464,0.5799554013212523,0.224521202593241,GEE:S2_SR_HARMONIZED
pn_sierra_nevada_ciclismo_transnevada_rh_capileira_refugio_poqueira_041,Transnevada RH - Capileira - Refugio Poqueira,ciclismo,2022,12,2022-12-01,0.4281559219681583,0.17877122620052566,0.195810083877768,0.22078818894013655,0.7009532979039641,0.25714723276445295,GEE:S2_SR_HARMONIZED
pn_sierra_nevada_ciclismo_transnevada_rj_portugos_barranco_bermejo_portugo_042,Transnevada RJ - Portugos - Barranco Bermejo - Portugos,ciclismo,2022,12,2022-12-01,0.46928597050621706,0.13218534585050895,0.19882633047106638,0.32418155010978367,0.6208599401531256,0.19212359418924937,GEE:S2_SR_HARMONIZED
pn_sierra_nevada_ciclismo_transnevada_rk_padre_eterno_ar_puente_palo_padre_043,Transnevada RK - Padre Eterno - AR Puente Palo - Padre Eterno,ciclismo,2022,12,2022-12-01,0.36878558382215004,0.022664224293261665,0.1730575514750006,0.2441322127722477,0.46303603300325147,0.1747992740313016,GEE:S2_SR_HARMONIZED
pn_sierra_nevada_ciclismo_transnevada_rc_abrucena_la_polarda_044,Transnevada RC - Abrucena - La Polarda,ciclismo,2022,12,2022-12-01,0.5361081320586611,0.2459257343564391,0.24683778315557903,0.35359680215325917,0.7129304143220544,0.20975455378019878,GEE:S2_SR_HARMONIZED
pn_sierra_nevada_ciclismo_transnevada_rd_laujar_andarax_loma_raspa_laujar__045,Transnevada RD - Laujar Andarax - Loma Raspa - Laujar Andarax,ciclismo,2022,12,2022-12-01,0.46037137873763834,0.14749552173077282,0.19242489078574151,0.26169646397465146,0.6760014196798325,0.22958233521886973,GEE:S2_SR_HARMONIZED
pn_sierra_nevada_ciclismo_transnevada_ri_niguelas_la_rinconada_niguelas_046,Transnevada RI - Niguelas - La Rinconada - Niguelas,ciclismo,2022,12,2022-12-01,0.3590356828215055,0.04321788820250458,0.17084250845116508,0.24028777475564111,0.4511533879592591,0.1596134306163125,GEE:S2_SR_HARMONIZED
pn_sierra_nevada_ciclismo_transnevada_invierno_047,TRANSNEVADA INVIERNO,ciclismo,2022,12,2022-12-01,0.4931368591620659,0.16591026425529207,0.21871839162128306,0.30078776484068354,0.6992738100997631,0.22695706728137685,GEE:S2_SR_HARMONIZED
pn_sierra_nevada_ciclismo_transnevada_verano_048,TRANSNEVADA VERANO,ciclismo,2022,12,2022-12-01,0.4985228671744047,0.17365369986322865,0.22299622390438822,0.300774837300267,0.7070515497897708,0.22902430212248165,GEE:S2_SR_HARMONIZED
pn_sierra_nevada_ciclismo_transnevada_ra_guejar_sierra_pena_partida_049,Transnevada RA - Güejar Sierra - Peña Partida,ciclismo,2022,12,2022-12-01,0.3263181889376452,0.02169211258259568,0.17782046703447504,0.2442266411442342,0.39252936584674203,0.11927428867719748,GEE:S2_SR_HARMONIZED
pn_sierra_nevada_ciclismo_transnevada_rb_lanteira_postero_alto_lanteira_050,Transnevada RB - Lanteira - Postero Alto - Lanteira,ciclismo,2022,12,2022-12-01,0.6557134543177527,0.3644279381665839,0.2921030086483416,0.5351199756758667,0.8085788427337028,0.2035227711926391,GEE:S2_SR_HARMONIZED
pn_sierra_nevada_ciclismo_transnevada_re_bayarcal_laguna_seca_051,Transnevada RE - Bayarcal - Laguna Seca,ciclismo,2022,12,2022-12-01,0.554717868508392,0.23414952621114343,0.23308688183200688,0.3397340069039747,0.7539544374376608,0.232503422157046,GEE:S2_SR_HARMONIZED
pn_sierra_nevada_ciclismo_carril_cicloturista_la_zubia_cumbres_verdes_052,CARRIL CICLOTURISTA LA ZUBIA-CUMBRES VERDES,ciclismo,2022,12,2022-12-01,0.6290853666358608,0.2294586813896434,0.2702749064555866,0.5644268337155687,0.7363807528301215,0.16147635491737533,GEE:S2_SR_HARMONIZED
pn_sierra_nevada_senderismo_transnevada_rf_valor_fuente_de_las_primeras_agua_000,Transnevada RF - Valor - Fuente de las Primeras Aguas,senderismo,2023,1,2023-01-01,0.46732400369309507,0.14659059396452898,0.2099647402983335,0.2867787287144784,0.6542585696002652,0.2081144284193762,GEE:S2_SR_HARMONIZED
pn_sierra_nevada_senderismo_transnevada_rg_yegen_mecina_bombaron_yegen_001,Transnevada RG - Yegen - Mecina Bombaron - Yegen,senderismo,2023,1,2023-01-01,0.3968560701257924,0.11121199637337167,0.1925328764682413,0.23238696414832374,0.537158140566271,0.21301729560218693,GEE:S2_SR_HARMONIZED
pn_sierra_nevada_senderismo_transnevada_rh_capileira_refugio_poqueira_002,Transnevada RH - Capileira - Refugio Poqueira,senderismo,2023,1,2023-01-01,0.40430557036627623,0.1656758964120538,0.1973957545293134,0.2148191909889838,0.6525022558213974,0.2455076591739719,GEE:S2_SR_HARMONIZED
pn_sierra_nevada_senderismo_transnevada_rj_portugos_barranco_bermejo_portugo_003,Transnevada RJ - Portugos - Barranco Bermejo - Portugos,senderismo,2023,1,2023-01-01,0.44753627618138725,0.13098745586689206,0.20880391862519965,0.308888166579139,0.5903353746082532,0.183551726349285,GEE:S2_SR_HARMONIZED
pn_sierra_nevada_senderismo_transnevada_rk_padre_eterno_ar_puente_palo_padre_004,Transnevada RK - Padre Eterno - AR Puente Palo - Padre Eterno,senderismo,2023,1,2023-01-01,0.36275109183938214,0.0414508065602769,0.19003809003462405,0.2519039449674968,0.43924082321934693,0.15506667494435028,GEE:S2_SR_HARMONIZED
pn_sierra_nevada_senderismo_transnevada_rc_abrucena_la_polarda_005,Transnevada RC - Abrucena - La Polarda,senderismo,2023,1,2023-01-01,0.568950245308614,0.273919066810439,0.2568485808640298,0.3552419296408373,0.7695087925526991,0.23028993642075118,GEE:S2_SR_HARMONIZED
pn_sierra_nevada_senderismo_transnevada_rd_laujar_andarax_loma_raspa_laujar__006,Transnevada RD - Laujar Andarax - Loma Raspa - Laujar Andarax,senderismo,2023,1,2023-01-01,0.44226323357306674,0.14493281262197677,0.20238679216487815,0.2600424838466284,0.6347097380301399,0.21651329642490263,GEE:S2_SR_HARMONIZED
pn_sierra_nevada_senderismo_transnevada_ri_niguelas_la_rinconada_niguelas_007,Transnevada RI - Niguelas - La Rinconada - Niguelas,senderismo,2023,1,2023-01-01,0.3522556518832791,0.0611815754697425,0.18081828930865546,0.23639013999095607,0.44342269922984534,0.1535943661581508,GEE:S2_SR_HARMONIZED
pn_sierra_nevada_senderismo_acequias_del_poqueira_008,Acequias del Poqueira,senderismo,2023,1,2023-01-01,0.37496867060117844,0.05630031145299472,0.2103436782149897,0.25976835225634964,0.43934581914765425,0.16243259448098366,GEE:S2_SR_HARMONIZED
pn_sierra_nevada_senderismo_canal_de_la_espartera_arenales_del_trevenque_009,Canal de la Espartera - Arenales del Trevenque,senderismo,2023,1,2023-01-01,0.5053732732906271,0.14394185381689395,0.21798761028708283,0.31827181460677434,0.7328140676844,0.24113232582169603,GEE:S2_SR_HARMONIZED
pn_sierra_nevada_senderismo_cerro_huenes_010,Cerro Huenes,senderismo,2023,1,2023-01-01,0.695431011347614,0.2923190814621232,0.2901481317781526,0.5528248981186826,0.8495201499433159,0.19968213197944834,GEE:S2_SR_HARMONIZED
pn_sierra_nevada_senderismo_el_aguadero_011,El Aguadero,senderismo,2023,1,2023-01-01,0.5278684540698849,0.1905444970935403,0.24778692107476774,0.3494520581219842,0.7167606586810831,0.20467416520312,GEE:S2_SR_HARMONIZED
pn_sierra_nevada_senderismo_haza_larguilla_012,Haza Larguilla,senderismo,2023,1,2023-01-01,0.34436594991665,-0.04899486652439413,0.1648888782991545,0.2750615949290139,0.4037149015726816,0.0934469802581128,GEE:S2_SR_HARMONIZED
pn_sierra_nevada_senderismo_hoya_del_portillo_refugio_poqueira_013,Hoya del Portillo - Refugio Poqueira,senderismo,2023,1,2023-01-01,0.39133983793522653,0.14698606817343743,0.20847573942097147,0.2598211432749104,0.44770476056469816,0.20675447939325511,GEE:S2_SR_HARMONIZED
pn_sierra_nevada_senderismo_jerez_del_marquesado_postero_alto_014,Jerez del Marquesado - Postero Alto,senderismo,2023,1,2023-01-01,0.5651058094136768,0.3071886937916959,0.27433521832492,0.377225585668778,0.767808288189083,0.22553311421809602,GEE:S2_SR_HARMONIZED
pn_sierra_nevada_senderismo_ragua_aldeire_015,Ragua - Aldeire,senderismo,2023,1,2023-01-01,0.5536477734442503,0.2404548380730063,0.2828596664485291,0.3496185725567784,0.7908772404232474,0.23376397141489028,GEE:S2_SR_HARMONIZED
pn_sierra_nevada_senderismo_transnevada_invierno_016,TRANSNEVADA INVIERNO,senderismo,2023,1,2023-01-01,0.49034601017274715,0.17421261446193625,0.23001070836236212,0.30078959940837113,0.6914887173572917,0.22348974098934388,GEE:S2_SR_HARMONIZED
pn_sierra_nevada_senderismo_transnevada_verano_017,TRANSNEVADA VERANO,senderismo,2023,1,2023-01-01,0.49542145759333095,0.18406719898653176,0.23394185160595238,0.3085827997218186,0.6991411440770955,0.2260056141420082,GEE:S2_SR_HARMONIZED
pn_sierra_nevada_senderismo_transnevada_ra_guejar_sierra_pena_partida_018,Transnevada RA - Güejar Sierra - Peña Partida,senderismo,2023,1,2023-01-01,0.35513678993469605,0.03150442359065057,0.18357548783581643,0.25968947603555215,0.4396381737742734,0.1332568823812399,GEE:S2_SR_HARMONIZED
pn_sierra_nevada_senderismo_transnevada_rb_lanteira_postero_alto_lanteira_019,Transnevada RB - Lanteira - Postero Alto - Lanteira,senderismo,2023,1,2023-01-01,0.6262236841268755,0.36906762491562883,0.30274509467423455,0.5036827011889854,0.7852928030087012,0.19884969449953613,GEE:S2_SR_HARMONIZED
pn_sierra_nevada_senderismo_transnevada_re_bayarcal_laguna_seca_020,Transnevada RE - Bayarcal - Laguna Seca,senderismo,2023,1,2023-01-01,0.5306050669111871,0.23667411947591024,0.24254971092705513,0.32632732752336313,0.7247903964004655,0.22353525020543852,GEE:S2_SR_HARMONIZED
pn_sierra_nevada_senderismo_la_cebadilla_021,La Cebadilla,senderismo,2023,1,2023-01-01,0.386513493335507,0.004841681149285346,0.20394789383235848,0.3184618571861712,0.45093393005011995,0.10936815715612432,GEE:S2_SR_HARMONIZED
pn_sierra_nevada_senderismo_la_silleta_022,La Silleta,senderismo,2023,1,2023-01-01,0.5192534178031755,0.11225833620803928,0.21643113193844818,0.34023656183068524,0.7145400528664533,0.21247632278310313,GEE:S2_SR_HARMONIZED
pn_sierra_nevada_senderismo_lanjaron_tello_023,Lanjaron - Tello,senderismo,2023,1,2023-01-01,0.491553724934802,0.07027988494710068,0.2761444269796267,0.4275096879482399,0.552717895725305,0.08978564291750932,GEE:S2_SR_HARMONIZED
pn_sierra_nevada_senderismo_molinos_de_isfalada_024,Molinos de Isfalada,senderismo,2023,1,2023-01-01,0.3922169675507927,0.07515725014056683,0.17796891416229701,0.2676039947682144,0.4900175506589462,0.16949145544458563,GEE:S2_SR_HARMONIZED
pn_sierra_nevada_senderismo_monterrey_025,Monterrey,senderismo,2023,1,2023-01-01,0.5505869574395187,0.16446424022499537,0.23884642978354395,0.3887508022615856,0.7324572072085849,0.19535213395914508,GEE:S2_SR_HARMONIZED
pn_sierra_nevada_senderismo_puente_palo_026,Puente Palo,senderismo,2023,1,2023-01-01,0.6335176725341598,0.279258799598205,0.3095190996155685,0.5410695306895479,0.7359631210735997,0.1317314157153644,GEE:S2_SR_HARMONIZED
pn_sierra_nevada_senderismo_ragua_hoyos_de_pura_027,Ragua - Hoyos de Pura,senderismo,2023,1,2023-01-01,0.6796789676077902,0.444763518696069,0.3361994729739183,0.6347579368275181,0.8415325980659487,0.23502142347234933,GEE:S2_SR_HARMONIZED
pn_sierra_nevada_senderismo_ragua_lagunilla_seca_028,Ragua - Lagunilla Seca,senderismo,2023,1,2023-01-01,0.46818150991652796,0.27661061998584424,0.2572472303637513,0.27941777016873437,0.732667930239051,0.2375916459541735,GEE:S2_SR_HARMONIZED
pn_sierra_nevada_senderismo_rio_alhama_029,Río Alhama,senderismo,2023,1,2023-01-01,0.4491218864502323,0.08500280017494356,0.19554905387412536,0.2865767095682207,0.5841656002657455,0.21849377705987694,GEE:S2_SR_HARMONIZED
pn_sierra_nevada_senderismo_rio_bermejo_030,Río Bermejo,senderismo,2023,1,2023-01-01,0.44661943193545345,0.08619251308748023,0.2046341659159463,0.3575689121131153,0.5526232547520187,0.15398457868297288,GEE:S2_SR_HARMONIZED
pn_sierra_nevada_senderismo_rio_grande_de_los_berchules_031,Río Grande de los Berchules,senderismo,2023,1,2023-01-01,0.44345237215198363,0.10816798284519151,0.21538831969995506,0.28748637687900125,0.5645690508340582,0.20424393420477918,GEE:S2_SR_HARMONIZED
pn_sierra_nevada_senderismo_trevelez_siete_lagunas_032,Trevélez - Siete Lagunas,senderismo,2023,1,2023-01-01,0.3522290228762538,0.08170633804225595,0.1807315239814753,0.26383131385860975,0.42376352190692973,0.15686962473088212,GEE:S2_SR_HARMONIZED
pn_sierra_nevada_senderismo_ubeire_033,Ubeire,senderismo,2023,1,2023-01-01,0.672052726309946,0.2534553562336221,0.27653271891679726,0.5758162059168135,0.771247357991907,0.13792026787206185,GEE:S2_SR_HARMONIZED
pn_sierra_nevada_senderismo_sulayr_034,SULAYR,senderismo,2023,1,2023-01-01,0.49579560142399226,0.1811960084921099,0.23948963392423162,0.316501269475224,0.6914634647710449,0.2202769537689205,GEE:S2_SR_HARMONIZED
pn_sierra_nevada_senderismo_carril_cicloturista_la_zubia_cumbres_verdes_035,CARRIL CICLOTURISTA LA ZUBIA-CUMBRES VERDES,senderismo,2023,1,2023-01-01,0.6609235701097332,0.23858798166369033,0.2835895309084393,0.5915915815849004,0.7711953404253659,0.16428513393725544,GEE:S2_SR_HARMONIZED
pn_sierra_nevada_senderismo_dehesa_del_camarate_036,Dehesa del Camarate,senderismo,2023,1,2023-01-01,0.4022460066516601,0.07252070968559089,0.20004036551592005,0.29505758198160775,0.48994953284918485,0.1502242271161496,GEE:S2_SR_HARMONIZED
pn_sierra_nevada_senderismo_pueblos_del_poqueira_037,PUEBLOS DEL POQUEIRA,senderismo,2023,1,2023-01-01,0.4244788468338414,0.02582473715553852,0.2281770132938459,0.36524767293604293,0.5060428903214411,0.1363266696737629,GEE:S2_SR_HARMONIZED
pn_sierra_nevada_senderismo_ragua_barranco_del_hornillo_038,Ragua - Barranco del Hornillo,senderismo,2023,1,2023-01-01,0.707701411856236,0.466420352647505,0.3463634922997389,0.5614733578916998,0.8541587991093381,0.18553582675928978,GEE:S2_SR_HARMONIZED
pn_sierra_nevada_ciclismo_transnevada_rf_valor_fuente_de_las_primeras_agua_039,Transnevada RF - Valor - Fuente de las Primeras Aguas,ciclismo,2023,1,2023-01-01,0.46732400369309507,0.14659059396452898,0.2099647402983335,0.2867787287144784,0.6542585696002652,0.2081144284193762,GEE:S2_SR_HARMONIZED
pn_sierra_nevada_ciclismo_transnevada_rg_yegen_mecina_bombaron_yegen_040,Transnevada RG - Yegen - Mecina Bombaron - Yegen,ciclismo,2023,1,2023-01-01,0.3968560701257924,0.11121199637337167,0.1925328764682413,0.23238696414832374,0.537158140566271,0.21301729560218693,GEE:S2_SR_HARMONIZED
pn_sierra_nevada_ciclismo_transnevada_rh_capileira_refugio_poqueira_041,Transnevada RH - Capileira - Refugio Poqueira,ciclismo,2023,1,2023-01-01,0.40430557036627623,0.1656758964120538,0.1973957545293134,0.2148191909889838,0.6525022558213974,0.2455076591739719,GEE:S2_SR_HARMONIZED
pn_sierra_nevada_ciclismo_transnevada_rj_portugos_barranco_bermejo_portugo_042,Transnevada RJ - Portugos - Barranco Bermejo - Portugos,ciclismo,2023,1,2023-01-01,0.44753627618138725,0.13098745586689206,0.20880391862519965,0.308888166579139,0.5903353746082532,0.183551726349285,GEE:S2_SR_HARMONIZED
pn_sierra_nevada_ciclismo_transnevada_rk_padre_eterno_ar_puente_palo_padre_043,Transnevada RK - Padre Eterno - AR Puente Palo - Padre Eterno,ciclismo,2023,1,2023-01-01,0.36275109183938214,0.0414508065602769,0.19003809003462405,0.2519039449674968,0.43924082321934693,0.15506667494435028,GEE:S2_SR_HARMONIZED
pn_sierra_nevada_ciclismo_transnevada_rc_abrucena_la_polarda_044,Transnevada RC - Abrucena - La Polarda,ciclismo,2023,1,2023-01-01,0.568950245308614,0.273919066810439,0.2568485808640298,0.3552419296408373,0.7695087925526991,0.23028993642075118,GEE:S2_SR_HARMONIZED
pn_sierra_nevada_ciclismo_transnevada_rd_laujar_andarax_loma_raspa_laujar__045,Transnevada RD - Laujar Andarax - Loma Raspa - Laujar Andarax,ciclismo,2023,1,2023-01-01,0.44226323357306674,0.14493281262197677,0.20238679216487815,0.2600424838466284,0.6347097380301399,0.21651329642490263,GEE:S2_SR_HARMONIZED
pn_sierra_nevada_ciclismo_transnevada_ri_niguelas_la_rinconada_niguelas_046,Transnevada RI - Niguelas - La Rinconada - Niguelas,ciclismo,2023,1,2023-01-01,0.3522556518832791,0.0611815754697425,0.18081828930865546,0.23639013999095607,0.44342269922984534,0.1535943661581508,GEE:S2_SR_HARMONIZED
pn_sierra_nevada_ciclismo_transnevada_invierno_047,TRANSNEVADA INVIERNO,ciclismo,2023,1,2023-01-01,0.49034601017274715,0.17421261446193625,0.23001070836236212,0.30078959940837113,0.6914887173572917,0.22348974098934388,GEE:S2_SR_HARMONIZED
pn_sierra_nevada_ciclismo_transnevada_verano_048,TRANSNEVADA VERANO,ciclismo,2023,1,2023-01-01,0.49542145759333095,0.18406719898653176,0.23394185160595238,0.3085827997218186,0.6991411440770955,0.2260056141420082,GEE:S2_SR_HARMONIZED
pn_sierra_nevada_ciclismo_transnevada_ra_guejar_sierra_pena_partida_049,Transnevada RA - Güejar Sierra - Peña Partida,ciclismo,2023,1,2023-01-01,0.35513678993469605,0.03150442359065057,0.18357548783581643,0.25968947603555215,0.4396381737742734,0.1332568823812399,GEE:S2_SR_HARMONIZED
pn_sierra_nevada_ciclismo_transnevada_rb_lanteira_postero_alto_lanteira_050,Transnevada RB - Lanteira - Postero Alto - Lanteira,ciclismo,2023,1,2023-01-01,0.6262236841268755,0.36906762491562883,0.30274509467423455,0.5036827011889854,0.7852928030087012,0.19884969449953613,GEE:S2_SR_HARMONIZED
pn_sierra_nevada_ciclismo_transnevada_re_bayarcal_laguna_seca_051,Transnevada RE - Bayarcal - Laguna Seca,ciclismo,2023,1,2023-01-01,0.5306050669111871,0.23667411947591024,0.24254971092705513,0.32632732752336313,0.7247903964004655,0.22353525020543852,GEE:S2_SR_HARMONIZED
pn_sierra_nevada_ciclismo_carril_cicloturista_la_zubia_cumbres_verdes_052,CARRIL CICLOTURISTA LA ZUBIA-CUMBRES VERDES,ciclismo,2023,1,2023-01-01,0.6609235701097332,0.23858798166369033,0.2835895309084393,0.5915915815849004,0.7711953404253659,0.16428513393725544,GEE:S2_SR_HARMONIZED
pn_sierra_nevada_senderismo_transnevada_rf_valor_fuente_de_las_primeras_agua_000,Transnevada RF - Valor - Fuente de las Primeras Aguas,senderismo,2023,2,2023-02-01,0.41379161222909844,0.13479508181187597,0.20119043006568885,0.2716748227191832,0.5684122083353158,0.17346069241660525,GEE:S2_SR_HARMONIZED
pn_sierra_nevada_senderismo_transnevada_rg_yegen_mecina_bombaron_yegen_001,Transnevada RG - Yegen - Mecina Bombaron - Yegen,senderismo,2023,2,2023-02-01,0.3471112246491319,0.09392541345462713,0.18804068357172923,0.2206428989312102,0.45491598058194915,0.16786086471567283,GEE:S2_SR_HARMONIZED
pn_sierra_nevada_senderismo_transnevada_rh_capileira_refugio_poqueira_002,Transnevada RH - Capileira - Refugio Poqueira,senderismo,2023,2,2023-02-01,0.38107356966505634,0.16903619506905804,0.19338088349939528,0.2011494885217384,0.5996407927490593,0.22652503249598546,GEE:S2_SR_HARMONIZED
pn_sierra_nevada_senderismo_transnevada_rj_portugos_barranco_bermejo_portugo_003,Transnevada RJ - Portugos - Barranco Bermejo - Portugos,senderismo,2023,2,2023-02-01,0.4111324414948515,0.11976572139187909,0.2018357782954196,0.2909340209671554,0.5293327221829982,0.1627116693899411,GEE:S2_SR_HARMONIZED
pn_sierra_nevada_senderismo_transnevada_rk_padre_eterno_ar_puente_palo_padre_004,Transnevada RK - Padre Eterno - AR Puente Palo - Padre Eterno,senderismo,2023,2,2023-02-01,0.33539249904278345,0.0255923262440712,0.18752821558523658,0.24418784946356675,0.40034262764452627,0.13144985956604194,GEE:S2_SR_HARMONIZED
pn_sierra_nevada_senderismo_transnevada_rc_abrucena_la_polarda_005,Transnevada RC - Abrucena - La Polarda,senderismo,2023,2,2023-02-01,0.48348479717162757,0.26171833198959227,0.24930993431470136,0.2928528790413624,0.6677890257563962,0.21274361925604285,GEE:S2_SR_HARMONIZED
pn_sierra_nevada_senderismo_transnevada_rd_laujar_andarax_loma_raspa_laujar__006,Transnevada RD - Laujar Andarax - Loma Raspa - Laujar Andarax,senderismo,2023,2,2023-02-01,0.4070951724666773,0.12971610714303825,0.19688423463408702,0.2480986437602181,0.5761817954337243,0.19385819579529423,GEE:S2_SR_HARMONIZED
pn_sierra_nevada_senderismo_transnevada_ri_niguelas_la_rinconada_niguelas_007,Transnevada RI - Niguelas - La Rinconada - Niguelas,senderismo,2023,2,2023-02-01,0.3110965302758238,0.05730932669562713,0.1756223714265616,0.20900596004316602,0.38474111628266694,0.13907944569225486,GEE:S2_SR_HARMONIZED
pn_sierra_nevada_senderismo_acequias_del_poqueira_008,Acequias del Poqueira,senderismo,2023,2,2023-02-01,0.3442315164830909,0.052764843785960046,0.20139379888243067,0.23629375131570748,0.4083416319065027,0.15107708972586165,GEE:S2_SR_HARMONIZED
pn_sierra_nevada_senderismo_canal_de_la_espartera_arenales_del_trevenque_009,Canal de la Espartera - Arenales del Trevenque,senderismo,2023,2,2023-02-01,0.4150343800879153,0.10064678755875273,0.2112998028144738,0.2639435894787312,0.5838295165552684,0.19415550734731332,GEE:S2_SR_HARMONIZED
pn_sierra_nevada_senderismo_cerro_huenes_010,Cerro Huenes,senderismo,2023,2,2023-02-01,0.5330165228502511,0.23587462693491945,0.2951932388814422,0.41618429841185006,0.6541399083648505,0.15157792755011953,GEE:S2_SR_HARMONIZED
pn_sierra_nevada_senderismo_el_aguadero_011,El Aguadero,senderismo,2023,2,2023-02-01,0.485238385875609,0.17180167088804563,0.2392295442340865,0.3221227974447655,0.6504375590315675,0.1880729814750728,GEE:S2_SR_HARMONIZED
pn_sierra_nevada_senderismo_haza_larguilla_012,Haza Larguilla,senderismo,2023,2,2023-02-01,0.29769427415092486,-0.05193959956679732,0.15675585713894355,0.24337538139108475,0.35040807195468127,0.07782502922431032,GEE:S2_SR_HARMONIZED
pn_sierra_nevada_senderismo_hoya_del_portillo_refugio_poqueira_013,Hoya del Portillo - Refugio Poqueira,senderismo,2023,2,2023-02-01,0.3674182323577841,0.1868457656038208,0.20313086858358767,0.22858013845846256,0.45544532473794236,0.20907593144381081,GEE:S2_SR_HARMONIZED
pn_sierra_nevada_senderismo_jerez_del_marquesado_postero_alto_014,Jerez del Marquesado - Postero Alto,senderismo,2023,2,2023-02-01,0.49933170679211714,0.26160012058491955,0.25654464978611297,0.3224107697007821,0.6855884164792772,0.20804588605705804,GEE:S2_SR_HARMONIZED
pn_sierra_nevada_senderismo_ragua_aldeire_015,Ragua - Aldeire,senderismo,2023,2,2023-02-01,0.4926139744138282,0.21623854959692992,0.2657337220132509,0.30661646142388316,0.7166933782957312,0.22289898065527047,GEE:S2_SR_HARMONIZED
pn_sierra_nevada_senderismo_transnevada_invierno_016,TRANSNEVADA INVIERNO,senderismo,2023,2,2023-02-01,0.42413979316459105,0.15243614707649808,0.2224729186654802,0.2695771089397737,0.5819797500851155,0.19233303254365824,GEE:S2_SR_HARMONIZED
pn_sierra_nevada_senderismo_transnevada_verano_017,TRANSNEVADA VERANO,senderismo,2023,2,2023-02-01,0.4270682411521232,0.1626949907873663,0.22669466536741373,0.26961663629426175,0.5898042556383183,0.194611066373184,GEE:S2_SR_HARMONIZED
pn_sierra_nevada_senderismo_transnevada_ra_guejar_sierra_pena_partida_018,Transnevada RA - Güejar Sierra - Peña Partida,senderismo,2023,2,2023-02-01,0.29421178473993803,0.02928180940155315,0.18474351099123956,0.2246179282183149,0.35340710169027667,0.10081862730087748,GEE:S2_SR_HARMONIZED
pn_sierra_nevada_senderismo_transnevada_rb_lanteira_postero_alto_lanteira_019,Transnevada RB - Lanteira - Postero Alto - Lanteira,senderismo,2023,2,2023-02-01,0.5317054532788721,0.3009523444883927,0.2808476344067632,0.4079782912411128,0.6775883859773982,0.17908206470979857,GEE:S2_SR_HARMONIZED
pn_sierra_nevada_senderismo_transnevada_re_bayarcal_laguna_seca_020,Transnevada RE - Bayarcal - Laguna Seca,senderismo,2023,2,2023-02-01,0.4697602872465176,0.2348047308996242,0.23477722292843606,0.2987675211154462,0.6346751591486629,0.1926320364712139,GEE:S2_SR_HARMONIZED
pn_sierra_nevada_senderismo_la_cebadilla_021,La Cebadilla,senderismo,2023,2,2023-02-01,0.35899241972556906,0.002558270839666734,0.20190191285952847,0.3026847745939602,0.4121697675352096,0.09884885253212508,GEE:S2_SR_HARMONIZED
pn_sierra_nevada_senderismo_la_silleta_022,La Silleta,senderismo,2023,2,2023-02-01,0.43641240140139426,0.07641253257484888,0.2169387746422458,0.3105500515270535,0.5879862020518761,0.1660855297259839,GEE:S2_SR_HARMONIZED
pn_sierra_nevada_senderismo_lanjaron_tello_023,Lanjaron - Tello,senderismo,2023,2,2023-02-01,0.46139494512613183,0.07396703689915851,0.2823498351067328,0.4159218990420502,0.5057834961093659,0.07434438678378705,GEE:S2_SR_HARMONIZED
pn_sierra_nevada_senderismo_molinos_de_isfalada_024,Molinos de Isfalada,senderismo,2023,2,2023-02-01,0.35335482733695167,0.059079593060609,0.17148642898573901,0.24831403977597372,0.43145307419154527,0.1467841813390242,GEE:S2_SR_HARMONIZED
pn_sierra_nevada_senderismo_monterrey_025,Monterrey,senderismo,2023,2,2023-02-01,0.4975374341523016,0.14022033823121008,0.23637152158268426,0.36151923449598045,0.64629555678314,0.1676636341731089,GEE:S2_SR_HARMONIZED
pn_sierra_nevada_senderismo_puente_palo_026,Puente Palo,senderismo,2023,2,2023-02-01,0.5576897443800851,0.22569300116786786,0.29614989298443994,0.48994821942227956,0.630684817352675,0.09907257808623618,GEE:S2_SR_HARMONIZED
pn_sierra_nevada_senderismo_ragua_hoyos_de_pura_027,Ragua - Hoyos de Pura,senderismo,2023,2,2023-02-01,0.6212442557610114,0.40418478291107235,0.32577208427042514,0.5568938251673923,0.7910623624286452,0.22894400076997157,GEE:S2_SR_HARMONIZED
pn_sierra_nevada_senderismo_ragua_lagunilla_seca_028,Ragua - Lagunilla Seca,senderismo,2023,2,2023-02-01,0.3984260465517391,0.2947791881084764,0.24271195565322826,0.22459773202435368,0.6233617629313652,0.22605233863425714,GEE:S2_SR_HARMONIZED
pn_sierra_nevada_senderismo_rio_alhama_029,Río Alhama,senderismo,2023,2,2023-02-01,0.40549679104712855,0.06332123435605365,0.19436627246528926,0.2559124023152825,0.5137669495700561,0.20267167151842277,GEE:S2_SR_HARMONIZED
pn_sierra_nevada_senderismo_rio_bermejo_030,Río Bermejo,senderismo,2023,2,2023-02-01,0.419181869981058,0.08140812422040233,0.20122295435484713,0.3419247090600016,0.510016556591795,0.14190285934136868,GEE:S2_SR_HARMONIZED
pn_sierra_nevada_senderismo_rio_grande_de_los_berchules_031,Río Grande de los Berchules,senderismo,2023,2,2023-02-01,0.38208701386207966,0.09806717799263037,0.217020897010607,0.2596794234430807,0.4511638637401218,0.17207443720177534,GEE:S2_SR_HARMONIZED
pn_sierra_nevada_senderismo_trevelez_siete_lagunas_032,Trevélez - Siete Lagunas,senderismo,2023,2,2023-02-01,0.3485384056381679,0.0363675442909222,0.1812259309260364,0.25981576030538006,0.40033378354939264,0.12897369427866426,GEE:S2_SR_HARMONIZED
pn_sierra_nevada_senderismo_ubeire_033,Ubeire,senderismo,2023,2,2023-02-01,0.5908656502547401,0.2143307715223509,0.2641157396678361,0.5060499707148313,0.6818504160748449,0.12304793530655043,GEE:S2_SR_HARMONIZED
pn_sierra_nevada_senderismo_sulayr_034,SULAYR,senderismo,2023,2,2023-02-01,0.43150858977531154,0.17125562625980228,0.23150129706433628,0.2773760936562843,0.5976323060046301,0.1994438247662329,GEE:S2_SR_HARMONIZED
pn_sierra_nevada_senderismo_carril_cicloturista_la_zubia_cumbres_verdes_035,CARRIL CICLOTURISTA LA ZUBIA-CUMBRES VERDES,senderismo,2023,2,2023-02-01,0.5177465178620754,0.14922228694565212,0.26390979972093254,0.46339852203888526,0.6075289638407129,0.12377367562803925,GEE:S2_SR_HARMONIZED
pn_sierra_nevada_senderismo_dehesa_del_camarate_036,Dehesa del Camarate,senderismo,2023,2,2023-02-01,0.3567771887057148,0.06315061084256528,0.18651961500955824,0.2792880996390069,0.4162650759439897,0.12160217509385414,GEE:S2_SR_HARMONIZED
pn_sierra_nevada_senderismo_pueblos_del_poqueira_037,PUEBLOS DEL POQUEIRA,senderismo,2023,2,2023-02-01,0.3872582365856075,0.018810641827303184,0.21946268469855665,0.34956098662797397,0.45123732182357973,0.11783157745758287,GEE:S2_SR_HARMONIZED
pn_sierra_nevada_senderismo_ragua_barranco_del_hornillo_038,Ragua - Barranco del Hornillo,senderismo,2023,2,2023-02-01,0.6746578326367848,0.44163108260964196,0.3365858722825759,0.5444812476634979,0.8110801657208372,0.17034668131242306,GEE:S2_SR_HARMONIZED
pn_sierra_nevada_ciclismo_transnevada_rf_valor_fuente_de_las_primeras_agua_039,Transnevada RF - Valor - Fuente de las Primeras Aguas,ciclismo,2023,2,2023-02-01,0.41379161222909844,0.13479508181187597,0.20119043006568885,0.2716748227191832,0.5684122083353158,0.17346069241660525,GEE:S2_SR_HARMONIZED
pn_sierra_nevada_ciclismo_transnevada_rg_yegen_mecina_bombaron_yegen_040,Transnevada RG - Yegen - Mecina Bombaron - Yegen,ciclismo,2023,2,2023-02-01,0.3471112246491319,0.09392541345462713,0.18804068357172923,0.2206428989312102,0.45491598058194915,0.16786086471567283,GEE:S2_SR_HARMONIZED
pn_sierra_nevada_ciclismo_transnevada_rh_capileira_refugio_poqueira_041,Transnevada RH - Capileira - Refugio Poqueira,ciclismo,2023,2,2023-02-01,0.38107356966505634,0.16903619506905804,0.19338088349939528,0.2011494885217384,0.5996407927490593,0.22652503249598546,GEE:S2_SR_HARMONIZED
pn_sierra_nevada_ciclismo_transnevada_rj_portugos_barranco_bermejo_portugo_042,Transnevada RJ - Portugos - Barranco Bermejo - Portugos,ciclismo,2023,2,2023-02-01,0.4111324414948515,0.11976572139187909,0.2018357782954196,0.2909340209671554,0.5293327221829982,0.1627116693899411,GEE:S2_SR_HARMONIZED
pn_sierra_nevada_ciclismo_transnevada_rk_padre_eterno_ar_puente_palo_padre_043,Transnevada RK - Padre Eterno - AR Puente Palo - Padre Eterno,ciclismo,2023,2,2023-02-01,0.33539249904278345,0.0255923262440712,0.18752821558523658,0.24418784946356675,0.40034262764452627,0.13144985956604194,GEE:S2_SR_HARMONIZED
pn_sierra_nevada_ciclismo_transnevada_rc_abrucena_la_polarda_044,Transnevada RC - Abrucena - La Polarda,ciclismo,2023,2,2023-02-01,0.48348479717162757,0.26171833198959227,0.24930993431470136,0.2928528790413624,0.6677890257563962,0.21274361925604285,GEE:S2_SR_HARMONIZED
pn_sierra_nevada_ciclismo_transnevada_rd_laujar_andarax_loma_raspa_laujar__045,Transnevada RD - Laujar Andarax - Loma Raspa - Laujar Andarax,ciclismo,2023,2,2023-02-01,0.4070951724666773,0.12971610714303825,0.19688423463408702,0.2480986437602181,0.5761817954337243,0.19385819579529423,GEE:S2_SR_HARMONIZED
pn_sierra_nevada_ciclismo_transnevada_ri_niguelas_la_rinconada_niguelas_046,Transnevada RI - Niguelas - La Rinconada - Niguelas,ciclismo,2023,2,2023-02-01,0.3110965302758238,0.05730932669562713,0.1756223714265616,0.20900596004316602,0.38474111628266694,0.13907944569225486,GEE:S2_SR_HARMONIZED
pn_sierra_nevada_ciclismo_transnevada_invierno_047,TRANSNEVADA INVIERNO,ciclismo,2023,2,2023-02-01,0.42413979316459105,0.15243614707649808,0.2224729186654802,0.2695771089397737,0.5819797500851155,0.19233303254365824,GEE:S2_SR_HARMONIZED
pn_sierra_nevada_ciclismo_transnevada_verano_048,TRANSNEVADA VERANO,ciclismo,2023,2,2023-02-01,0.4270682411521232,0.1626949907873663,0.22669466536741373,0.26961663629426175,0.5898042556383183,0.194611066373184,GEE:S2_SR_HARMONIZED
pn_sierra_nevada_ciclismo_transnevada_ra_guejar_sierra_pena_partida_049,Transnevada RA - Güejar Sierra - Peña Partida,ciclismo,2023,2,2023-02-01,0.29421178473993803,0.02928180940155315,0.18474351099123956,0.2246179282183149,0.35340710169027667,0.10081862730087748,GEE:S2_SR_HARMONIZED
pn_sierra_nevada_ciclismo_transnevada_rb_lanteira_postero_alto_lanteira_050,Transnevada RB - Lanteira - Postero Alto - Lanteira,ciclismo,2023,2,2023-02-01,0.5317054532788721,0.3009523444883927,0.2808476344067632,0.4079782912411128,0.6775883859773982,0.17908206470979857,GEE:S2_SR_HARMONIZED
pn_sierra_nevada_ciclismo_transnevada_re_bayarcal_laguna_seca_051,Transnevada RE - Bayarcal - Laguna Seca,ciclismo,2023,2,2023-02-01,0.4697602872465176,0.2348047308996242,0.23477722292843606,0.2987675211154462,0.6346751591486629,0.1926320364712139,GEE:S2_SR_HARMONIZED
pn_sierra_nevada_ciclismo_carril_cicloturista_la_zubia_cumbres_verdes_052,CARRIL CICLOTURISTA LA ZUBIA-CUMBRES VERDES,ciclismo,2023,2,2023-02-01,0.5177465178620754,0.14922228694565212,0.26390979972093254,0.46339852203888526,0.6075289638407129,0.12377367562803925,GEE:S2_SR_HARMONIZED
pn_sierra_nevada_senderismo_transnevada_rf_valor_fuente_de_las_primeras_agua_000,Transnevada RF - Valor - Fuente de las Primeras Aguas,senderismo,2023,3,2023-03-01,0.4173332506733903,0.0986385389684013,0.19726039080462415,0.26194817647785507,0.5739146102413966,0.18541042321975723,GEE:S2_SR_HARMONIZED
pn_sierra_nevada_senderismo_transnevada_rg_yegen_mecina_bombaron_yegen_001,Transnevada RG - Yegen - Mecina Bombaron - Yegen,senderismo,2023,3,2023-03-01,0.35035900698743944,0.07428611704174441,0.18217935257060164,0.20892998505658197,0.45518262322790376,0.1904126733157366,GEE:S2_SR_HARMONIZED
pn_sierra_nevada_senderismo_transnevada_rh_capileira_refugio_poqueira_002,Transnevada RH - Capileira - Refugio Poqueira,senderismo,2023,3,2023-03-01,0.32713613135263087,0.11158684964891559,0.17764408783426228,0.1778595691660868,0.4826420852651424,0.19882532281508186,GEE:S2_SR_HARMONIZED
pn_sierra_nevada_senderismo_transnevada_rj_portugos_barranco_bermejo_portugo_003,Transnevada RJ - Portugos - Barranco Bermejo - Portugos,senderismo,2023,3,2023-03-01,0.3875887698820377,0.1015440111578095,0.19932513587573586,0.26365620084415786,0.5020430166093688,0.16300523374160417,GEE:S2_SR_HARMONIZED
pn_sierra_nevada_senderismo_transnevada_rk_padre_eterno_ar_puente_palo_padre_004,Transnevada RK - Padre Eterno - AR Puente Palo - Padre Eterno,senderismo,2023,3,2023-03-01,0.33661614883054203,0.019802961094793393,0.18933703642827193,0.23627910347432446,0.40815339485734786,0.14398036653053636,GEE:S2_SR_HARMONIZED
pn_sierra_nevada_senderismo_transnevada_rc_abrucena_la_polarda_005,Transnevada RC - Abrucena - La Polarda,senderismo,2023,3,2023-03-01,0.4454823433997532,0.16393978211087618,0.22658805154534783,0.26949044506099085,0.6211133880548652,0.2019174636807906,GEE:S2_SR_HARMONIZED
pn_sierra_nevada_senderismo_transnevada_rd_laujar_andarax_loma_raspa_laujar__006,Transnevada RD - Laujar Andarax - Loma Raspa - Laujar Andarax,senderismo,2023,3,2023-03-01,0.38694640235771993,0.10178573439835463,0.1921125402922999,0.2285637035230445,0.5449462956829882,0.1941885382626812,GEE:S2_SR_HARMONIZED
pn_sierra_nevada_senderismo_transnevada_ri_niguelas_la_rinconada_niguelas_007,Transnevada RI - Niguelas - La Rinconada - Niguelas,senderismo,2023,3,2023-03-01,0.3152432827556143,0.026795641452165488,0.18054637120120426,0.2130028676794757,0.38868266235361815,0.14455271497560124,GEE:S2_SR_HARMONIZED
pn_sierra_nevada_senderismo_acequias_del_poqueira_008,Acequias del Poqueira,senderismo,2023,3,2023-03-01,0.3177260793707284,0.054353908306841815,0.20603237598438404,0.22447747435907098,0.37301259525078395,0.12966270079780529,GEE:S2_SR_HARMONIZED
pn_sierra_nevada_senderismo_canal_de_la_espartera_arenales_del_trevenque_009,Canal de la Espartera - Arenales del Trevenque,senderismo,2023,3,2023-03-01,0.4300099934017179,0.0803010880339153,0.2137126859400802,0.24801505365374818,0.6112591647300558,0.22357677557548114,GEE:S2_SR_HARMONIZED
pn_sierra_nevada_senderismo_cerro_huenes_010,Cerro Huenes,senderismo,2023,3,2023-03-01,0.5847525820297022,0.20536753099071334,0.29263596781659523,0.4354492178850383,0.7362615219572283,0.19382063286731038,GEE:S2_SR_HARMONIZED
pn_sierra_nevada_senderismo_el_aguadero_011,El Aguadero,senderismo,2023,3,2023-03-01,0.4603556716545007,0.1303051275026263,0.22860478222325123,0.30668365096194644,0.6232632536274115,0.18070544113854778,GEE:S2_SR_HARMONIZED
pn_sierra_nevada_senderismo_haza_larguilla_012,Haza Larguilla,senderismo,2023,3,2023-03-01,0.30740869827677486,-0.06225572719400579,0.16750496029245607,0.23283516633042903,0.36911326777082293,0.0916051320292445,GEE:S2_SR_HARMONIZED
pn_sierra_nevada_senderismo_hoya_del_portillo_refugio_poqueira_013,Hoya del Portillo - Refugio Poqueira,senderismo,2023,3,2023-03-01,0.3279171339931418,0.0784439096229489,0.1815689838374266,0.21702237002204694,0.36125294508495603,0.17559121905412994,GEE:S2_SR_HARMONIZED
pn_sierra_nevada_senderismo_jerez_del_marquesado_postero_alto_014,Jerez del Marquesado - Postero Alto,senderismo,2023,3,2023-03-01,0.4805838103518892,0.21742803512566816,0.2408287430796922,0.29508986857251024,0.6816493350032248,0.21710866804547296,GEE:S2_SR_HARMONIZED
pn_sierra_nevada_senderismo_ragua_aldeire_015,Ragua - Aldeire,senderismo,2023,3,2023-03-01,0.47784012548912996,0.15979475081345954,0.251088462334365,0.2909755575258679,0.7087893428540107,0.22242016796411726,GEE:S2_SR_HARMONIZED
pn_sierra_nevada_senderismo_transnevada_invierno_016,TRANSNEVADA INVIERNO,senderismo,2023,3,2023-03-01,0.41612013331709874,0.11122104454050366,0.21470770420419885,0.25398257442489625,0.5663930343691485,0.19610606600648872,GEE:S2_SR_HARMONIZED
pn_sierra_nevada_senderismo_transnevada_verano_017,TRANSNEVADA VERANO,senderismo,2023,3,2023-03-01,0.42122000335375887,0.11692326075833365,0.21831192137765748,0.2616925202445475,0.5819393076904487,0.198796811982706,GEE:S2_SR_HARMONIZED
pn_sierra_nevada_senderismo_transnevada_ra_guejar_sierra_pena_partida_018,Transnevada RA - Güejar Sierra - Peña Partida,senderismo,2023,3,2023-03-01,0.3118213778891181,0.010075138048604373,0.18729782050012073,0.2247326847906261,0.38465943654832085,0.12342831498749608,GEE:S2_SR_HARMONIZED
pn_sierra_nevada_senderismo_transnevada_rb_lanteira_postero_alto_lanteira_019,Transnevada RB - Lanteira - Postero Alto - Lanteira,senderismo,2023,3,2023-03-01,0.5108835496049786,0.24590918177773727,0.25718432827626225,0.3769849023390192,0.6661353792586405,0.19025594638089924,GEE:S2_SR_HARMONIZED
pn_sierra_nevada_senderismo_transnevada_re_bayarcal_laguna_seca_020,Transnevada RE - Bayarcal - Laguna Seca,senderismo,2023,3,2023-03-01,0.4702928765177945,0.16999670303342632,0.22225624029636382,0.28704889003686535,0.6502436020765643,0.2080404492713858,GEE:S2_SR_HARMONIZED
pn_sierra_nevada_senderismo_la_cebadilla_021,La Cebadilla,senderismo,2023,3,2023-03-01,0.3518505813052297,0.025048901822694192,0.22036009882411473,0.2870062074324376,0.4044207719830244,0.10863990950174451,GEE:S2_SR_HARMONIZED
pn_sierra_nevada_senderismo_la_silleta_022,La Silleta,senderismo,2023,3,2023-03-01,0.45152662963511925,0.05124437208703074,0.22366902663428226,0.316226399234542,0.6050327571577192,0.1823008588407434,GEE:S2_SR_HARMONIZED
pn_sierra_nevada_senderismo_lanjaron_tello_023,Lanjaron - Tello,senderismo,2023,3,2023-03-01,0.5014426733796057,0.06763047284557308,0.2958528990480676,0.4395748293197114,0.5641774951473146,0.09251479797787666,GEE:S2_SR_HARMONIZED
pn_sierra_nevada_senderismo_molinos_de_isfalada_024,Molinos de Isfalada,senderismo,2023,3,2023-03-01,0.3493948172040974,0.0477815119440793,0.1771702312181606,0.24022722645043224,0.4395794619508634,0.1466496907987239,GEE:S2_SR_HARMONIZED
pn_sierra_nevada_senderismo_monterrey_025,Monterrey,senderismo,2023,3,2023-03-01,0.49429653943071117,0.11960105939930796,0.23670000447199507,0.3495292089629336,0.6585226135287581,0.17578411946911454,GEE:S2_SR_HARMONIZED
pn_sierra_nevada_senderismo_puente_palo_026,Puente Palo,senderismo,2023,3,2023-03-01,0.6169727643140487,0.21661548565732888,0.3008567651766789,0.5294075360207958,0.7206922122269128,0.13105305161524386,GEE:S2_SR_HARMONIZED
pn_sierra_nevada_senderismo_ragua_hoyos_de_pura_027,Ragua - Hoyos de Pura,senderismo,2023,3,2023-03-01,0.6215027607264084,0.3202298708788696,0.3028483151805881,0.545139729976654,0.7987599770169367,0.23656518744413732,GEE:S2_SR_HARMONIZED
pn_sierra_nevada_senderismo_ragua_lagunilla_seca_028,Ragua - Lagunilla Seca,senderismo,2023,3,2023-03-01,0.433408773973713,0.13130351411196153,0.21876495280100233,0.27933757324988717,0.6382855822642645,0.2036153917701141,GEE:S2_SR_HARMONIZED
pn_sierra_nevada_senderismo_rio_alhama_029,Río Alhama,senderismo,2023,3,2023-03-01,0.3858884412078524,0.046661002828159964,0.19765247653474863,0.25217999974128386,0.49000403421940936,0.18803392051602127,GEE:S2_SR_HARMONIZED
pn_sierra_nevada_senderismo_rio_bermejo_030,Río Bermejo,senderismo,2023,3,2023-03-01,0.3993447630682035,0.06836524885767849,0.20365198749907978,0.31853227564190506,0.4939158278629342,0.13443098509926318,GEE:S2_SR_HARMONIZED
pn_sierra_nevada_senderismo_rio_grande_de_los_berchules_031,Río Grande de los Berchules,senderismo,2023,3,2023-03-01,0.423027345132147,0.08861191353090336,0.2241713224287373,0.27139529080295793,0.5450395231140253,0.19384054645514168,GEE:S2_SR_HARMONIZED
pn_sierra_nevada_senderismo_trevelez_siete_lagunas_032,Trevélez - Siete Lagunas,senderismo,2023,3,2023-03-01,0.31315863647041675,0.03128963820307137,0.17009071210933596,0.2169183281061647,0.38062269899932427,0.1328010338319864,GEE:S2_SR_HARMONIZED
pn_sierra_nevada_senderismo_ubeire_033,Ubeire,senderismo,2023,3,2023-03-01,0.5701945367698803,0.1717458655230077,0.2572441473088376,0.48636202967685205,0.654450432178732,0.12130052185151681,GEE:S2_SR_HARMONIZED
pn_sierra_nevada_senderismo_sulayr_034,SULAYR,senderismo,2023,3,2023-03-01,0.43048534386356574,0.11448138525433409,0.22262355034374878,0.2773762350412511,0.5897763128646624,0.19768427717778694,GEE:S2_SR_HARMONIZED
pn_sierra_nevada_senderismo_carril_cicloturista_la_zubia_cumbres_verdes_035,CARRIL CICLOTURISTA LA ZUBIA-CUMBRES VERDES,senderismo,2023,3,2023-03-01,0.5973966619498076,0.13392334940063091,0.2736350566005411,0.5137285685049554,0.7091530149159923,0.1592952595898514,GEE:S2_SR_HARMONIZED
pn_sierra_nevada_senderismo_dehesa_del_camarate_036,Dehesa del Camarate,senderismo,2023,3,2023-03-01,0.39822085452466954,-0.001035689199281257,0.198592319613267,0.32235817022569413,0.45076489162830735,0.11303476279610793,GEE:S2_SR_HARMONIZED
pn_sierra_nevada_senderismo_pueblos_del_poqueira_037,PUEBLOS DEL POQUEIRA,senderismo,2023,3,2023-03-01,0.4147687515852247,0.01808706594917327,0.23266274001921128,0.361539391371517,0.4977374311163387,0.13939929812173124,GEE:S2_SR_HARMONIZED
pn_sierra_nevada_senderismo_ragua_barranco_del_hornillo_038,Ragua - Barranco del Hornillo,senderismo,2023,3,2023-03-01,0.6876226254599104,0.32924822492779027,0.3136664483731911,0.560157392806235,0.8104872617799594,0.16219990354185262,GEE:S2_SR_HARMONIZED
pn_sierra_nevada_ciclismo_transnevada_rf_valor_fuente_de_las_primeras_agua_039,Transnevada RF - Valor - Fuente de las Primeras Aguas,ciclismo,2023,3,2023-03-01,0.4173332506733903,0.0986385389684013,0.19726039080462415,0.26194817647785507,0.5739146102413966,0.18541042321975723,GEE:S2_SR_HARMONIZED
pn_sierra_nevada_ciclismo_transnevada_rg_yegen_mecina_bombaron_yegen_040,Transnevada RG - Yegen - Mecina Bombaron - Yegen,ciclismo,2023,3,2023-03-01,0.35035900698743944,0.07428611704174441,0.18217935257060164,0.20892998505658197,0.45518262322790376,0.1904126733157366,GEE:S2_SR_HARMONIZED
pn_sierra_nevada_ciclismo_transnevada_rh_capileira_refugio_poqueira_041,Transnevada RH - Capileira - Refugio Poqueira,ciclismo,2023,3,2023-03-01,0.32713613135263087,0.11158684964891559,0.17764408783426228,0.1778595691660868,0.4826420852651424,0.19882532281508186,GEE:S2_SR_HARMONIZED
pn_sierra_nevada_ciclismo_transnevada_rj_portugos_barranco_bermejo_portugo_042,Transnevada RJ - Portugos - Barranco Bermejo - Portugos,ciclismo,2023,3,2023-03-01,0.3875887698820377,0.1015440111578095,0.19932513587573586,0.26365620084415786,0.5020430166093688,0.16300523374160417,GEE:S2_SR_HARMONIZED
pn_sierra_nevada_ciclismo_transnevada_rk_padre_eterno_ar_puente_palo_padre_043,Transnevada RK - Padre Eterno - AR Puente Palo - Padre Eterno,ciclismo,2023,3,2023-03-01,0.33661614883054203,0.019802961094793393,0.18933703642827193,0.23627910347432446,0.40815339485734786,0.14398036653053636,GEE:S2_SR_HARMONIZED
pn_sierra_nevada_ciclismo_transnevada_rc_abrucena_la_polarda_044,Transnevada RC - Abrucena - La Polarda,ciclismo,2023,3,2023-03-01,0.4454823433997532,0.16393978211087618,0.22658805154534783,0.26949044506099085,0.6211133880548652,0.2019174636807906,GEE:S2_SR_HARMONIZED
pn_sierra_nevada_ciclismo_transnevada_rd_laujar_andarax_loma_raspa_laujar__045,Transnevada RD - Laujar Andarax - Loma Raspa - Laujar Andarax,ciclismo,2023,3,2023-03-01,0.38694640235771993,0.10178573439835463,0.1921125402922999,0.2285637035230445,0.5449462956829882,0.1941885382626812,GEE:S2_SR_HARMONIZED
pn_sierra_nevada_ciclismo_transnevada_ri_niguelas_la_rinconada_niguelas_046,Transnevada RI - Niguelas - La Rinconada - Niguelas,ciclismo,2023,3,2023-03-01,0.3152432827556143,0.026795641452165488,0.18054637120120426,0.2130028676794757,0.38868266235361815,0.14455271497560124,GEE:S2_SR_HARMONIZED
pn_sierra_nevada_ciclismo_transnevada_invierno_047,TRANSNEVADA INVIERNO,ciclismo,2023,3,2023-03-01,0.41612013331709874,0.11122104454050366,0.21470770420419885,0.25398257442489625,0.5663930343691485,0.19610606600648872,GEE:S2_SR_HARMONIZED
pn_sierra_nevada_ciclismo_transnevada_verano_048,TRANSNEVADA VERANO,ciclismo,2023,3,2023-03-01,0.42122000335375887,0.11692326075833365,0.21831192137765748,0.2616925202445475,0.5819393076904487,0.198796811982706,GEE:S2_SR_HARMONIZED
pn_sierra_nevada_ciclismo_transnevada_ra_guejar_sierra_pena_partida_049,Transnevada RA - Güejar Sierra - Peña Partida,ciclismo,2023,3,2023-03-01,0.3118213778891181,0.010075138048604373,0.18729782050012073,0.2247326847906261,0.38465943654832085,0.12342831498749608,GEE:S2_SR_HARMONIZED
pn_sierra_nevada_ciclismo_transnevada_rb_lanteira_postero_alto_lanteira_050,Transnevada RB - Lanteira - Postero Alto - Lanteira,ciclismo,2023,3,2023-03-01,0.5108835496049786,0.24590918177773727,0.25718432827626225,0.3769849023390192,0.6661353792586405,0.19025594638089924,GEE:S2_SR_HARMONIZED
pn_sierra_nevada_ciclismo_transnevada_re_bayarcal_laguna_seca_051,Transnevada RE - Bayarcal - Laguna Seca,ciclismo,2023,3,2023-03-01,0.4702928765177945,0.16999670303342632,0.22225624029636382,0.28704889003686535,0.6502436020765643,0.2080404492713858,GEE:S2_SR_HARMONIZED
pn_sierra_nevada_ciclismo_carril_cicloturista_la_zubia_cumbres_verdes_052,CARRIL CICLOTURISTA LA ZUBIA-CUMBRES VERDES,ciclismo,2023,3,2023-03-01,0.5973966619498076,0.13392334940063091,0.2736350566005411,0.5137285685049554,0.7091530149159923,0.1592952595898514,GEE:S2_SR_HARMONIZED
pn_sierra_nevada_senderismo_transnevada_rf_valor_fuente_de_las_primeras_agua_000,Transnevada RF - Valor - Fuente de las Primeras Aguas,senderismo,2023,4,2023-04-01,0.4083210796510472,0.09752604050599166,0.2079711921380488,0.2676184835362253,0.5453192418376114,0.1741000165062284,GEE:S2_SR_HARMONIZED
pn_sierra_nevada_senderismo_transnevada_rg_yegen_mecina_bombaron_yegen_001,Transnevada RG - Yegen - Mecina Bombaron - Yegen,senderismo,2023,4,2023-04-01,0.3449812212226067,0.07859675082679633,0.1915147793985558,0.21286832208434164,0.44765227864387336,0.17958361487489935,GEE:S2_SR_HARMONIZED
pn_sierra_nevada_senderismo_transnevada_rh_capileira_refugio_poqueira_002,Transnevada RH - Capileira - Refugio Poqueira,senderismo,2023,4,2023-04-01,0.3427860987572897,0.10774611848494367,0.18333697380295816,0.18946173786250886,0.49396227730200604,0.21048676457329157,GEE:S2_SR_HARMONIZED
pn_sierra_nevada_senderismo_transnevada_rj_portugos_barranco_bermejo_portugo_003,Transnevada RJ - Portugos - Barranco Bermejo - Portugos,senderismo,2023,4,2023-04-01,0.3882388474150147,0.10687057497848226,0.21116230985126064,0.2675478802888235,0.5059257100681295,0.16263132540681752,GEE:S2_SR_HARMONIZED
pn_sierra_nevada_senderismo_transnevada_rk_padre_eterno_ar_puente_palo_padre_004,Transnevada RK - Padre Eterno - AR Puente Palo - Padre Eterno,senderismo,2023,4,2023-04-01,0.33348257948513493,0.02323922337532638,0.20127979862425896,0.23255718188122745,0.4082395584086148,0.1416571048406237,GEE:S2_SR_HARMONIZED
pn_sierra_nevada_senderismo_transnevada_rc_abrucena_la_polarda_005,Transnevada RC - Abrucena - La Polarda,senderismo,2023,4,2023-04-01,0.4009449952788087,0.13520856294711728,0.2276304239321497,0.2442054840046201,0.552827776772557,0.18282525097073696,GEE:S2_SR_HARMONIZED
pn_sierra_nevada_senderismo_transnevada_rd_laujar_andarax_loma_raspa_laujar__006,Transnevada RD - Laujar Andarax - Loma Raspa - Laujar Andarax,senderismo,2023,4,2023-04-01,0.37128091008514597,0.097642722692427,0.20725695833176086,0.22469992258423943,0.5215710784693907,0.18091867958651525,GEE:S2_SR_HARMONIZED
pn_sierra_nevada_senderismo_transnevada_ri_niguelas_la_rinconada_niguelas_007,Transnevada RI - Niguelas - La Rinconada - Niguelas,senderismo,2023,4,2023-04-01,0.31525269052397287,0.04129452270742895,0.1988789496691942,0.22453269575789261,0.3888052463742274,0.13036204088418837,GEE:S2_SR_HARMONIZED
pn_sierra_nevada_senderismo_acequias_del_poqueira_008,Acequias del Poqueira,senderismo,2023,4,2023-04-01,0.36616510786083384,0.05984974292965376,0.22734957188666058,0.2638119674202311,0.43534357205069024,0.14600155642154566,GEE:S2_SR_HARMONIZED
pn_sierra_nevada_senderismo_canal_de_la_espartera_arenales_del_trevenque_009,Canal de la Espartera - Arenales del Trevenque,senderismo,2023,4,2023-04-01,0.41016606429830044,0.07505349214689327,0.23020441668149288,0.24042104787055635,0.5727225547203575,0.2071857274797538,GEE:S2_SR_HARMONIZED
pn_sierra_nevada_senderismo_cerro_huenes_010,Cerro Huenes,senderismo,2023,4,2023-04-01,0.5455308968087034,0.17721403317722756,0.29993720379014344,0.3964409357362287,0.709030484373745,0.18311044653491249,GEE:S2_SR_HARMONIZED
pn_sierra_nevada_senderismo_el_aguadero_011,El Aguadero,senderismo,2023,4,2023-04-01,0.429869156667161,0.1141005171713471,0.24121387066367483,0.2947869601244093,0.5719829583731274,0.1645904156920605,GEE:S2_SR_HARMONIZED
pn_sierra_nevada_senderismo_haza_larguilla_012,Haza Larguilla,senderismo,2023,4,2023-04-01,0.31071052710383434,-0.04321424542180124,0.1844921231590816,0.22750431001186372,0.3836627815243386,0.09384053993836665,GEE:S2_SR_HARMONIZED
pn_sierra_nevada_senderismo_hoya_del_portillo_refugio_poqueira_013,Hoya del Portillo - Refugio Poqueira,senderismo,2023,4,2023-04-01,0.3507145914006689,0.07422922512044028,0.19102866068488647,0.2363973059491922,0.37275872343333266,0.1884964907285489,GEE:S2_SR_HARMONIZED
pn_sierra_nevada_senderismo_jerez_del_marquesado_postero_alto_014,Jerez del Marquesado - Postero Alto,senderismo,2023,4,2023-04-01,0.4530041301176888,0.19902052650042373,0.23885778046015943,0.26754326207203577,0.6387745895342769,0.21237628885432025,GEE:S2_SR_HARMONIZED
pn_sierra_nevada_senderismo_ragua_aldeire_015,Ragua - Aldeire,senderismo,2023,4,2023-04-01,0.47213412643927694,0.16006134320878196,0.25916779266078943,0.28294977847775876,0.6819888761901997,0.2156696750941519,GEE:S2_SR_HARMONIZED
pn_sierra_nevada_senderismo_transnevada_invierno_016,TRANSNEVADA INVIERNO,senderismo,2023,4,2023-04-01,0.40182628437408563,0.10805013827139809,0.2247335978096514,0.2597639787180616,0.5410194112196364,0.18047370566322646,GEE:S2_SR_HARMONIZED
pn_sierra_nevada_senderismo_transnevada_verano_017,TRANSNEVADA VERANO,senderismo,2023,4,2023-04-01,0.40575960483677326,0.11297091650277111,0.22776363634548327,0.2597667902273223,0.5488112113880079,0.1831894318235866,GEE:S2_SR_HARMONIZED
pn_sierra_nevada_senderismo_transnevada_ra_guejar_sierra_pena_partida_018,Transnevada RA - Güejar Sierra - Peña Partida,senderismo,2023,4,2023-04-01,0.307407724199832,0.017572882734481057,0.19599986981100295,0.22062839098415502,0.3732208661670894,0.12309131025194732,GEE:S2_SR_HARMONIZED
pn_sierra_nevada_senderismo_transnevada_rb_lanteira_postero_alto_lanteira_019,Transnevada RB - Lanteira - Postero Alto - Lanteira,senderismo,2023,4,2023-04-01,0.4746914874745092,0.21356859286941973,0.2523896016579912,0.341747112086098,0.6191923909907721,0.1853484175686109,GEE:S2_SR_HARMONIZED
pn_sierra_nevada_senderismo_transnevada_re_bayarcal_laguna_seca_020,Transnevada RE - Bayarcal - Laguna Seca,senderismo,2023,4,2023-04-01,0.45719903951701724,0.16158397145172862,0.2289543311412726,0.29111120137553953,0.6229664212542121,0.19628853504528046,GEE:S2_SR_HARMONIZED
pn_sierra_nevada_senderismo_la_cebadilla_021,La Cebadilla,senderismo,2023,4,2023-04-01,0.39310181291023183,0.04998011269017249,0.24762302125073257,0.29874641445197114,0.4786738057857847,0.13263432614330548,GEE:S2_SR_HARMONIZED
pn_sierra_nevada_senderismo_la_silleta_022,La Silleta,senderismo,2023,4,2023-04-01,0.41650273734645127,0.039016079599748205,0.2248604110185939,0.30701899948354827,0.5412344414030688,0.15434705725559011,GEE:S2_SR_HARMONIZED
pn_sierra_nevada_senderismo_lanjaron_tello_023,Lanjaron - Tello,senderismo,2023,4,2023-04-01,0.466195755968739,0.06928365835580057,0.29819699247007453,0.36154349140523157,0.5603367746680028,0.1321616851682413,GEE:S2_SR_HARMONIZED
pn_sierra_nevada_senderismo_molinos_de_isfalada_024,Molinos de Isfalada,senderismo,2023,4,2023-04-01,0.33826056999730647,0.055648635322811744,0.18598030711669652,0.22487462709343173,0.42763043955021235,0.1515164274097492,GEE:S2_SR_HARMONIZED
pn_sierra_nevada_senderismo_monterrey_025,Monterrey,senderismo,2023,4,2023-04-01,0.46712539941238335,0.1173596418472308,0.2589614278676085,0.3413684389531189,0.6035561191450883,0.15564029131368404,GEE:S2_SR_HARMONIZED
pn_sierra_nevada_senderismo_puente_palo_026,Puente Palo,senderismo,2023,4,2023-04-01,0.5958424687459795,0.2080547397168222,0.32376970542813066,0.5176628223505981,0.685515806944553,0.12240060180296249,GEE:S2_SR_HARMONIZED
pn_sierra_nevada_senderismo_ragua_hoyos_de_pura_027,Ragua - Hoyos de Pura,senderismo,2023,4,2023-04-01,0.5921305175548964,0.2916264836112639,0.29960459710730436,0.49884068930812775,0.7749946799425098,0.22800052411640165,GEE:S2_SR_HARMONIZED
pn_sierra_nevada_senderismo_ragua_lagunilla_seca_028,Ragua - Lagunilla Seca,senderismo,2023,4,2023-04-01,0.42220028425920403,0.11988683696640684,0.22119296002638766,0.28346014287894195,0.5879323683065527,0.18504562448544903,GEE:S2_SR_HARMONIZED
pn_sierra_nevada_senderismo_rio_alhama_029,Río Alhama,senderismo,2023,4,2023-04-01,0.3550399292415272,0.047770972041654,0.1988848215412086,0.2245491768761905,0.4704161596757811,0.18400322390395762,GEE:S2_SR_HARMONIZED
pn_sierra_nevada_senderismo_rio_bermejo_030,Río Bermejo,senderismo,2023,4,2023-04-01,0.4210100258356839,0.09601834745430537,0.2319437107641338,0.3298430982885503,0.521401416594796,0.147100594201696,GEE:S2_SR_HARMONIZED
pn_sierra_nevada_senderismo_rio_grande_de_los_berchules_031,Río Grande de los Berchules,senderismo,2023,4,2023-04-01,0.42650938724946946,0.11829382477187057,0.25029860089157463,0.2675427931014454,0.5916187463696503,0.19333422782828436,GEE:S2_SR_HARMONIZED
pn_sierra_nevada_senderismo_trevelez_siete_lagunas_032,Trevélez - Siete Lagunas,senderismo,2023,4,2023-04-01,0.3261813204434053,0.049333895154426766,0.1888180179958769,0.23241214586488496,0.40022268128509747,0.15433321444486417,GEE:S2_SR_HARMONIZED
pn_sierra_nevada_senderismo_ubeire_033,Ubeire,senderismo,2023,4,2023-04-01,0.5224019567096706,0.15729542070778124,0.2582738557458015,0.43550832695457453,0.5992777209956465,0.11634960255385285,GEE:S2_SR_HARMONIZED
pn_sierra_nevada_senderismo_sulayr_034,SULAYR,senderismo,2023,4,2023-04-01,0.43220452792606884,0.11864229657878796,0.23967496955607576,0.2871019070688059,0.5760886827074475,0.1853576549727001,GEE:S2_SR_HARMONIZED
pn_sierra_nevada_senderismo_carril_cicloturista_la_zubia_cumbres_verdes_035,CARRIL CICLOTURISTA LA ZUBIA-CUMBRES VERDES,senderismo,2023,4,2023-04-01,0.5128318016649829,0.06873414653125742,0.2524949935889261,0.40796906878299344,0.6306659105226804,0.15596468475364514,GEE:S2_SR_HARMONIZED
pn_sierra_nevada_senderismo_dehesa_del_camarate_036,Dehesa del Camarate,senderismo,2023,4,2023-04-01,0.4059099956177006,0.05032575136885523,0.23394761335537434,0.33383794329551164,0.45892462769940817,0.11077947830825721,GEE:S2_SR_HARMONIZED
pn_sierra_nevada_senderismo_pueblos_del_poqueira_037,PUEBLOS DEL POQUEIRA,senderismo,2023,4,2023-04-01,0.4483729524364965,0.08600842728833483,0.28352684063115663,0.36111154627350395,0.5605641221431662,0.16337567373034645,GEE:S2_SR_HARMONIZED
pn_sierra_nevada_senderismo_ragua_barranco_del_hornillo_038,Ragua - Barranco del Hornillo,senderismo,2023,4,2023-04-01,0.6637562411121031,0.30446492512707446,0.3192101871249932,0.5375248891872596,0.7949676970698742,0.16289266617996204,GEE:S2_SR_HARMONIZED
pn_sierra_nevada_ciclismo_transnevada_rf_valor_fuente_de_las_primeras_agua_039,Transnevada RF - Valor - Fuente de las Primeras Aguas,ciclismo,2023,4,2023-04-01,0.4083210796510472,0.09752604050599166,0.2079711921380488,0.2676184835362253,0.5453192418376114,0.1741000165062284,GEE:S2_SR_HARMONIZED
pn_sierra_nevada_ciclismo_transnevada_rg_yegen_mecina_bombaron_yegen_040,Transnevada RG - Yegen - Mecina Bombaron - Yegen,ciclismo,2023,4,2023-04-01,0.3449812212226067,0.07859675082679633,0.1915147793985558,0.21286832208434164,0.44765227864387336,0.17958361487489935,GEE:S2_SR_HARMONIZED
pn_sierra_nevada_ciclismo_transnevada_rh_capileira_refugio_poqueira_041,Transnevada RH - Capileira - Refugio Poqueira,ciclismo,2023,4,2023-04-01,0.3427860987572897,0.10774611848494367,0.18333697380295816,0.18946173786250886,0.49396227730200604,0.21048676457329157,GEE:S2_SR_HARMONIZED
pn_sierra_nevada_ciclismo_transnevada_rj_portugos_barranco_bermejo_portugo_042,Transnevada RJ - Portugos - Barranco Bermejo - Portugos,ciclismo,2023,4,2023-04-01,0.3882388474150147,0.10687057497848226,0.21116230985126064,0.2675478802888235,0.5059257100681295,0.16263132540681752,GEE:S2_SR_HARMONIZED
pn_sierra_nevada_ciclismo_transnevada_rk_padre_eterno_ar_puente_palo_padre_043,Transnevada RK - Padre Eterno - AR Puente Palo - Padre Eterno,ciclismo,2023,4,2023-04-01,0.33348257948513493,0.02323922337532638,0.20127979862425896,0.23255718188122745,0.4082395584086148,0.1416571048406237,GEE:S2_SR_HARMONIZED
pn_sierra_nevada_ciclismo_transnevada_rc_abrucena_la_polarda_044,Transnevada RC - Abrucena - La Polarda,ciclismo,2023,4,2023-04-01,0.4009449952788087,0.13520856294711728,0.2276304239321497,0.2442054840046201,0.552827776772557,0.18282525097073696,GEE:S2_SR_HARMONIZED
pn_sierra_nevada_ciclismo_transnevada_rd_laujar_andarax_loma_raspa_laujar__045,Transnevada RD - Laujar Andarax - Loma Raspa - Laujar Andarax,ciclismo,2023,4,2023-04-01,0.37128091008514597,0.097642722692427,0.20725695833176086,0.22469992258423943,0.5215710784693907,0.18091867958651525,GEE:S2_SR_HARMONIZED
pn_sierra_nevada_ciclismo_transnevada_ri_niguelas_la_rinconada_niguelas_046,Transnevada RI - Niguelas - La Rinconada - Niguelas,ciclismo,2023,4,2023-04-01,0.31525269052397287,0.04129452270742895,0.1988789496691942,0.22453269575789261,0.3888052463742274,0.13036204088418837,GEE:S2_SR_HARMONIZED
pn_sierra_nevada_ciclismo_transnevada_invierno_047,TRANSNEVADA INVIERNO,ciclismo,2023,4,2023-04-01,0.40182628437408563,0.10805013827139809,0.2247335978096514,0.2597639787180616,0.5410194112196364,0.18047370566322646,GEE:S2_SR_HARMONIZED
pn_sierra_nevada_ciclismo_transnevada_verano_048,TRANSNEVADA VERANO,ciclismo,2023,4,2023-04-01,0.40575960483677326,0.11297091650277111,0.22776363634548327,0.2597667902273223,0.5488112113880079,0.1831894318235866,GEE:S2_SR_HARMONIZED
pn_sierra_nevada_ciclismo_transnevada_ra_guejar_sierra_pena_partida_049,Transnevada RA - Güejar Sierra - Peña Partida,ciclismo,2023,4,2023-04-01,0.307407724199832,0.017572882734481057,0.19599986981100295,0.22062839098415502,0.3732208661670894,0.12309131025194732,GEE:S2_SR_HARMONIZED
pn_sierra_nevada_ciclismo_transnevada_rb_lanteira_postero_alto_lanteira_050,Transnevada RB - Lanteira - Postero Alto - Lanteira,ciclismo,2023,4,2023-04-01,0.4746914874745092,0.21356859286941973,0.2523896016579912,0.341747112086098,0.6191923909907721,0.1853484175686109,GEE:S2_SR_HARMONIZED
pn_sierra_nevada_ciclismo_transnevada_re_bayarcal_laguna_seca_051,Transnevada RE - Bayarcal - Laguna Seca,ciclismo,2023,4,2023-04-01,0.45719903951701724,0.16158397145172862,0.2289543311412726,0.29111120137553953,0.6229664212542121,0.19628853504528046,GEE:S2_SR_HARMONIZED
pn_sierra_nevada_ciclismo_carril_cicloturista_la_zubia_cumbres_verdes_052,CARRIL CICLOTURISTA LA ZUBIA-CUMBRES VERDES,ciclismo,2023,4,2023-04-01,0.5128318016649829,0.06873414653125742,0.2524949935889261,0.40796906878299344,0.6306659105226804,0.15596468475364514,GEE:S2_SR_HARMONIZED
pn_sierra_nevada_senderismo_transnevada_rf_valor_fuente_de_las_primeras_agua_000,Transnevada RF - Valor - Fuente de las Primeras Aguas,senderismo,2023,5,2023-05-01,0.34112369939498605,0.0898177552298758,0.21630904783275726,0.24416598764822034,0.4353543528872173,0.1268595783912531,GEE:S2_SR_HARMONIZED
pn_sierra_nevada_senderismo_transnevada_rg_yegen_mecina_bombaron_yegen_001,Transnevada RG - Yegen - Mecina Bombaron - Yegen,senderismo,2023,5,2023-05-01,0.2937917725851079,0.0856889152937671,0.21303003899684866,0.20506823662915713,0.3691665238471673,0.12460658560776566,GEE:S2_SR_HARMONIZED
pn_sierra_nevada_senderismo_transnevada_rh_capileira_refugio_poqueira_002,Transnevada RH - Capileira - Refugio Poqueira,senderismo,2023,5,2023-05-01,0.30192253301083855,0.12660525678660922,0.1992657713681513,0.1778905545529442,0.4316596171673717,0.16584141087827192,GEE:S2_SR_HARMONIZED
pn_sierra_nevada_senderismo_transnevada_rj_portugos_barranco_bermejo_portugo_003,Transnevada RJ - Portugos - Barranco Bermejo - Portugos,senderismo,2023,5,2023-05-01,0.3874213374539853,0.14322092555524585,0.25713484551982363,0.28709007032853956,0.490109776071232,0.1371815648444513,GEE:S2_SR_HARMONIZED
pn_sierra_nevada_senderismo_transnevada_rk_padre_eterno_ar_puente_palo_padre_004,Transnevada RK - Padre Eterno - AR Puente Palo - Padre Eterno,senderismo,2023,5,2023-05-01,0.28732885735531966,0.07201852977334662,0.2287708604809169,0.22464052052847372,0.3496792342700591,0.08847799036045198,GEE:S2_SR_HARMONIZED
pn_sierra_nevada_senderismo_transnevada_rc_abrucena_la_polarda_005,Transnevada RC - Abrucena - La Polarda,senderismo,2023,5,2023-05-01,0.3667178060968002,0.1090803756498579,0.23309733007500327,0.22846304926845726,0.5018895019034049,0.16494041522651598,GEE:S2_SR_HARMONIZED
pn_sierra_nevada_senderismo_transnevada_rd_laujar_andarax_loma_raspa_laujar__006,Transnevada RD - Laujar Andarax - Loma Raspa - Laujar Andarax,senderismo,2023,5,2023-05-01,0.3470282052039697,0.1017911567693778,0.22949151502912113,0.21686186536221497,0.47061556330626536,0.1650367786493321,GEE:S2_SR_HARMONIZED
pn_sierra_nevada_senderismo_transnevada_ri_niguelas_la_rinconada_niguelas_007,Transnevada RI - Niguelas - La Rinconada - Niguelas,senderismo,2023,5,2023-05-01,0.2763278400497583,0.0648157527625924,0.20943188144927743,0.21278649974207217,0.3341039435417288,0.0940704297919538,GEE:S2_SR_HARMONIZED
pn_sierra_nevada_senderismo_acequias_del_poqueira_008,Acequias del Poqueira,senderismo,2023,5,2023-05-01,0.32400779680817504,0.1033729635821777,0.2563804846180349,0.24009499573741638,0.3926916652556835,0.11514327377202592,GEE:S2_SR_HARMONIZED
pn_sierra_nevada_senderismo_canal_de_la_espartera_arenales_del_trevenque_009,Canal de la Espartera - Arenales del Trevenque,senderismo,2023,5,2023-05-01,0.30992046414980245,0.09002294375918912,0.2223545953699117,0.17002600909290108,0.43987210530053394,0.15182084978170368,GEE:S2_SR_HARMONIZED
pn_sierra_nevada_senderismo_cerro_huenes_010,Cerro Huenes,senderismo,2023,5,2023-05-01,0.3885657873046067,0.15842374586500735,0.29580628138789283,0.3340993426324734,0.45882979596188683,0.09000056448704669,GEE:S2_SR_HARMONIZED
pn_sierra_nevada_senderismo_el_aguadero_011,El Aguadero,senderismo,2023,5,2023-05-01,0.40528592067687896,0.10753838790210625,0.26473228184758085,0.27920562105577446,0.533113125908339,0.1581053401221533,GEE:S2_SR_HARMONIZED
pn_sierra_nevada_senderismo_hoya_del_portillo_refugio_poqueira_013,Hoya del Portillo - Refugio Poqueira,senderismo,2023,5,2023-05-01,0.28985386189018436,0.1106903051384453,0.2016694590488357,0.20511313698708541,0.3185163981295867,0.14129527572565814,GEE:S2_SR_HARMONIZED
pn_sierra_nevada_senderismo_jerez_del_marquesado_postero_alto_014,Jerez del Marquesado - Postero Alto,senderismo,2023,5,2023-05-01,0.3279834599081709,0.2130798154869109,0.24418703269290398,0.2557925494505625,0.41202778804970364,0.1196007097230491,GEE:S2_SR_HARMONIZED
pn_sierra_nevada_senderismo_ragua_aldeire_015,Ragua - Aldeire,senderismo,2023,5,2023-05-01,0.3818464558486904,0.20722180797885692,0.3042295418808113,0.2830942119702254,0.47872842359948153,0.11866956549956781,GEE:S2_SR_HARMONIZED
pn_sierra_nevada_senderismo_transnevada_invierno_016,TRANSNEVADA INVIERNO,senderismo,2023,5,2023-05-01,0.3460664540020942,0.12577523741118707,0.2438329900700355,0.24414134582375283,0.4394111714781335,0.13494990606439647,GEE:S2_SR_HARMONIZED
pn_sierra_nevada_senderismo_transnevada_verano_017,TRANSNEVADA VERANO,senderismo,2023,5,2023-05-01,0.34885220758150753,0.13139593121658882,0.2473087150302754,0.24800691037747363,0.44340226866829835,0.13718853169453873,GEE:S2_SR_HARMONIZED
pn_sierra_nevada_senderismo_transnevada_ra_guejar_sierra_pena_partida_018,Transnevada RA - Güejar Sierra - Peña Partida,senderismo,2023,5,2023-05-01,0.28733527443622475,0.07139302172603648,0.2114797004345213,0.2012547779084245,0.3496739773001146,0.11312045616927305,GEE:S2_SR_HARMONIZED
pn_sierra_nevada_senderismo_transnevada_rb_lanteira_postero_alto_lanteira_019,Transnevada RB - Lanteira - Postero Alto - Lanteira,senderismo,2023,5,2023-05-01,0.3131695192512911,0.2156553469531166,0.25253886834529315,0.26367448484402867,0.3692284100963362,0.091972410110092,GEE:S2_SR_HARMONIZED
pn_sierra_nevada_senderismo_transnevada_re_bayarcal_laguna_seca_020,Transnevada RE - Bayarcal - Laguna Seca,senderismo,2023,5,2023-05-01,0.3740143799341831,0.15182599534323704,0.24256518625192272,0.27555902500896556,0.47072026601015576,0.12053904377564648,GEE:S2_SR_HARMONIZED
pn_sierra_nevada_senderismo_la_cebadilla_021,La Cebadilla,senderismo,2023,5,2023-05-01,0.38321807036730676,0.1085356824030539,0.3124132326340411,0.2792689957087708,0.47876607335276283,0.13862987593187437,GEE:S2_SR_HARMONIZED
pn_sierra_nevada_senderismo_la_silleta_022,La Silleta,senderismo,2023,5,2023-05-01,0.3153979355195598,0.01620451790297889,0.20527180841867657,0.23254887871136415,0.38868370466350044,0.10722274968800864,GEE:S2_SR_HARMONIZED
pn_sierra_nevada_senderismo_lanjaron_tello_023,Lanjaron - Tello,senderismo,2023,5,2023-05-01,0.3491282815052283,0.04791540208853902,0.26666109573042157,0.23219565466171319,0.43182102139848866,0.14819903412953128,GEE:S2_SR_HARMONIZED
pn_sierra_nevada_senderismo_molinos_de_isfalada_024,Molinos de Isfalada,senderismo,2023,5,2023-05-01,0.2949782818856219,0.10357083461386274,0.19331643671204962,0.1935472985716033,0.37650421378273236,0.13816660931043023,GEE:S2_SR_HARMONIZED
pn_sierra_nevada_senderismo_monterrey_025,Monterrey,senderismo,2023,5,2023-05-01,0.4515416027379243,0.10397480235223283,0.2896066016822167,0.33023997221813467,0.5683359060998523,0.1590042146064968,GEE:S2_SR_HARMONIZED
pn_sierra_nevada_senderismo_puente_palo_026,Puente Palo,senderismo,2023,5,2023-05-01,0.3742508105749737,0.19031092525371296,0.330196475753048,0.34684438717923494,0.4053329234042065,0.04193670254891681,GEE:S2_SR_HARMONIZED
pn_sierra_nevada_senderismo_ragua_hoyos_de_pura_027,Ragua - Hoyos de Pura,senderismo,2023,5,2023-05-01,0.4020465397695667,0.22995042406003058,0.29551247096735084,0.36032767250938263,0.49726622464542275,0.1141595439986059,GEE:S2_SR_HARMONIZED
pn_sierra_nevada_senderismo_ragua_lagunilla_seca_028,Ragua - Lagunilla Seca,senderismo,2023,5,2023-05-01,0.3558848592557897,0.14193746130457888,0.2759485676057889,0.30258710073735123,0.4084225313624919,0.07667839611729078,GEE:S2_SR_HARMONIZED
pn_sierra_nevada_senderismo_rio_alhama_029,Río Alhama,senderismo,2023,5,2023-05-01,0.29038064334815167,0.08999464644430781,0.2184501172010685,0.1971325332153774,0.37329292239147194,0.12837790768480595,GEE:S2_SR_HARMONIZED
pn_sierra_nevada_senderismo_rio_bermejo_030,Río Bermejo,senderismo,2023,5,2023-05-01,0.4401936795249527,0.15430088173845127,0.3003352929827683,0.3420694932115673,0.5333204860405217,0.16122630447517444,GEE:S2_SR_HARMONIZED
pn_sierra_nevada_senderismo_rio_grande_de_los_berchules_031,Río Grande de los Berchules,senderismo,2023,5,2023-05-01,0.36221467840511806,0.12764728223698243,0.27209057324060176,0.2321555864949886,0.4905111859032716,0.16214321559250622,GEE:S2_SR_HARMONIZED
pn_sierra_nevada_senderismo_trevelez_siete_lagunas_032,Trevélez - Siete Lagunas,senderismo,2023,5,2023-05-01,0.2894433246012474,0.10853130644344762,0.21991981820553844,0.1970972896833909,0.36899039827552693,0.12497975983953817,GEE:S2_SR_HARMONIZED
pn_sierra_nevada_senderismo_ubeire_033,Ubeire,senderismo,2023,5,2023-05-01,0.43504171247929563,0.16173310503546146,0.29295544784400146,0.3459694007975715,0.5176233935182256,0.12531363232521747,GEE:S2_SR_HARMONIZED
pn_sierra_nevada_senderismo_sulayr_034,SULAYR,senderismo,2023,5,2023-05-01,0.36766497385916697,0.14221255287281448,0.2620802984474933,0.26759990312685383,0.46289008524618674,0.12995217650970564,GEE:S2_SR_HARMONIZED
pn_sierra_nevada_senderismo_carril_cicloturista_la_zubia_cumbres_verdes_035,CARRIL CICLOTURISTA LA ZUBIA-CUMBRES VERDES,senderismo,2023,5,2023-05-01,0.3708914508075891,0.022106872145490307,0.2212557675642517,0.32893982936394506,0.4307700796270849,0.08718178165837889,GEE:S2_SR_HARMONIZED
pn_sierra_nevada_senderismo_dehesa_del_camarate_036,Dehesa del Camarate,senderismo,2023,5,2023-05-01,0.4209346528711913,0.1586831478293818,0.33237755985455086,0.3418793636421285,0.4982671586931841,0.112118822836773,GEE:S2_SR_HARMONIZED
pn_sierra_nevada_senderismo_pueblos_del_poqueira_037,PUEBLOS DEL POQUEIRA,senderismo,2023,5,2023-05-01,0.4668854428100707,0.15037149100188016,0.382089394664613,0.34167974340868795,0.6111079722889199,0.17605565896938488,GEE:S2_SR_HARMONIZED
pn_sierra_nevada_senderismo_ragua_barranco_del_hornillo_038,Ragua - Barranco del Hornillo,senderismo,2023,5,2023-05-01,0.4301931087329475,0.2426080636669938,0.29806533387773504,0.3741540247929181,0.48312239787451,0.06989833256731502,GEE:S2_SR_HARMONIZED
pn_sierra_nevada_ciclismo_transnevada_rf_valor_fuente_de_las_primeras_agua_039,Transnevada RF - Valor - Fuente de las Primeras Aguas,ciclismo,2023,5,2023-05-01,0.34112369939498605,0.0898177552298758,0.21630904783275726,0.24416598764822034,0.4353543528872173,0.1268595783912531,GEE:S2_SR_HARMONIZED
pn_sierra_nevada_ciclismo_transnevada_rg_yegen_mecina_bombaron_yegen_040,Transnevada RG - Yegen - Mecina Bombaron - Yegen,ciclismo,2023,5,2023-05-01,0.2937917725851079,0.0856889152937671,0.21303003899684866,0.20506823662915713,0.3691665238471673,0.12460658560776566,GEE:S2_SR_HARMONIZED
pn_sierra_nevada_ciclismo_transnevada_rh_capileira_refugio_poqueira_041,Transnevada RH - Capileira - Refugio Poqueira,ciclismo,2023,5,2023-05-01,0.30192253301083855,0.12660525678660922,0.1992657713681513,0.1778905545529442,0.4316596171673717,0.16584141087827192,GEE:S2_SR_HARMONIZED
pn_sierra_nevada_ciclismo_transnevada_rj_portugos_barranco_bermejo_portugo_042,Transnevada RJ - Portugos - Barranco Bermejo - Portugos,ciclismo,2023,5,2023-05-01,0.3874213374539853,0.14322092555524585,0.25713484551982363,0.28709007032853956,0.490109776071232,0.1371815648444513,GEE:S2_SR_HARMONIZED
pn_sierra_nevada_ciclismo_transnevada_rk_padre_eterno_ar_puente_palo_padre_043,Transnevada RK - Padre Eterno - AR Puente Palo - Padre Eterno,ciclismo,2023,5,2023-05-01,0.28732885735531966,0.07201852977334662,0.2287708604809169,0.22464052052847372,0.3496792342700591,0.08847799036045198,GEE:S2_SR_HARMONIZED
pn_sierra_nevada_ciclismo_transnevada_rc_abrucena_la_polarda_044,Transnevada RC - Abrucena - La Polarda,ciclismo,2023,5,2023-05-01,0.3667178060968002,0.1090803756498579,0.23309733007500327,0.22846304926845726,0.5018895019034049,0.16494041522651598,GEE:S2_SR_HARMONIZED
pn_sierra_nevada_ciclismo_transnevada_rd_laujar_andarax_loma_raspa_laujar__045,Transnevada RD - Laujar Andarax - Loma Raspa - Laujar Andarax,ciclismo,2023,5,2023-05-01,0.3470282052039697,0.1017911567693778,0.22949151502912113,0.21686186536221497,0.47061556330626536,0.1650367786493321,GEE:S2_SR_HARMONIZED
pn_sierra_nevada_ciclismo_transnevada_ri_niguelas_la_rinconada_niguelas_046,Transnevada RI - Niguelas - La Rinconada - Niguelas,ciclismo,2023,5,2023-05-01,0.2763278400497583,0.0648157527625924,0.20943188144927743,0.21278649974207217,0.3341039435417288,0.0940704297919538,GEE:S2_SR_HARMONIZED
pn_sierra_nevada_ciclismo_transnevada_invierno_047,TRANSNEVADA INVIERNO,ciclismo,2023,5,2023-05-01,0.3460664540020942,0.12577523741118707,0.2438329900700355,0.24414134582375283,0.4394111714781335,0.13494990606439647,GEE:S2_SR_HARMONIZED
pn_sierra_nevada_ciclismo_transnevada_verano_048,TRANSNEVADA VERANO,ciclismo,2023,5,2023-05-01,0.34885220758150753,0.13139593121658882,0.2473087150302754,0.24800691037747363,0.44340226866829835,0.13718853169453873,GEE:S2_SR_HARMONIZED
pn_sierra_nevada_ciclismo_transnevada_ra_guejar_sierra_pena_partida_049,Transnevada RA - Güejar Sierra - Peña Partida,ciclismo,2023,5,2023-05-01,0.28733527443622475,0.07139302172603648,0.2114797004345213,0.2012547779084245,0.3496739773001146,0.11312045616927305,GEE:S2_SR_HARMONIZED
pn_sierra_nevada_ciclismo_transnevada_rb_lanteira_postero_alto_lanteira_050,Transnevada RB - Lanteira - Postero Alto - Lanteira,ciclismo,2023,5,2023-05-01,0.3131695192512911,0.2156553469531166,0.25253886834529315,0.26367448484402867,0.3692284100963362,0.091972410110092,GEE:S2_SR_HARMONIZED
pn_sierra_nevada_ciclismo_transnevada_re_bayarcal_laguna_seca_051,Transnevada RE - Bayarcal - Laguna Seca,ciclismo,2023,5,2023-05-01,0.3740143799341831,0.15182599534323704,0.24256518625192272,0.27555902500896556,0.47072026601015576,0.12053904377564648,GEE:S2_SR_HARMONIZED
pn_sierra_nevada_ciclismo_carril_cicloturista_la_zubia_cumbres_verdes_052,CARRIL CICLOTURISTA LA ZUBIA-CUMBRES VERDES,ciclismo,2023,5,2023-05-01,0.3708914508075891,0.022106872145490307,0.2212557675642517,0.32893982936394506,0.4307700796270849,0.08718178165837889,GEE:S2_SR_HARMONIZED
pn_sierra_nevada_senderismo_transnevada_rf_valor_fuente_de_las_primeras_agua_000,Transnevada RF - Valor - Fuente de las Primeras Aguas,senderismo,2023,6,2023-06-01,0.43639550318760933,0.09333136566794721,0.23386691409287108,0.31031498051310213,0.560671841958219,0.16769779688511469,GEE:S2_SR_HARMONIZED
pn_sierra_nevada_senderismo_transnevada_rg_yegen_mecina_bombaron_yegen_001,Transnevada RG - Yegen - Mecina Bombaron - Yegen,senderismo,2023,6,2023-06-01,0.3603900571987486,0.06950387737742549,0.20825744977008528,0.2206416222109115,0.4861953157675079,0.1837280607677495,GEE:S2_SR_HARMONIZED
pn_sierra_nevada_senderismo_transnevada_rh_capileira_refugio_poqueira_002,Transnevada RH - Capileira - Refugio Poqueira,senderismo,2023,6,2023-06-01,0.3647620005542034,0.10636485330006967,0.21191290211575406,0.22457718013914202,0.5020233557300486,0.18500916554896749,GEE:S2_SR_HARMONIZED
pn_sierra_nevada_senderismo_transnevada_rj_portugos_barranco_bermejo_portugo_003,Transnevada RJ - Portugos - Barranco Bermejo - Portugos,senderismo,2023,6,2023-06-01,0.4349248766330456,0.12558788072340923,0.258073211800721,0.3183722193155568,0.5566472139354586,0.16137118051091676,GEE:S2_SR_HARMONIZED
pn_sierra_nevada_senderismo_transnevada_rk_padre_eterno_ar_puente_palo_padre_004,Transnevada RK - Padre Eterno - AR Puente Palo - Padre Eterno,senderismo,2023,6,2023-06-01,0.3902127247715832,0.05010482363323463,0.25115309443694905,0.2714139070989756,0.5018303957860282,0.15535587212879165,GEE:S2_SR_HARMONIZED
pn_sierra_nevada_senderismo_transnevada_rc_abrucena_la_polarda_005,Transnevada RC - Abrucena - La Polarda,senderismo,2023,6,2023-06-01,0.3937754549426431,0.08952268970754362,0.2394286199341684,0.2517480094891504,0.5291622137127758,0.17061263148871866,GEE:S2_SR_HARMONIZED
pn_sierra_nevada_senderismo_transnevada_rd_laujar_andarax_loma_raspa_laujar__006,Transnevada RD - Laujar Andarax - Loma Raspa - Laujar Andarax,senderismo,2023,6,2023-06-01,0.38772135759451165,0.07960642897298313,0.2272211025587239,0.23617586889207956,0.5408065515532806,0.19162818306352383,GEE:S2_SR_HARMONIZED
pn_sierra_nevada_senderismo_transnevada_ri_niguelas_la_rinconada_niguelas_007,Transnevada RI - Niguelas - La Rinconada - Niguelas,senderismo,2023,6,2023-06-01,0.3709514269492177,0.06467762838065484,0.24650799158505332,0.2518383895739969,0.47841912642575024,0.16010721741928233,GEE:S2_SR_HARMONIZED
pn_sierra_nevada_senderismo_acequias_del_poqueira_008,Acequias del Poqueira,senderismo,2023,6,2023-06-01,0.480266280550902,0.13063994309262064,0.31970699097661714,0.34558024632202156,0.6153015920206178,0.1738115715688811,GEE:S2_SR_HARMONIZED
pn_sierra_nevada_senderismo_canal_de_la_espartera_arenales_del_trevenque_009,Canal de la Espartera - Arenales del Trevenque,senderismo,2023,6,2023-06-01,0.4348731153341705,0.06932853126323794,0.25464878920993006,0.2402760014493587,0.6269181622202067,0.23570079915556852,GEE:S2_SR_HARMONIZED
pn_sierra_nevada_senderismo_cerro_huenes_010,Cerro Huenes,senderismo,2023,6,2023-06-01,0.5443940136914734,0.1440863976661704,0.3133444746404608,0.3887267705113208,0.7089146140525799,0.18882869609608072,GEE:S2_SR_HARMONIZED
pn_sierra_nevada_senderismo_el_aguadero_011,El Aguadero,senderismo,2023,6,2023-06-01,0.44000629531521557,0.08457383817802543,0.26707642065289716,0.31036258815171336,0.5684234610728501,0.1652469380035052,GEE:S2_SR_HARMONIZED
pn_sierra_nevada_senderismo_haza_larguilla_012,Haza Larguilla,senderismo,2023,6,2023-06-01,0.33167320403601674,-0.05054160280558898,0.19200728276733547,0.2246043395166753,0.42343168482903115,0.12347089615803168,GEE:S2_SR_HARMONIZED
pn_sierra_nevada_senderismo_hoya_del_portillo_refugio_poqueira_013,Hoya del Portillo - Refugio Poqueira,senderismo,2023,6,2023-06-01,0.3958887431426801,0.08467651748948053,0.22901613587003675,0.2949190421150443,0.45937914545634795,0.15833864878950948,GEE:S2_SR_HARMONIZED
pn_sierra_nevada_senderismo_jerez_del_marquesado_postero_alto_014,Jerez del Marquesado - Postero Alto,senderismo,2023,6,2023-06-01,0.44348688702480277,0.16754010904184885,0.24270266453982092,0.27123659195751487,0.6308740577318259,0.2198193529259915,GEE:S2_SR_HARMONIZED
pn_sierra_nevada_senderismo_ragua_aldeire_015,Ragua - Aldeire,senderismo,2023,6,2023-06-01,0.545297600761821,0.18616532292658708,0.3144885251797604,0.3690299206814872,0.7322384531124649,0.21635814836417103,GEE:S2_SR_HARMONIZED
pn_sierra_nevada_senderismo_transnevada_invierno_016,TRANSNEVADA INVIERNO,senderismo,2023,6,2023-06-01,0.43182883268669914,0.10642298836181589,0.2550826996307016,0.2929370064139638,0.5741671523424163,0.18389649886832163,GEE:S2_SR_HARMONIZED
pn_sierra_nevada_senderismo_transnevada_verano_017,TRANSNEVADA VERANO,senderismo,2023,6,2023-06-01,0.43621310928270285,0.11169435797223264,0.2585534050599955,0.29294357851353786,0.5820067263229616,0.1858208475482636,GEE:S2_SR_HARMONIZED
pn_sierra_nevada_senderismo_transnevada_ra_guejar_sierra_pena_partida_018,Transnevada RA - Güejar Sierra - Peña Partida,senderismo,2023,6,2023-06-01,0.3942429174289423,0.07088304786203353,0.26309260906907483,0.2716722524447311,0.5021431018087006,0.16943146481217955,GEE:S2_SR_HARMONIZED
pn_sierra_nevada_senderismo_transnevada_rb_lanteira_postero_alto_lanteira_019,Transnevada RB - Lanteira - Postero Alto - Lanteira,senderismo,2023,6,2023-06-01,0.45314495714837366,0.1633481656438964,0.2489707476974667,0.3222869153985415,0.5996235893107176,0.1923063405754266,GEE:S2_SR_HARMONIZED
pn_sierra_nevada_senderismo_transnevada_re_bayarcal_laguna_seca_020,Transnevada RE - Bayarcal - Laguna Seca,senderismo,2023,6,2023-06-01,0.47403437029319534,0.14629255378750036,0.2502243193432109,0.32634684185270496,0.6269912047989966,0.18670221982147323,GEE:S2_SR_HARMONIZED
pn_sierra_nevada_senderismo_la_cebadilla_021,La Cebadilla,senderismo,2023,6,2023-06-01,0.5232447023545514,0.13849366249642628,0.35452716905060017,0.38473765014061856,0.6739000222348269,0.18745419986297593,GEE:S2_SR_HARMONIZED
pn_sierra_nevada_senderismo_la_silleta_022,La Silleta,senderismo,2023,6,2023-06-01,0.39851470657403865,0.0058582133275413666,0.21912730515408688,0.27546785997369894,0.5331511896204953,0.1655729760319682,GEE:S2_SR_HARMONIZED
pn_sierra_nevada_senderismo_lanjaron_tello_023,Lanjaron - Tello,senderismo,2023,6,2023-06-01,0.5125569862475005,0.10277575320724587,0.3521282610923602,0.3574529616413021,0.6538704212499358,0.18111546370356563,GEE:S2_SR_HARMONIZED
pn_sierra_nevada_senderismo_molinos_de_isfalada_024,Molinos de Isfalada,senderismo,2023,6,2023-06-01,0.4163470233321896,0.09045465428551175,0.23618069428709867,0.27146448190544026,0.5328362830018285,0.1962672312468636,GEE:S2_SR_HARMONIZED
pn_sierra_nevada_senderismo_monterrey_025,Monterrey,senderismo,2023,6,2023-06-01,0.48622009219835405,0.07775091706401743,0.2849985831513419,0.3573232186265954,0.611469898925191,0.1690488811829911,GEE:S2_SR_HARMONIZED
pn_sierra_nevada_senderismo_puente_palo_026,Puente Palo,senderismo,2023,6,2023-06-01,0.5986994688397483,0.1901205861157281,0.35746421798240646,0.5294584409997061,0.6852450936419925,0.12026641510957235,GEE:S2_SR_HARMONIZED
pn_sierra_nevada_senderismo_ragua_hoyos_de_pura_027,Ragua - Hoyos de Pura,senderismo,2023,6,2023-06-01,0.5810456307879085,0.23955893205383486,0.2951488606626184,0.5018377304077148,0.7601418807184447,0.2239049131138012,GEE:S2_SR_HARMONIZED
pn_sierra_nevada_senderismo_ragua_lagunilla_seca_028,Ragua - Lagunilla Seca,senderismo,2023,6,2023-06-01,0.4863824470009968,0.14387868152202246,0.26513791665190495,0.3768575046182463,0.6153008159225001,0.15379855111410237,GEE:S2_SR_HARMONIZED
pn_sierra_nevada_senderismo_rio_alhama_029,Río Alhama,senderismo,2023,6,2023-06-01,0.39768041835476925,0.045853555523493184,0.23055550023986493,0.2598652094949027,0.5101835334214161,0.18797527653445859,GEE:S2_SR_HARMONIZED
pn_sierra_nevada_senderismo_rio_bermejo_030,Río Bermejo,senderismo,2023,6,2023-06-01,0.5076066210115284,0.1590506699833613,0.3133388753046534,0.40055095739539576,0.6309814277138392,0.1879480417812729,GEE:S2_SR_HARMONIZED
pn_sierra_nevada_senderismo_rio_grande_de_los_berchules_031,Río Grande de los Berchules,senderismo,2023,6,2023-06-01,0.5101696131544895,0.17195711484397905,0.32485103193976145,0.3493629666847944,0.6736741370778171,0.19893058331530633,GEE:S2_SR_HARMONIZED
pn_sierra_nevada_senderismo_trevelez_siete_lagunas_032,Trevélez - Siete Lagunas,senderismo,2023,6,2023-06-01,0.4566837812155067,0.13587345968370612,0.2944483697709332,0.2986812957457372,0.6310084260289105,0.20954458394999356,GEE:S2_SR_HARMONIZED
pn_sierra_nevada_senderismo_ubeire_033,Ubeire,senderismo,2023,6,2023-06-01,0.5438331328872075,0.15096539654944,0.28990542086797116,0.4317774872527753,0.6580356660080913,0.15358080087258244,GEE:S2_SR_HARMONIZED
pn_sierra_nevada_senderismo_sulayr_034,SULAYR,senderismo,2023,6,2023-06-01,0.48763157139493063,0.1367218827764234,0.2879352260893381,0.34762301138012325,0.6367583491428211,0.18432367324260118,GEE:S2_SR_HARMONIZED
pn_sierra_nevada_senderismo_carril_cicloturista_la_zubia_cumbres_verdes_035,CARRIL CICLOTURISTA LA ZUBIA-CUMBRES VERDES,senderismo,2023,6,2023-06-01,0.4642672748671891,-0.009487468569065844,0.23535462609913918,0.35260158906221933,0.58416635513066,0.15837615892288776,GEE:S2_SR_HARMONIZED
pn_sierra_nevada_senderismo_dehesa_del_camarate_036,Dehesa del Camarate,senderismo,2023,6,2023-06-01,0.5455147618229944,0.12371111921359101,0.3341875291303638,0.4162695647648403,0.6774173572869049,0.16709435955113192,GEE:S2_SR_HARMONIZED
pn_sierra_nevada_senderismo_pueblos_del_poqueira_037,PUEBLOS DEL POQUEIRA,senderismo,2023,6,2023-06-01,0.5854906173975228,0.17916620947439063,0.40540108802192065,0.47425617773253215,0.7400243934384342,0.20426610634666667,GEE:S2_SR_HARMONIZED
pn_sierra_nevada_senderismo_ragua_barranco_del_hornillo_038,Ragua - Barranco del Hornillo,senderismo,2023,6,2023-06-01,0.6663875303685328,0.254320554759132,0.3173288486807964,0.5527032153688003,0.7832151786919341,0.14926754696395786,GEE:S2_SR_HARMONIZED
pn_sierra_nevada_ciclismo_transnevada_rf_valor_fuente_de_las_primeras_agua_039,Transnevada RF - Valor - Fuente de las Primeras Aguas,ciclismo,2023,6,2023-06-01,0.43639550318760933,0.09333136566794721,0.23386691409287108,0.31031498051310213,0.560671841958219,0.16769779688511469,GEE:S2_SR_HARMONIZED
pn_sierra_nevada_ciclismo_transnevada_rg_yegen_mecina_bombaron_yegen_040,Transnevada RG - Yegen - Mecina Bombaron - Yegen,ciclismo,2023,6,2023-06-01,0.3603900571987486,0.06950387737742549,0.20825744977008528,0.2206416222109115,0.4861953157675079,0.1837280607677495,GEE:S2_SR_HARMONIZED
pn_sierra_nevada_ciclismo_transnevada_rh_capileira_refugio_poqueira_041,Transnevada RH - Capileira - Refugio Poqueira,ciclismo,2023,6,2023-06-01,0.3647620005542034,0.10636485330006967,0.21191290211575406,0.22457718013914202,0.5020233557300486,0.18500916554896749,GEE:S2_SR_HARMONIZED
pn_sierra_nevada_ciclismo_transnevada_rj_portugos_barranco_bermejo_portugo_042,Transnevada RJ - Portugos - Barranco Bermejo - Portugos,ciclismo,2023,6,2023-06-01,0.4349248766330456,0.12558788072340923,0.258073211800721,0.3183722193155568,0.5566472139354586,0.16137118051091676,GEE:S2_SR_HARMONIZED
pn_sierra_nevada_ciclismo_transnevada_rk_padre_eterno_ar_puente_palo_padre_043,Transnevada RK - Padre Eterno - AR Puente Palo - Padre Eterno,ciclismo,2023,6,2023-06-01,0.3902127247715832,0.05010482363323463,0.25115309443694905,0.2714139070989756,0.5018303957860282,0.15535587212879165,GEE:S2_SR_HARMONIZED
pn_sierra_nevada_ciclismo_transnevada_rc_abrucena_la_polarda_044,Transnevada RC - Abrucena - La Polarda,ciclismo,2023,6,2023-06-01,0.3937754549426431,0.08952268970754362,0.2394286199341684,0.2517480094891504,0.5291622137127758,0.17061263148871866,GEE:S2_SR_HARMONIZED
pn_sierra_nevada_ciclismo_transnevada_rd_laujar_andarax_loma_raspa_laujar__045,Transnevada RD - Laujar Andarax - Loma Raspa - Laujar Andarax,ciclismo,2023,6,2023-06-01,0.38772135759451165,0.07960642897298313,0.2272211025587239,0.23617586889207956,0.5408065515532806,0.19162818306352383,GEE:S2_SR_HARMONIZED
pn_sierra_nevada_ciclismo_transnevada_ri_niguelas_la_rinconada_niguelas_046,Transnevada RI - Niguelas - La Rinconada - Niguelas,ciclismo,2023,6,2023-06-01,0.3709514269492177,0.06467762838065484,0.24650799158505332,0.2518383895739969,0.47841912642575024,0.16010721741928233,GEE:S2_SR_HARMONIZED
pn_sierra_nevada_ciclismo_transnevada_invierno_047,TRANSNEVADA INVIERNO,ciclismo,2023,6,2023-06-01,0.43182883268669914,0.10642298836181589,0.2550826996307016,0.2929370064139638,0.5741671523424163,0.18389649886832163,GEE:S2_SR_HARMONIZED
pn_sierra_nevada_ciclismo_transnevada_verano_048,TRANSNEVADA VERANO,ciclismo,2023,6,2023-06-01,0.43621310928270285,0.11169435797223264,0.2585534050599955,0.29294357851353786,0.5820067263229616,0.1858208475482636,GEE:S2_SR_HARMONIZED
pn_sierra_nevada_ciclismo_transnevada_ra_guejar_sierra_pena_partida_049,Transnevada RA - Güejar Sierra - Peña Partida,ciclismo,2023,6,2023-06-01,0.3942429174289423,0.07088304786203353,0.26309260906907483,0.2716722524447311,0.5021431018087006,0.16943146481217955,GEE:S2_SR_HARMONIZED
pn_sierra_nevada_ciclismo_transnevada_rb_lanteira_postero_alto_lanteira_050,Transnevada RB - Lanteira - Postero Alto - Lanteira,ciclismo,2023,6,2023-06-01,0.45314495714837366,0.1633481656438964,0.2489707476974667,0.3222869153985415,0.5996235893107176,0.1923063405754266,GEE:S2_SR_HARMONIZED
pn_sierra_nevada_ciclismo_transnevada_re_bayarcal_laguna_seca_051,Transnevada RE - Bayarcal - Laguna Seca,ciclismo,2023,6,2023-06-01,0.47403437029319534,0.14629255378750036,0.2502243193432109,0.32634684185270496,0.6269912047989966,0.18670221982147323,GEE:S2_SR_HARMONIZED
pn_sierra_nevada_ciclismo_carril_cicloturista_la_zubia_cumbres_verdes_052,CARRIL CICLOTURISTA LA ZUBIA-CUMBRES VERDES,ciclismo,2023,6,2023-06-01,0.4642672748671891,-0.009487468569065844,0.23535462609913918,0.35260158906221933,0.58416635513066,0.15837615892288776,GEE:S2_SR_HARMONIZED
pn_sierra_nevada_senderismo_transnevada_rf_valor_fuente_de_las_primeras_agua_000,Transnevada RF - Valor - Fuente de las Primeras Aguas,senderismo,2023,7,2023-07-01,0.4130204351117294,0.1129147499593624,0.23757190754430366,0.27943550575112885,0.5409141657837806,0.16567145107691875,GEE:S2_SR_HARMONIZED
pn_sierra_nevada_senderismo_transnevada_rg_yegen_mecina_bombaron_yegen_001,Transnevada RG - Yegen - Mecina Bombaron - Yegen,senderismo,2023,7,2023-07-01,0.3500876508423464,0.08353776105560946,0.21112952622919273,0.21693298541269948,0.46674574400070545,0.1742815532697902,GEE:S2_SR_HARMONIZED
pn_sierra_nevada_senderismo_transnevada_rh_capileira_refugio_poqueira_002,Transnevada RH - Capileira - Refugio Poqueira,senderismo,2023,7,2023-07-01,0.3612089653679838,0.11423323908907951,0.21082648005170032,0.21667799057892528,0.5016753259939299,0.18825093389796557,GEE:S2_SR_HARMONIZED
pn_sierra_nevada_senderismo_transnevada_rj_portugos_barranco_bermejo_portugo_003,Transnevada RJ - Portugos - Barranco Bermejo - Portugos,senderismo,2023,7,2023-07-01,0.4070579058376713,0.11449493358253247,0.24075464960391818,0.2910330170933793,0.5254051755589035,0.15589495075148313,GEE:S2_SR_HARMONIZED
pn_sierra_nevada_senderismo_transnevada_rk_padre_eterno_ar_puente_palo_padre_004,Transnevada RK - Padre Eterno - AR Puente Palo - Padre Eterno,senderismo,2023,7,2023-07-01,0.3486871492871152,0.03484258543635095,0.2251960298312519,0.21682189028337284,0.45888075604644935,0.161424819119621,GEE:S2_SR_HARMONIZED
pn_sierra_nevada_senderismo_transnevada_rc_abrucena_la_polarda_005,Transnevada RC - Abrucena - La Polarda,senderismo,2023,7,2023-07-01,0.3742237682269828,0.1083712746131661,0.22450620392846304,0.2364150703910897,0.5058517001210927,0.16433378588359898,GEE:S2_SR_HARMONIZED
pn_sierra_nevada_senderismo_transnevada_rd_laujar_andarax_loma_raspa_laujar__006,Transnevada RD - Laujar Andarax - Loma Raspa - Laujar Andarax,senderismo,2023,7,2023-07-01,0.3672122710677767,0.09421160946759348,0.2153557907214982,0.22475646446979966,0.505808660544607,0.17685552019639625,GEE:S2_SR_HARMONIZED
pn_sierra_nevada_senderismo_transnevada_ri_niguelas_la_rinconada_niguelas_007,Transnevada RI - Niguelas - La Rinconada - Niguelas,senderismo,2023,7,2023-07-01,0.33222052308407857,0.057555095094686586,0.2255593025856855,0.22072040365837564,0.43561571636794577,0.14634958722300911,GEE:S2_SR_HARMONIZED
pn_sierra_nevada_senderismo_acequias_del_poqueira_008,Acequias del Poqueira,senderismo,2023,7,2023-07-01,0.4433010565906696,0.12641827264216782,0.3028844370675564,0.31077456226065137,0.5683510627434508,0.16566525870581755,GEE:S2_SR_HARMONIZED
pn_sierra_nevada_senderismo_canal_de_la_espartera_arenales_del_trevenque_009,Canal de la Espartera - Arenales del Trevenque,senderismo,2023,7,2023-07-01,0.3782551186462849,0.05747510824306736,0.23317087229184788,0.20904055558810028,0.544585604391487,0.2049501119803946,GEE:S2_SR_HARMONIZED
pn_sierra_nevada_senderismo_cerro_huenes_010,Cerro Huenes,senderismo,2023,7,2023-07-01,0.4932694302665667,0.1319189129648062,0.2944101186184391,0.3455602428929262,0.646394852226444,0.17359674182035986,GEE:S2_SR_HARMONIZED
pn_sierra_nevada_senderismo_el_aguadero_011,El Aguadero,senderismo,2023,7,2023-07-01,0.4212073364437361,0.11101409125793593,0.2484583062488395,0.2989199786985648,0.5447971538671624,0.15847064966146873,GEE:S2_SR_HARMONIZED
pn_sierra_nevada_senderismo_haza_larguilla_012,Haza Larguilla,senderismo,2023,7,2023-07-01,0.25266343887643483,-0.07055034714936582,0.15619514508309362,0.18845454000512882,0.3116018124476627,0.07819940448678536,GEE:S2_SR_HARMONIZED
pn_sierra_nevada_senderismo_hoya_del_portillo_refugio_poqueira_013,Hoya del Portillo - Refugio Poqueira,senderismo,2023,7,2023-07-01,0.3889923643033589,0.10321598959101409,0.23069866266629188,0.28309058007726706,0.4515289083193701,0.1601432309966623,GEE:S2_SR_HARMONIZED
pn_sierra_nevada_senderismo_jerez_del_marquesado_postero_alto_014,Jerez del Marquesado - Postero Alto,senderismo,2023,7,2023-07-01,0.42634541484265004,0.17992798063558427,0.24367448890315863,0.2636475141084435,0.5956716857116241,0.20185648450934837,GEE:S2_SR_HARMONIZED
pn_sierra_nevada_senderismo_ragua_aldeire_015,Ragua - Aldeire,senderismo,2023,7,2023-07-01,0.5051801770909384,0.18694253336106523,0.2976658418116071,0.3261970913005553,0.6972686637062929,0.20910367751006567,GEE:S2_SR_HARMONIZED
pn_sierra_nevada_senderismo_transnevada_invierno_016,TRANSNEVADA INVIERNO,senderismo,2023,7,2023-07-01,0.4062535134847727,0.11117234816218932,0.24628540561280585,0.27148095700654107,0.5370804836910117,0.17424248944505935,GEE:S2_SR_HARMONIZED
pn_sierra_nevada_senderismo_transnevada_verano_017,TRANSNEVADA VERANO,senderismo,2023,7,2023-07-01,0.4106763151297608,0.11560978806679895,0.24919075492601267,0.2714637644817081,0.548859982159243,0.17727199313132366,GEE:S2_SR_HARMONIZED
pn_sierra_nevada_senderismo_transnevada_ra_guejar_sierra_pena_partida_018,Transnevada RA - Güejar Sierra - Peña Partida,senderismo,2023,7,2023-07-01,0.3396248167345336,0.04932879135195183,0.23319272895735874,0.2288064257365242,0.42801398049608685,0.14970266283070024,GEE:S2_SR_HARMONIZED
pn_sierra_nevada_senderismo_transnevada_rb_lanteira_postero_alto_lanteira_019,Transnevada RB - Lanteira - Postero Alto - Lanteira,senderismo,2023,7,2023-07-01,0.44045026359696826,0.18167228877427033,0.2548582793180585,0.3223080747335648,0.5760406192420701,0.17504601991042565,GEE:S2_SR_HARMONIZED
pn_sierra_nevada_senderismo_transnevada_re_bayarcal_laguna_seca_020,Transnevada RE - Bayarcal - Laguna Seca,senderismo,2023,7,2023-07-01,0.46206760439819367,0.17052304767853632,0.2580599995122606,0.3260320892833055,0.6074871789113142,0.17422240230449787,GEE:S2_SR_HARMONIZED
pn_sierra_nevada_senderismo_la_cebadilla_021,La Cebadilla,senderismo,2023,7,2023-07-01,0.46583420822413313,0.11696616435212524,0.32031976118352157,0.329935178127671,0.5992588260060105,0.17491830236772957,GEE:S2_SR_HARMONIZED
pn_sierra_nevada_senderismo_la_silleta_022,La Silleta,senderismo,2023,7,2023-07-01,0.35328411313514463,-0.0025844934760854196,0.20400097968756345,0.23234500233005015,0.4743592451259171,0.1493395141824747,GEE:S2_SR_HARMONIZED
pn_sierra_nevada_senderismo_lanjaron_tello_023,Lanjaron - Tello,senderismo,2023,7,2023-07-01,0.4419623760145437,0.05301740000472566,0.3029203675036238,0.2791657547201901,0.5801376052622526,0.19087171326064228,GEE:S2_SR_HARMONIZED
pn_sierra_nevada_senderismo_molinos_de_isfalada_024,Molinos de Isfalada,senderismo,2023,7,2023-07-01,0.35730933163317724,0.0693322350176515,0.20784382879581328,0.23261606464087078,0.45481709154703953,0.17497249506399964,GEE:S2_SR_HARMONIZED
pn_sierra_nevada_senderismo_monterrey_025,Monterrey,senderismo,2023,7,2023-07-01,0.4501753348913778,0.09973898143675033,0.2590836466209708,0.33023880954627355,0.560351974273756,0.15710123907807763,GEE:S2_SR_HARMONIZED
pn_sierra_nevada_senderismo_puente_palo_026,Puente Palo,senderismo,2023,7,2023-07-01,0.5787213760052105,0.193728296827968,0.34768870867733104,0.5017819044402468,0.6700917363252141,0.12226470258452089,GEE:S2_SR_HARMONIZED
pn_sierra_nevada_senderismo_ragua_hoyos_de_pura_027,Ragua - Hoyos de Pura,senderismo,2023,7,2023-07-01,0.5690758220306007,0.25896645604882634,0.2995711022895249,0.4967532977461815,0.736104219841836,0.21112334518419962,GEE:S2_SR_HARMONIZED
pn_sierra_nevada_senderismo_ragua_lagunilla_seca_028,Ragua - Lagunilla Seca,senderismo,2023,7,2023-07-01,0.46284995979741206,0.16420467688558496,0.2658556942094966,0.3497064509805004,0.5883116091736186,0.15015505866784412,GEE:S2_SR_HARMONIZED
pn_sierra_nevada_senderismo_rio_alhama_029,Río Alhama,senderismo,2023,7,2023-07-01,0.34425403925716036,0.03207175718286518,0.20657529433805927,0.20511212096622983,0.4627636660022982,0.18785885764733654,GEE:S2_SR_HARMONIZED
pn_sierra_nevada_senderismo_rio_bermejo_030,Río Bermejo,senderismo,2023,7,2023-07-01,0.4671984492728119,0.1392903116017306,0.28667798995202076,0.3613474912470533,0.5877032492286127,0.1760169992850092,GEE:S2_SR_HARMONIZED
pn_sierra_nevada_senderismo_rio_grande_de_los_berchules_031,Río Grande de los Berchules,senderismo,2023,7,2023-07-01,0.470060143858389,0.16030740904959334,0.3022991231602562,0.32218993560482756,0.6231160534440259,0.18174602583394878,GEE:S2_SR_HARMONIZED
pn_sierra_nevada_senderismo_trevelez_siete_lagunas_032,Trevélez - Siete Lagunas,senderismo,2023,7,2023-07-01,0.440752785559557,0.15181488232371532,0.29507695430528014,0.29092258885130584,0.5872601786151874,0.199149136214096,GEE:S2_SR_HARMONIZED
pn_sierra_nevada_senderismo_ubeire_033,Ubeire,senderismo,2023,7,2023-07-01,0.49168439535277286,0.1481426137598289,0.27907885953633793,0.3925935682787164,0.5760422682463819,0.1369638794466353,GEE:S2_SR_HARMONIZED
pn_sierra_nevada_senderismo_sulayr_034,SULAYR,senderismo,2023,7,2023-07-01,0.4594659247764186,0.14542007497814663,0.2796284551870217,0.3222551360265377,0.5996166847375869,0.17412427228724472,GEE:S2_SR_HARMONIZED
pn_sierra_nevada_senderismo_carril_cicloturista_la_zubia_cumbres_verdes_035,CARRIL CICLOTURISTA LA ZUBIA-CUMBRES VERDES,senderismo,2023,7,2023-07-01,0.43319128683962105,-0.0010058904391691485,0.22584670974666965,0.33777844376420374,0.540981761789859,0.1428758112857868,GEE:S2_SR_HARMONIZED
pn_sierra_nevada_senderismo_dehesa_del_camarate_036,Dehesa del Camarate,senderismo,2023,7,2023-07-01,0.5124460590865456,0.12256535866182687,0.3204769383254716,0.3849349925133187,0.6499702871315662,0.1717883937635966,GEE:S2_SR_HARMONIZED
pn_sierra_nevada_senderismo_pueblos_del_poqueira_037,PUEBLOS DEL POQUEIRA,senderismo,2023,7,2023-07-01,0.5060922350484859,0.13653316277605954,0.3497979826213652,0.3690927311725311,0.6625184159676778,0.19871885232847405,GEE:S2_SR_HARMONIZED
pn_sierra_nevada_senderismo_ragua_barranco_del_hornillo_038,Ragua - Barranco del Hornillo,senderismo,2023,7,2023-07-01,0.6469552479372325,0.278037600635251,0.3170653210788874,0.5403428453760049,0.7590610586249212,0.1467355826618114,GEE:S2_SR_HARMONIZED
pn_sierra_nevada_ciclismo_transnevada_rf_valor_fuente_de_las_primeras_agua_039,Transnevada RF - Valor - Fuente de las Primeras Aguas,ciclismo,2023,7,2023-07-01,0.4130204351117294,0.1129147499593624,0.23757190754430366,0.27943550575112885,0.5409141657837806,0.16567145107691875,GEE:S2_SR_HARMONIZED
pn_sierra_nevada_ciclismo_transnevada_rg_yegen_mecina_bombaron_yegen_040,Transnevada RG - Yegen - Mecina Bombaron - Yegen,ciclismo,2023,7,2023-07-01,0.3500876508423464,0.08353776105560946,0.21112952622919273,0.21693298541269948,0.46674574400070545,0.1742815532697902,GEE:S2_SR_HARMONIZED
pn_sierra_nevada_ciclismo_transnevada_rh_capileira_refugio_poqueira_041,Transnevada RH - Capileira - Refugio Poqueira,ciclismo,2023,7,2023-07-01,0.3612089653679838,0.11423323908907951,0.21082648005170032,0.21667799057892528,0.5016753259939299,0.18825093389796557,GEE:S2_SR_HARMONIZED
pn_sierra_nevada_ciclismo_transnevada_rj_portugos_barranco_bermejo_portugo_042,Transnevada RJ - Portugos - Barranco Bermejo - Portugos,ciclismo,2023,7,2023-07-01,0.4070579058376713,0.11449493358253247,0.24075464960391818,0.2910330170933793,0.5254051755589035,0.15589495075148313,GEE:S2_SR_HARMONIZED
pn_sierra_nevada_ciclismo_transnevada_rk_padre_eterno_ar_puente_palo_padre_043,Transnevada RK - Padre Eterno - AR Puente Palo - Padre Eterno,ciclismo,2023,7,2023-07-01,0.3486871492871152,0.03484258543635095,0.2251960298312519,0.21682189028337284,0.45888075604644935,0.161424819119621,GEE:S2_SR_HARMONIZED
pn_sierra_nevada_ciclismo_transnevada_rc_abrucena_la_polarda_044,Transnevada RC - Abrucena - La Polarda,ciclismo,2023,7,2023-07-01,0.3742237682269828,0.1083712746131661,0.22450620392846304,0.2364150703910897,0.5058517001210927,0.16433378588359898,GEE:S2_SR_HARMONIZED
pn_sierra_nevada_ciclismo_transnevada_rd_laujar_andarax_loma_raspa_laujar__045,Transnevada RD - Laujar Andarax - Loma Raspa - Laujar Andarax,ciclismo,2023,7,2023-07-01,0.3672122710677767,0.09421160946759348,0.2153557907214982,0.22475646446979966,0.505808660544607,0.17685552019639625,GEE:S2_SR_HARMONIZED
pn_sierra_nevada_ciclismo_transnevada_ri_niguelas_la_rinconada_niguelas_046,Transnevada RI - Niguelas - La Rinconada - Niguelas,ciclismo,2023,7,2023-07-01,0.33222052308407857,0.057555095094686586,0.2255593025856855,0.22072040365837564,0.43561571636794577,0.14634958722300911,GEE:S2_SR_HARMONIZED
pn_sierra_nevada_ciclismo_transnevada_invierno_047,TRANSNEVADA INVIERNO,ciclismo,2023,7,2023-07-01,0.4062535134847727,0.11117234816218932,0.24628540561280585,0.27148095700654107,0.5370804836910117,0.17424248944505935,GEE:S2_SR_HARMONIZED
pn_sierra_nevada_ciclismo_transnevada_verano_048,TRANSNEVADA VERANO,ciclismo,2023,7,2023-07-01,0.4106763151297608,0.11560978806679895,0.24919075492601267,0.2714637644817081,0.548859982159243,0.17727199313132366,GEE:S2_SR_HARMONIZED
pn_sierra_nevada_ciclismo_transnevada_ra_guejar_sierra_pena_partida_049,Transnevada RA - Güejar Sierra - Peña Partida,ciclismo,2023,7,2023-07-01,0.3396248167345336,0.04932879135195183,0.23319272895735874,0.2288064257365242,0.42801398049608685,0.14970266283070024,GEE:S2_SR_HARMONIZED
pn_sierra_nevada_ciclismo_transnevada_rb_lanteira_postero_alto_lanteira_050,Transnevada RB - Lanteira - Postero Alto - Lanteira,ciclismo,2023,7,2023-07-01,0.44045026359696826,0.18167228877427033,0.2548582793180585,0.3223080747335648,0.5760406192420701,0.17504601991042565,GEE:S2_SR_HARMONIZED
pn_sierra_nevada_ciclismo_transnevada_re_bayarcal_laguna_seca_051,Transnevada RE - Bayarcal - Laguna Seca,ciclismo,2023,7,2023-07-01,0.46206760439819367,0.17052304767853632,0.2580599995122606,0.3260320892833055,0.6074871789113142,0.17422240230449787,GEE:S2_SR_HARMONIZED
pn_sierra_nevada_ciclismo_carril_cicloturista_la_zubia_cumbres_verdes_052,CARRIL CICLOTURISTA LA ZUBIA-CUMBRES VERDES,ciclismo,2023,7,2023-07-01,0.43319128683962105,-0.0010058904391691485,0.22584670974666965,0.33777844376420374,0.540981761789859,0.1428758112857868,GEE:S2_SR_HARMONIZED
pn_sierra_nevada_senderismo_transnevada_rf_valor_fuente_de_las_primeras_agua_000,Transnevada RF - Valor - Fuente de las Primeras Aguas,senderismo,2023,8,2023-08-01,0.387056257722787,0.09289371594011919,0.21263874470758443,0.23235906056873806,0.5371189381366632,0.18363056625854385,GEE:S2_SR_HARMONIZED
pn_sierra_nevada_senderismo_transnevada_rg_yegen_mecina_bombaron_yegen_001,Transnevada RG - Yegen - Mecina Bombaron - Yegen,senderismo,2023,8,2023-08-01,0.3233515672174493,0.06449493796441372,0.18698423201990166,0.18172979399665745,0.44714678920344914,0.18647878399853332,GEE:S2_SR_HARMONIZED
pn_sierra_nevada_senderismo_transnevada_rh_capileira_refugio_poqueira_002,Transnevada RH - Capileira - Refugio Poqueira,senderismo,2023,8,2023-08-01,0.3310189130965454,0.09821397779696714,0.18508438762522814,0.1816206046606009,0.47060894816620347,0.20086399101343305,GEE:S2_SR_HARMONIZED
pn_sierra_nevada_senderismo_transnevada_rj_portugos_barranco_bermejo_portugo_003,Transnevada RJ - Portugos - Barranco Bermejo - Portugos,senderismo,2023,8,2023-08-01,0.38193350388961816,0.10377413664475492,0.222629677689636,0.25573276307092574,0.5020718864263073,0.16103724147340662,GEE:S2_SR_HARMONIZED
pn_sierra_nevada_senderismo_transnevada_rk_padre_eterno_ar_puente_palo_padre_004,Transnevada RK - Padre Eterno - AR Puente Palo - Padre Eterno,senderismo,2023,8,2023-08-01,0.30981725812714755,0.008972264695863737,0.192515639579968,0.17399047199227763,0.41587479247858344,0.17041644332457256,GEE:S2_SR_HARMONIZED
pn_sierra_nevada_senderismo_transnevada_rc_abrucena_la_polarda_005,Transnevada RC - Abrucena - La Polarda,senderismo,2023,8,2023-08-01,0.3771629814183227,0.11602620481537157,0.2191153941457169,0.2247507531991629,0.5294885871212033,0.1786239280400172,GEE:S2_SR_HARMONIZED
pn_sierra_nevada_senderismo_transnevada_rd_laujar_andarax_loma_raspa_laujar__006,Transnevada RD - Laujar Andarax - Loma Raspa - Laujar Andarax,senderismo,2023,8,2023-08-01,0.3599779308404201,0.08846271388617948,0.2053593389393997,0.20903690596309416,0.5098077956274113,0.1837857337900203,GEE:S2_SR_HARMONIZED
pn_sierra_nevada_senderismo_transnevada_ri_niguelas_la_rinconada_niguelas_007,Transnevada RI - Niguelas - La Rinconada - Niguelas,senderismo,2023,8,2023-08-01,0.29479461568668813,0.029890036154154143,0.19390320942466896,0.18557058322440098,0.3847298327272264,0.1468589442368133,GEE:S2_SR_HARMONIZED
pn_sierra_nevada_senderismo_acequias_del_poqueira_008,Acequias del Poqueira,senderismo,2023,8,2023-08-01,0.3879128079313401,0.08996562347667006,0.25630527708310075,0.24819672572825563,0.5099320538698263,0.183566378199534,GEE:S2_SR_HARMONIZED
pn_sierra_nevada_senderismo_canal_de_la_espartera_arenales_del_trevenque_009,Canal de la Espartera - Arenales del Trevenque,senderismo,2023,8,2023-08-01,0.3670397018786455,0.047842149269799406,0.2133766973814521,0.18351435112872583,0.5350285688683696,0.21924905069150893,GEE:S2_SR_HARMONIZED
pn_sierra_nevada_senderismo_cerro_huenes_010,Cerro Huenes,senderismo,2023,8,2023-08-01,0.4890020709286386,0.13473271889139637,0.2783838325678169,0.3185310496641541,0.6663164433913561,0.1930073383913053,GEE:S2_SR_HARMONIZED
pn_sierra_nevada_senderismo_el_aguadero_011,El Aguadero,senderismo,2023,8,2023-08-01,0.4159609016752192,0.11167563732348923,0.2424359376966983,0.27904536299683014,0.5526276167373878,0.16809918147648437,GEE:S2_SR_HARMONIZED
pn_sierra_nevada_senderismo_haza_larguilla_012,Haza Larguilla,senderismo,2023,8,2023-08-01,0.20849368027270188,-0.0973341675609739,0.12921560598777493,0.15502891689538956,0.25094343126738095,0.06975347128983626,GEE:S2_SR_HARMONIZED
pn_sierra_nevada_senderismo_hoya_del_portillo_refugio_poqueira_013,Hoya del Portillo - Refugio Poqueira,senderismo,2023,8,2023-08-01,0.3610066937602025,0.08280928568059076,0.2055508585652841,0.2401368533204831,0.4118700254045862,0.18505577312410457,GEE:S2_SR_HARMONIZED
pn_sierra_nevada_senderismo_jerez_del_marquesado_postero_alto_014,Jerez del Marquesado - Postero Alto,senderismo,2023,8,2023-08-01,0.4218700287794975,0.17701151727855002,0.2289631506003323,0.23640244613350683,0.6111600058021489,0.21828000170518266,GEE:S2_SR_HARMONIZED
pn_sierra_nevada_senderismo_ragua_aldeire_015,Ragua - Aldeire,senderismo,2023,8,2023-08-01,0.4891449928699729,0.17314613583057578,0.2780809817839165,0.2711561713283844,0.7206726822570887,0.23798722709594952,GEE:S2_SR_HARMONIZED
pn_sierra_nevada_senderismo_transnevada_invierno_016,TRANSNEVADA INVIERNO,senderismo,2023,8,2023-08-01,0.38805458891901146,0.10055662439619671,0.22725133177790452,0.23631986994674534,0.5331596576031068,0.18786434128992124,GEE:S2_SR_HARMONIZED
pn_sierra_nevada_senderismo_transnevada_verano_017,TRANSNEVADA VERANO,senderismo,2023,8,2023-08-01,0.39230518139980247,0.10527858387355263,0.22985563297595651,0.2383108255571221,0.5430222962636703,0.19137324225337077,GEE:S2_SR_HARMONIZED
pn_sierra_nevada_senderismo_transnevada_ra_guejar_sierra_pena_partida_018,Transnevada RA - Güejar Sierra - Peña Partida,senderismo,2023,8,2023-08-01,0.2993092013877025,0.030938955674977772,0.20130432278236346,0.18951628324261383,0.3885800381719698,0.15099521175225858,GEE:S2_SR_HARMONIZED
pn_sierra_nevada_senderismo_transnevada_rb_lanteira_postero_alto_lanteira_019,Transnevada RB - Lanteira - Postero Alto - Lanteira,senderismo,2023,8,2023-08-01,0.44476714481152324,0.18333670458112566,0.24296774883568428,0.31055750653877245,0.5916548705205774,0.1917204707030169,GEE:S2_SR_HARMONIZED
pn_sierra_nevada_senderismo_transnevada_re_bayarcal_laguna_seca_020,Transnevada RE - Bayarcal - Laguna Seca,senderismo,2023,8,2023-08-01,0.45736656144431936,0.16732517283799397,0.2460763235258298,0.29109283926275614,0.6228536268715608,0.19481501451060362,GEE:S2_SR_HARMONIZED
pn_sierra_nevada_senderismo_la_cebadilla_021,La Cebadilla,senderismo,2023,8,2023-08-01,0.4188649591014321,0.08386947360346216,0.2777569609977294,0.25561713791308704,0.5639721275866587,0.20037767904169654,GEE:S2_SR_HARMONIZED
pn_sierra_nevada_senderismo_la_silleta_022,La Silleta,senderismo,2023,8,2023-08-01,0.3345198090230059,-0.010393855112292677,0.18851013467406466,0.21274650386060565,0.4592215067609654,0.15377000811237918,GEE:S2_SR_HARMONIZED
pn_sierra_nevada_senderismo_lanjaron_tello_023,Lanjaron - Tello,senderismo,2023,8,2023-08-01,0.38331597725600863,0.008479035268884745,0.25176608441757237,0.20876323681507364,0.5252773029907596,0.21279112679172388,GEE:S2_SR_HARMONIZED
pn_sierra_nevada_senderismo_molinos_de_isfalada_024,Molinos de Isfalada,senderismo,2023,8,2023-08-01,0.3272301983988219,0.06025663704960772,0.18680610027989544,0.18548738042891852,0.427506631995743,0.1908236517834958,GEE:S2_SR_HARMONIZED
pn_sierra_nevada_senderismo_monterrey_025,Monterrey,senderismo,2023,8,2023-08-01,0.4498007689963326,0.10633183379480023,0.25500806626792694,0.3266003133024168,0.5683504823252613,0.1621200243062091,GEE:S2_SR_HARMONIZED
pn_sierra_nevada_senderismo_puente_palo_026,Puente Palo,senderismo,2023,8,2023-08-01,0.5631882194998169,0.17907792763668862,0.32161140415266465,0.47034955584804483,0.6698715004979471,0.14115544698688606,GEE:S2_SR_HARMONIZED
pn_sierra_nevada_senderismo_ragua_hoyos_de_pura_027,Ragua - Hoyos de Pura,senderismo,2023,8,2023-08-01,0.5779562722394437,0.25997447993656386,0.2869907578288387,0.47444657065043944,0.7597015635523335,0.22727915946584445,GEE:S2_SR_HARMONIZED
pn_sierra_nevada_senderismo_ragua_lagunilla_seca_028,Ragua - Lagunilla Seca,senderismo,2023,8,2023-08-01,0.4402900008725092,0.1491675794231433,0.24176470125930305,0.3106245238986759,0.5797012359858764,0.17289051238059977,GEE:S2_SR_HARMONIZED
pn_sierra_nevada_senderismo_rio_alhama_029,Río Alhama,senderismo,2023,8,2023-08-01,0.3161222448168835,0.020573535935954516,0.1818763353411544,0.15405060919146357,0.43923997641816503,0.20394321008021396,GEE:S2_SR_HARMONIZED
pn_sierra_nevada_senderismo_rio_bermejo_030,Río Bermejo,senderismo,2023,8,2023-08-01,0.44456072738415003,0.12625179441184933,0.26674045993806406,0.3114076163221083,0.5761168938100392,0.18586241220751443,GEE:S2_SR_HARMONIZED
pn_sierra_nevada_senderismo_rio_grande_de_los_berchules_031,Río Grande de los Berchules,senderismo,2023,8,2023-08-01,0.4154377955684925,0.1218797410548297,0.2574354918007009,0.23631959097714678,0.5994916040813676,0.2065451918998003,GEE:S2_SR_HARMONIZED
pn_sierra_nevada_senderismo_trevelez_siete_lagunas_032,Trevélez - Siete Lagunas,senderismo,2023,8,2023-08-01,0.3916852645469672,0.11553851629926329,0.251131472048092,0.23620907206385724,0.5329199225261226,0.21193045167942023,GEE:S2_SR_HARMONIZED
pn_sierra_nevada_senderismo_ubeire_033,Ubeire,senderismo,2023,8,2023-08-01,0.49537621326360065,0.1477397834588123,0.2719545483357015,0.38859225806961234,0.5877174201759594,0.15071790170003138,GEE:S2_SR_HARMONIZED
pn_sierra_nevada_senderismo_sulayr_034,SULAYR,senderismo,2023,8,2023-08-01,0.43530158803060537,0.1269849840759516,0.25387536616795314,0.27536629760848846,0.5957785156132883,0.19452407273153005,GEE:S2_SR_HARMONIZED
pn_sierra_nevada_senderismo_carril_cicloturista_la_zubia_cumbres_verdes_035,CARRIL CICLOTURISTA LA ZUBIA-CUMBRES VERDES,senderismo,2023,8,2023-08-01,0.423646392905087,0.007021282075008545,0.2141168936004468,0.32116780313403726,0.5372833287687399,0.15066386972987894,GEE:S2_SR_HARMONIZED
pn_sierra_nevada_senderismo_dehesa_del_camarate_036,Dehesa del Camarate,senderismo,2023,8,2023-08-01,0.48811059840450705,0.11081384317395446,0.29558201582265753,0.3419719924847781,0.6424652190105736,0.1900193788359339,GEE:S2_SR_HARMONIZED
pn_sierra_nevada_senderismo_pueblos_del_poqueira_037,PUEBLOS DEL POQUEIRA,senderismo,2023,8,2023-08-01,0.46313805534748226,0.1121225341858003,0.3140794967283846,0.29114687229528863,0.6384260247371933,0.21661975587799498,GEE:S2_SR_HARMONIZED
pn_sierra_nevada_senderismo_ragua_barranco_del_hornillo_038,Ragua - Barranco del Hornillo,senderismo,2023,8,2023-08-01,0.6484532172591836,0.28035305521461645,0.3067832920761784,0.5184014408752836,0.7796460987450267,0.17011778484818538,GEE:S2_SR_HARMONIZED
pn_sierra_nevada_ciclismo_transnevada_rf_valor_fuente_de_las_primeras_agua_039,Transnevada RF - Valor - Fuente de las Primeras Aguas,ciclismo,2023,8,2023-08-01,0.387056257722787,0.09289371594011919,0.21263874470758443,0.23235906056873806,0.5371189381366632,0.18363056625854385,GEE:S2_SR_HARMONIZED
pn_sierra_nevada_ciclismo_transnevada_rg_yegen_mecina_bombaron_yegen_040,Transnevada RG - Yegen - Mecina Bombaron - Yegen,ciclismo,2023,8,2023-08-01,0.3233515672174493,0.06449493796441372,0.18698423201990166,0.18172979399665745,0.44714678920344914,0.18647878399853332,GEE:S2_SR_HARMONIZED
pn_sierra_nevada_ciclismo_transnevada_rh_capileira_refugio_poqueira_041,Transnevada RH - Capileira - Refugio Poqueira,ciclismo,2023,8,2023-08-01,0.3310189130965454,0.09821397779696714,0.18508438762522814,0.1816206046606009,0.47060894816620347,0.20086399101343305,GEE:S2_SR_HARMONIZED
pn_sierra_nevada_ciclismo_transnevada_rj_portugos_barranco_bermejo_portugo_042,Transnevada RJ - Portugos - Barranco Bermejo - Portugos,ciclismo,2023,8,2023-08-01,0.38193350388961816,0.10377413664475492,0.222629677689636,0.25573276307092574,0.5020718864263073,0.16103724147340662,GEE:S2_SR_HARMONIZED
pn_sierra_nevada_ciclismo_transnevada_rk_padre_eterno_ar_puente_palo_padre_043,Transnevada RK - Padre Eterno - AR Puente Palo - Padre Eterno,ciclismo,2023,8,2023-08-01,0.30981725812714755,0.008972264695863737,0.192515639579968,0.17399047199227763,0.41587479247858344,0.17041644332457256,GEE:S2_SR_HARMONIZED
pn_sierra_nevada_ciclismo_transnevada_rc_abrucena_la_polarda_044,Transnevada RC - Abrucena - La Polarda,ciclismo,2023,8,2023-08-01,0.3771629814183227,0.11602620481537157,0.2191153941457169,0.2247507531991629,0.5294885871212033,0.1786239280400172,GEE:S2_SR_HARMONIZED
pn_sierra_nevada_ciclismo_transnevada_rd_laujar_andarax_loma_raspa_laujar__045,Transnevada RD - Laujar Andarax - Loma Raspa - Laujar Andarax,ciclismo,2023,8,2023-08-01,0.3599779308404201,0.08846271388617948,0.2053593389393997,0.20903690596309416,0.5098077956274113,0.1837857337900203,GEE:S2_SR_HARMONIZED
pn_sierra_nevada_ciclismo_transnevada_ri_niguelas_la_rinconada_niguelas_046,Transnevada RI - Niguelas - La Rinconada - Niguelas,ciclismo,2023,8,2023-08-01,0.29479461568668813,0.029890036154154143,0.19390320942466896,0.18557058322440098,0.3847298327272264,0.1468589442368133,GEE:S2_SR_HARMONIZED
pn_sierra_nevada_ciclismo_transnevada_invierno_047,TRANSNEVADA INVIERNO,ciclismo,2023,8,2023-08-01,0.38805458891901146,0.10055662439619671,0.22725133177790452,0.23631986994674534,0.5331596576031068,0.18786434128992124,GEE:S2_SR_HARMONIZED
pn_sierra_nevada_ciclismo_transnevada_verano_048,TRANSNEVADA VERANO,ciclismo,2023,8,2023-08-01,0.39230518139980247,0.10527858387355263,0.22985563297595651,0.2383108255571221,0.5430222962636703,0.19137324225337077,GEE:S2_SR_HARMONIZED
pn_sierra_nevada_ciclismo_transnevada_ra_guejar_sierra_pena_partida_049,Transnevada RA - Güejar Sierra - Peña Partida,ciclismo,2023,8,2023-08-01,0.2993092013877025,0.030938955674977772,0.20130432278236346,0.18951628324261383,0.3885800381719698,0.15099521175225858,GEE:S2_SR_HARMONIZED
pn_sierra_nevada_ciclismo_transnevada_rb_lanteira_postero_alto_lanteira_050,Transnevada RB - Lanteira - Postero Alto - Lanteira,ciclismo,2023,8,2023-08-01,0.44476714481152324,0.18333670458112566,0.24296774883568428,0.31055750653877245,0.5916548705205774,0.1917204707030169,GEE:S2_SR_HARMONIZED
pn_sierra_nevada_ciclismo_transnevada_re_bayarcal_laguna_seca_051,Transnevada RE - Bayarcal - Laguna Seca,ciclismo,2023,8,2023-08-01,0.45736656144431936,0.16732517283799397,0.2460763235258298,0.29109283926275614,0.6228536268715608,0.19481501451060362,GEE:S2_SR_HARMONIZED
pn_sierra_nevada_ciclismo_carril_cicloturista_la_zubia_cumbres_verdes_052,CARRIL CICLOTURISTA LA ZUBIA-CUMBRES VERDES,ciclismo,2023,8,2023-08-01,0.423646392905087,0.007021282075008545,0.2141168936004468,0.32116780313403726,0.5372833287687399,0.15066386972987894,GEE:S2_SR_HARMONIZED
pn_sierra_nevada_senderismo_transnevada_rf_valor_fuente_de_las_primeras_agua_000,Transnevada RF - Valor - Fuente de las Primeras Aguas,senderismo,2023,9,2023-09-01,0.42568558002608287,0.10266685613576652,0.20472312863059847,0.25152670670125526,0.5917131805850349,0.19999748903182618,GEE:S2_SR_HARMONIZED
pn_sierra_nevada_senderismo_transnevada_rg_yegen_mecina_bombaron_yegen_001,Transnevada RG - Yegen - Mecina Bombaron - Yegen,senderismo,2023,9,2023-09-01,0.3643781980317916,0.0857043069460583,0.19073414121792376,0.20697511437040375,0.5038414119085891,0.20186608783381818,GEE:S2_SR_HARMONIZED
pn_sierra_nevada_senderismo_transnevada_rh_capileira_refugio_poqueira_002,Transnevada RH - Capileira - Refugio Poqueira,senderismo,2023,9,2023-09-01,0.3516096286798316,0.10972010241423324,0.1841990244321621,0.20510687372545292,0.5017147063938591,0.19502076931627058,GEE:S2_SR_HARMONIZED
pn_sierra_nevada_senderismo_transnevada_rj_portugos_barranco_bermejo_portugo_003,Transnevada RJ - Portugos - Barranco Bermejo - Portugos,senderismo,2023,9,2023-09-01,0.4177219949054088,0.11965261663462717,0.21922766238971797,0.2870514941229479,0.5447888884626267,0.16911259792640115,GEE:S2_SR_HARMONIZED
pn_sierra_nevada_senderismo_transnevada_rk_padre_eterno_ar_puente_palo_padre_004,Transnevada RK - Padre Eterno - AR Puente Palo - Padre Eterno,senderismo,2023,9,2023-09-01,0.3197223427092258,0.005813740365226559,0.18250836960516348,0.18155935372212373,0.4315858351632333,0.17297865110208918,GEE:S2_SR_HARMONIZED
pn_sierra_nevada_senderismo_transnevada_rc_abrucena_la_polarda_005,Transnevada RC - Abrucena - La Polarda,senderismo,2023,9,2023-09-01,0.42595420112185944,0.1530670345891344,0.22354042129775897,0.26354794079508265,0.5877911880553879,0.18914907967630928,GEE:S2_SR_HARMONIZED
pn_sierra_nevada_senderismo_transnevada_rd_laujar_andarax_loma_raspa_laujar__006,Transnevada RD - Laujar Andarax - Loma Raspa - Laujar Andarax,senderismo,2023,9,2023-09-01,0.3958869020866757,0.11023344526534126,0.20786704080707266,0.2324375095527705,0.5606580892542369,0.19733964504358675,GEE:S2_SR_HARMONIZED
pn_sierra_nevada_senderismo_transnevada_ri_niguelas_la_rinconada_niguelas_007,Transnevada RI - Niguelas - La Rinconada - Niguelas,senderismo,2023,9,2023-09-01,0.29072282365888935,0.016859422137497602,0.17678236514220808,0.1854423347448883,0.3731890495551656,0.1463506695350001,GEE:S2_SR_HARMONIZED
pn_sierra_nevada_senderismo_acequias_del_poqueira_008,Acequias del Poqueira,senderismo,2023,9,2023-09-01,0.4042804741157341,0.09054098164938289,0.24079752252810768,0.2637628133371085,0.5252889676819055,0.18901879335769922,GEE:S2_SR_HARMONIZED
pn_sierra_nevada_senderismo_canal_de_la_espartera_arenales_del_trevenque_009,Canal de la Espartera - Arenales del Trevenque,senderismo,2023,9,2023-09-01,0.37789089069910603,0.048716559124795694,0.19786564149542987,0.1891361947010999,0.5603613280951043,0.22262508101144465,GEE:S2_SR_HARMONIZED
pn_sierra_nevada_senderismo_cerro_huenes_010,Cerro Huenes,senderismo,2023,9,2023-09-01,0.531358880482179,0.16101672421168867,0.27039528408466185,0.34969519610652855,0.7205950765629463,0.20509083441770276,GEE:S2_SR_HARMONIZED
pn_sierra_nevada_senderismo_el_aguadero_011,El Aguadero,senderismo,2023,9,2023-09-01,0.4581412335259474,0.1435204990857926,0.24501211528874742,0.3145105472084278,0.6114230694466282,0.17628473661971117,GEE:S2_SR_HARMONIZED
pn_sierra_nevada_senderismo_haza_larguilla_012,Haza Larguilla,senderismo,2023,9,2023-09-01,0.2196263115704364,-0.11263369442873056,0.12139779414924044,0.16515370546341823,0.2705533343939905,0.07556165879107006,GEE:S2_SR_HARMONIZED
pn_sierra_nevada_senderismo_hoya_del_portillo_refugio_poqueira_013,Hoya del Portillo - Refugio Poqueira,senderismo,2023,9,2023-09-01,0.3821716072167601,0.0961211060470912,0.20202966899844743,0.267604584942637,0.4283379256651044,0.17898574887018812,GEE:S2_SR_HARMONIZED
pn_sierra_nevada_senderismo_jerez_del_marquesado_postero_alto_014,Jerez del Marquesado - Postero Alto,senderismo,2023,9,2023-09-01,0.47427626993789623,0.20583689325717405,0.22909916048274012,0.2793058813141895,0.6778859188170427,0.23093080104220481,GEE:S2_SR_HARMONIZED
pn_sierra_nevada_senderismo_ragua_aldeire_015,Ragua - Aldeire,senderismo,2023,9,2023-09-01,0.5141879294420646,0.18979222752597247,0.27836359427124796,0.29507598386328343,0.744337369989228,0.23604252893804678,GEE:S2_SR_HARMONIZED
pn_sierra_nevada_senderismo_transnevada_invierno_016,TRANSNEVADA INVIERNO,senderismo,2023,9,2023-09-01,0.42079202446634384,0.11409090469174979,0.22193835463225953,0.255845101378105,0.5839545718498335,0.2014191911655328,GEE:S2_SR_HARMONIZED
pn_sierra_nevada_senderismo_transnevada_verano_017,TRANSNEVADA VERANO,senderismo,2023,9,2023-09-01,0.4247453733177223,0.11883079892403582,0.22461376817501216,0.2558375806901018,0.59177779866236,0.20446027388909954,GEE:S2_SR_HARMONIZED
pn_sierra_nevada_senderismo_transnevada_ra_guejar_sierra_pena_partida_018,Transnevada RA - Güejar Sierra - Peña Partida,senderismo,2023,9,2023-09-01,0.31247361498082166,0.024425188199086435,0.19341134668860013,0.18959194642867283,0.4162685698693264,0.16225582629712948,GEE:S2_SR_HARMONIZED
pn_sierra_nevada_senderismo_transnevada_rb_lanteira_postero_alto_lanteira_019,Transnevada RB - Lanteira - Postero Alto - Lanteira,senderismo,2023,9,2023-09-01,0.5017816611507326,0.21948516779424007,0.24644232731527346,0.3653719990394905,0.6582199293092909,0.20086400774508528,GEE:S2_SR_HARMONIZED
pn_sierra_nevada_senderismo_transnevada_re_bayarcal_laguna_seca_020,Transnevada RE - Bayarcal - Laguna Seca,senderismo,2023,9,2023-09-01,0.48324394676033255,0.17416941439074435,0.2323287195698087,0.3065780005066529,0.6582152456290515,0.20403764137151004,GEE:S2_SR_HARMONIZED
pn_sierra_nevada_senderismo_la_cebadilla_021,La Cebadilla,senderismo,2023,9,2023-09-01,0.44634030957708043,0.0924305556864477,0.2712684241864866,0.2830377731690944,0.5994891726587993,0.19868350299394194,GEE:S2_SR_HARMONIZED
pn_sierra_nevada_senderismo_la_silleta_022,La Silleta,senderismo,2023,9,2023-09-01,0.36394535145452855,0.002607478415951029,0.1899467897756922,0.22842094341954847,0.5058964743509915,0.16815505750942178,GEE:S2_SR_HARMONIZED
pn_sierra_nevada_senderismo_lanjaron_tello_023,Lanjaron - Tello,senderismo,2023,9,2023-09-01,0.38866621775450166,-0.010158729382219556,0.22889243253331715,0.21323131091565362,0.5332891988064239,0.2145916567471562,GEE:S2_SR_HARMONIZED
pn_sierra_nevada_senderismo_molinos_de_isfalada_024,Molinos de Isfalada,senderismo,2023,9,2023-09-01,0.3527606777033897,0.06720565427395077,0.18256046253931,0.2049708217283288,0.470952631831002,0.19411059169332495,GEE:S2_SR_HARMONIZED
pn_sierra_nevada_senderismo_monterrey_025,Monterrey,senderismo,2023,9,2023-09-01,0.5011655783015916,0.139702978152407,0.27069198985379983,0.37699759804148614,0.6307973820770707,0.16654365504448154,GEE:S2_SR_HARMONIZED
pn_sierra_nevada_senderismo_puente_palo_026,Puente Palo,senderismo,2023,9,2023-09-01,0.5847866058509146,0.19470420236780117,0.3103223589641659,0.49806684813425844,0.6936950856861953,0.1394717522309606,GEE:S2_SR_HARMONIZED
pn_sierra_nevada_senderismo_ragua_hoyos_de_pura_027,Ragua - Hoyos de Pura,senderismo,2023,9,2023-09-01,0.5945307234650987,0.2720233414019806,0.2772794156621593,0.5018400775809442,0.7632282433874493,0.22091688275963023,GEE:S2_SR_HARMONIZED
pn_sierra_nevada_senderismo_ragua_lagunilla_seca_028,Ragua - Lagunilla Seca,senderismo,2023,9,2023-09-01,0.4680455492613269,0.15800545542639283,0.23811806860577445,0.33791968784537735,0.6114045273201023,0.17158234758400456,GEE:S2_SR_HARMONIZED
pn_sierra_nevada_senderismo_rio_alhama_029,Río Alhama,senderismo,2023,9,2023-09-01,0.34333950463616736,0.02100875022035353,0.1753005255959908,0.16245323934836567,0.49012687584258446,0.2202244452198665,GEE:S2_SR_HARMONIZED
pn_sierra_nevada_senderismo_rio_bermejo_030,Río Bermejo,senderismo,2023,9,2023-09-01,0.4836645363398586,0.14343144590983284,0.26348419845217497,0.35718528731103955,0.6114628119738318,0.18798132930481307,GEE:S2_SR_HARMONIZED
pn_sierra_nevada_senderismo_rio_grande_de_los_berchules_031,Río Grande de los Berchules,senderismo,2023,9,2023-09-01,0.4739694493085192,0.14991655525621483,0.2632148088680171,0.2832932437218791,0.6857673823760813,0.22028427919749946,GEE:S2_SR_HARMONIZED
pn_sierra_nevada_senderismo_trevelez_siete_lagunas_032,Trevélez - Siete Lagunas,senderismo,2023,9,2023-09-01,0.41983796657621,0.12241422204573266,0.24649597343730498,0.2675716362841176,0.5680526794969584,0.21333930127981546,GEE:S2_SR_HARMONIZED
pn_sierra_nevada_senderismo_ubeire_033,Ubeire,senderismo,2023,9,2023-09-01,0.5627051914052533,0.18038739344208685,0.2732436690900197,0.45522611648903794,0.665860066875436,0.14490215152082683,GEE:S2_SR_HARMONIZED
pn_sierra_nevada_senderismo_sulayr_034,SULAYR,senderismo,2023,9,2023-09-01,0.4646521928869779,0.13888819205899106,0.2463414275516114,0.3007948761483551,0.6367945132134596,0.2017403801796407,GEE:S2_SR_HARMONIZED
pn_sierra_nevada_senderismo_carril_cicloturista_la_zubia_cumbres_verdes_035,CARRIL CICLOTURISTA LA ZUBIA-CUMBRES VERDES,senderismo,2023,9,2023-09-01,0.4753086146533447,0.0462110336091186,0.21934449347138874,0.36519369413312386,0.6035836145029229,0.16727895730313302,GEE:S2_SR_HARMONIZED
pn_sierra_nevada_senderismo_dehesa_del_camarate_036,Dehesa del Camarate,senderismo,2023,9,2023-09-01,0.5380015623091978,0.1226006533600841,0.28841243786995213,0.38491440835804575,0.6971216558910204,0.19250764802580744,GEE:S2_SR_HARMONIZED
pn_sierra_nevada_senderismo_pueblos_del_poqueira_037,PUEBLOS DEL POQUEIRA,senderismo,2023,9,2023-09-01,0.494854697353003,0.11981160104977535,0.3005867309899059,0.3264355240664912,0.6699803038610882,0.21062019685496383,GEE:S2_SR_HARMONIZED
pn_sierra_nevada_senderismo_ragua_barranco_del_hornillo_038,Ragua - Barranco del Hornillo,senderismo,2023,9,2023-09-01,0.6601758592706182,0.2852795028579063,0.29752779783034206,0.5412085354328156,0.7821705418502324,0.16053082245566735,GEE:S2_SR_HARMONIZED
pn_sierra_nevada_ciclismo_transnevada_rf_valor_fuente_de_las_primeras_agua_039,Transnevada RF - Valor - Fuente de las Primeras Aguas,ciclismo,2023,9,2023-09-01,0.42568558002608287,0.10266685613576652,0.20472312863059847,0.25152670670125526,0.5917131805850349,0.19999748903182618,GEE:S2_SR_HARMONIZED
pn_sierra_nevada_ciclismo_transnevada_rg_yegen_mecina_bombaron_yegen_040,Transnevada RG - Yegen - Mecina Bombaron - Yegen,ciclismo,2023,9,2023-09-01,0.3643781980317916,0.0857043069460583,0.19073414121792376,0.20697511437040375,0.5038414119085891,0.20186608783381818,GEE:S2_SR_HARMONIZED
pn_sierra_nevada_ciclismo_transnevada_rh_capileira_refugio_poqueira_041,Transnevada RH - Capileira - Refugio Poqueira,ciclismo,2023,9,2023-09-01,0.3516096286798316,0.10972010241423324,0.1841990244321621,0.20510687372545292,0.5017147063938591,0.19502076931627058,GEE:S2_SR_HARMONIZED
pn_sierra_nevada_ciclismo_transnevada_rj_portugos_barranco_bermejo_portugo_042,Transnevada RJ - Portugos - Barranco Bermejo - Portugos,ciclismo,2023,9,2023-09-01,0.4177219949054088,0.11965261663462717,0.21922766238971797,0.2870514941229479,0.5447888884626267,0.16911259792640115,GEE:S2_SR_HARMONIZED
pn_sierra_nevada_ciclismo_transnevada_rk_padre_eterno_ar_puente_palo_padre_043,Transnevada RK - Padre Eterno - AR Puente Palo - Padre Eterno,ciclismo,2023,9,2023-09-01,0.3197223427092258,0.005813740365226559,0.18250836960516348,0.18155935372212373,0.4315858351632333,0.17297865110208918,GEE:S2_SR_HARMONIZED
pn_sierra_nevada_ciclismo_transnevada_rc_abrucena_la_polarda_044,Transnevada RC - Abrucena - La Polarda,ciclismo,2023,9,2023-09-01,0.42595420112185944,0.1530670345891344,0.22354042129775897,0.26354794079508265,0.5877911880553879,0.18914907967630928,GEE:S2_SR_HARMONIZED
pn_sierra_nevada_ciclismo_transnevada_rd_laujar_andarax_loma_raspa_laujar__045,Transnevada RD - Laujar Andarax - Loma Raspa - Laujar Andarax,ciclismo,2023,9,2023-09-01,0.3958869020866757,0.11023344526534126,0.20786704080707266,0.2324375095527705,0.5606580892542369,0.19733964504358675,GEE:S2_SR_HARMONIZED
pn_sierra_nevada_ciclismo_transnevada_ri_niguelas_la_rinconada_niguelas_046,Transnevada RI - Niguelas - La Rinconada - Niguelas,ciclismo,2023,9,2023-09-01,0.29072282365888935,0.016859422137497602,0.17678236514220808,0.1854423347448883,0.3731890495551656,0.1463506695350001,GEE:S2_SR_HARMONIZED
pn_sierra_nevada_ciclismo_transnevada_invierno_047,TRANSNEVADA INVIERNO,ciclismo,2023,9,2023-09-01,0.42079202446634384,0.11409090469174979,0.22193835463225953,0.255845101378105,0.5839545718498335,0.2014191911655328,GEE:S2_SR_HARMONIZED
pn_sierra_nevada_ciclismo_transnevada_verano_048,TRANSNEVADA VERANO,ciclismo,2023,9,2023-09-01,0.4247453733177223,0.11883079892403582,0.22461376817501216,0.2558375806901018,0.59177779866236,0.20446027388909954,GEE:S2_SR_HARMONIZED
pn_sierra_nevada_ciclismo_transnevada_ra_guejar_sierra_pena_partida_049,Transnevada RA - Güejar Sierra - Peña Partida,ciclismo,2023,9,2023-09-01,0.31247361498082166,0.024425188199086435,0.19341134668860013,0.18959194642867283,0.4162685698693264,0.16225582629712948,GEE:S2_SR_HARMONIZED
pn_sierra_nevada_ciclismo_transnevada_rb_lanteira_postero_alto_lanteira_050,Transnevada RB - Lanteira - Postero Alto - Lanteira,ciclismo,2023,9,2023-09-01,0.5017816611507326,0.21948516779424007,0.24644232731527346,0.3653719990394905,0.6582199293092909,0.20086400774508528,GEE:S2_SR_HARMONIZED
pn_sierra_nevada_ciclismo_transnevada_re_bayarcal_laguna_seca_051,Transnevada RE - Bayarcal - Laguna Seca,ciclismo,2023,9,2023-09-01,0.48324394676033255,0.17416941439074435,0.2323287195698087,0.3065780005066529,0.6582152456290515,0.20403764137151004,GEE:S2_SR_HARMONIZED
pn_sierra_nevada_ciclismo_carril_cicloturista_la_zubia_cumbres_verdes_052,CARRIL CICLOTURISTA LA ZUBIA-CUMBRES VERDES,ciclismo,2023,9,2023-09-01,0.4753086146533447,0.0462110336091186,0.21934449347138874,0.36519369413312386,0.6035836145029229,0.16727895730313302,GEE:S2_SR_HARMONIZED
pn_sierra_nevada_senderismo_transnevada_rf_valor_fuente_de_las_primeras_agua_000,Transnevada RF - Valor - Fuente de las Primeras Aguas,senderismo,2023,10,2023-10-01,0.4283932746667462,0.12577149081571443,0.2047658275035819,0.25954498315460717,0.5955890769883785,0.1936248201495054,GEE:S2_SR_HARMONIZED
pn_sierra_nevada_senderismo_transnevada_rg_yegen_mecina_bombaron_yegen_001,Transnevada RG - Yegen - Mecina Bombaron - Yegen,senderismo,2023,10,2023-10-01,0.37579950776906307,0.114840356463431,0.19795298204379705,0.23043387721118763,0.5119112296112595,0.19068042243943475,GEE:S2_SR_HARMONIZED
pn_sierra_nevada_senderismo_transnevada_rh_capileira_refugio_poqueira_002,Transnevada RH - Capileira - Refugio Poqueira,senderismo,2023,10,2023-10-01,0.365461794551258,0.1414867929002785,0.18762626088124318,0.2090748642308222,0.5256743760438979,0.20433738548134095,GEE:S2_SR_HARMONIZED
pn_sierra_nevada_senderismo_transnevada_rj_portugos_barranco_bermejo_portugo_003,Transnevada RJ - Portugos - Barranco Bermejo - Portugos,senderismo,2023,10,2023-10-01,0.43300462942757356,0.14123379752839843,0.21939679622822683,0.30269037750529343,0.556654921893241,0.16539220113567496,GEE:S2_SR_HARMONIZED
pn_sierra_nevada_senderismo_transnevada_rk_padre_eterno_ar_puente_palo_padre_004,Transnevada RK - Padre Eterno - AR Puente Palo - Padre Eterno,senderismo,2023,10,2023-10-01,0.32572042731757284,0.02636762022716029,0.18183179688568304,0.18956178472373716,0.43555293104589055,0.17074497938967154,GEE:S2_SR_HARMONIZED
pn_sierra_nevada_senderismo_transnevada_rc_abrucena_la_polarda_005,Transnevada RC - Abrucena - La Polarda,senderismo,2023,10,2023-10-01,0.4785106885397349,0.1862973269463485,0.24747133634388704,0.3026754890576639,0.6581783930389143,0.200366444660871,GEE:S2_SR_HARMONIZED
pn_sierra_nevada_senderismo_transnevada_rd_laujar_andarax_loma_raspa_laujar__006,Transnevada RD - Laujar Andarax - Loma Raspa - Laujar Andarax,senderismo,2023,10,2023-10-01,0.4202692698843172,0.13004088083005025,0.21222232705686694,0.25203188334779947,0.5997222919967924,0.2028428402108755,GEE:S2_SR_HARMONIZED
pn_sierra_nevada_senderismo_transnevada_ri_niguelas_la_rinconada_niguelas_007,Transnevada RI - Niguelas - La Rinconada - Niguelas,senderismo,2023,10,2023-10-01,0.29655062453502834,0.027927679601938635,0.17178709721884844,0.18558025181554788,0.3810133153684672,0.15169686926814868,GEE:S2_SR_HARMONIZED
pn_sierra_nevada_senderismo_acequias_del_poqueira_008,Acequias del Poqueira,senderismo,2023,10,2023-10-01,0.39382402534254657,0.10724017331161687,0.2437990592597669,0.26358552861312623,0.5099599765950408,0.17147389039653857,GEE:S2_SR_HARMONIZED
pn_sierra_nevada_senderismo_canal_de_la_espartera_arenales_del_trevenque_009,Canal de la Espartera - Arenales del Trevenque,senderismo,2023,10,2023-10-01,0.4042581101976499,0.06663628810169046,0.19799344524925083,0.19945952924513827,0.6139212862849853,0.24072760550323213,GEE:S2_SR_HARMONIZED
pn_sierra_nevada_senderismo_cerro_huenes_010,Cerro Huenes,senderismo,2023,10,2023-10-01,0.5710095675701855,0.1895506779057621,0.277102880252469,0.3809690843297972,0.7676733540719983,0.2185200984763091,GEE:S2_SR_HARMONIZED
pn_sierra_nevada_senderismo_el_aguadero_011,El Aguadero,senderismo,2023,10,2023-10-01,0.49349684345909073,0.16617952859279408,0.253523291004625,0.33400182847808463,0.6620387678383404,0.18862524393485575,GEE:S2_SR_HARMONIZED
pn_sierra_nevada_senderismo_haza_larguilla_012,Haza Larguilla,senderismo,2023,10,2023-10-01,0.22566394779668306,-0.09717282971120303,0.12406355698500761,0.16750732322151843,0.2820399664495527,0.08031879502163312,GEE:S2_SR_HARMONIZED
pn_sierra_nevada_senderismo_hoya_del_portillo_refugio_poqueira_013,Hoya del Portillo - Refugio Poqueira,senderismo,2023,10,2023-10-01,0.38868850094048485,0.13031181320277838,0.20781135533354678,0.2713481356674748,0.43525078246963594,0.18395411622791927,GEE:S2_SR_HARMONIZED
pn_sierra_nevada_senderismo_jerez_del_marquesado_postero_alto_014,Jerez del Marquesado - Postero Alto,senderismo,2023,10,2023-10-01,0.4867721398931836,0.23951763294927972,0.2408821371175921,0.29448111241396896,0.6819041209909193,0.22329730012267865,GEE:S2_SR_HARMONIZED
pn_sierra_nevada_senderismo_ragua_aldeire_015,Ragua - Aldeire,senderismo,2023,10,2023-10-01,0.5054205635672537,0.20369327900777773,0.27421320060097004,0.2987240075113055,0.7247251673689642,0.2248912259098494,GEE:S2_SR_HARMONIZED
pn_sierra_nevada_senderismo_transnevada_invierno_016,TRANSNEVADA INVIERNO,senderismo,2023,10,2023-10-01,0.4368100256891446,0.13769251515121342,0.227376623015787,0.26173703803842857,0.6054500066945415,0.20321186748072959,GEE:S2_SR_HARMONIZED
pn_sierra_nevada_senderismo_transnevada_verano_017,TRANSNEVADA VERANO,senderismo,2023,10,2023-10-01,0.44125838367677583,0.14317639590726386,0.2303862813708325,0.2617905670834177,0.6210988329574193,0.2063606245878486,GEE:S2_SR_HARMONIZED
pn_sierra_nevada_senderismo_transnevada_ra_guejar_sierra_pena_partida_018,Transnevada RA - Güejar Sierra - Peña Partida,senderismo,2023,10,2023-10-01,0.3151800525164862,0.037166881662117277,0.18895782139079334,0.19337867142062787,0.42395644274043925,0.15799568854038215,GEE:S2_SR_HARMONIZED
pn_sierra_nevada_senderismo_transnevada_rb_lanteira_postero_alto_lanteira_019,Transnevada RB - Lanteira - Postero Alto - Lanteira,senderismo,2023,10,2023-10-01,0.515551879985853,0.2584576973601763,0.25998280108082883,0.3925807305733067,0.6660874861952969,0.19089729735829003,GEE:S2_SR_HARMONIZED
pn_sierra_nevada_senderismo_transnevada_re_bayarcal_laguna_seca_020,Transnevada RE - Bayarcal - Laguna Seca,senderismo,2023,10,2023-10-01,0.49581466197843055,0.19768316369411373,0.23276158285969273,0.31833664650519133,0.6739025625269991,0.20380909758898433,GEE:S2_SR_HARMONIZED
pn_sierra_nevada_senderismo_la_cebadilla_021,La Cebadilla,senderismo,2023,10,2023-10-01,0.4442870328844718,0.10763194118105643,0.2711061157315711,0.2910022039921323,0.5876227850181782,0.18412148670677292,GEE:S2_SR_HARMONIZED
pn_sierra_nevada_senderismo_la_silleta_022,La Silleta,senderismo,2023,10,2023-10-01,0.38742281337217044,0.026802071431801678,0.19421884651312443,0.2403409217540704,0.5449845525659679,0.17920858759489547,GEE:S2_SR_HARMONIZED
pn_sierra_nevada_senderismo_lanjaron_tello_023,Lanjaron - Tello,senderismo,2023,10,2023-10-01,0.3696845142515727,0.0041593935142116905,0.22389605072440444,0.21651314335315391,0.5021051599712155,0.18687348967686276,GEE:S2_SR_HARMONIZED
pn_sierra_nevada_senderismo_molinos_de_isfalada_024,Molinos de Isfalada,senderismo,2023,10,2023-10-01,0.3649421626607958,0.08348737584666685,0.1891570349331938,0.21682119584010792,0.4940507943272646,0.19253590884192337,GEE:S2_SR_HARMONIZED
pn_sierra_nevada_senderismo_monterrey_025,Monterrey,senderismo,2023,10,2023-10-01,0.5398578338741047,0.17221996746798204,0.2762487053019368,0.40820988353836823,0.6779065165989673,0.17366481955660512,GEE:S2_SR_HARMONIZED
pn_sierra_nevada_senderismo_puente_palo_026,Puente Palo,senderismo,2023,10,2023-10-01,0.5802794444502379,0.21644589835710035,0.29941963804354593,0.49798292186160437,0.6858897500640743,0.1335502902853217,GEE:S2_SR_HARMONIZED
pn_sierra_nevada_senderismo_ragua_hoyos_de_pura_027,Ragua - Hoyos de Pura,senderismo,2023,10,2023-10-01,0.614473513340642,0.3090187056882191,0.2888675802099027,0.53509122133255,0.7829567781306438,0.22271224134756124,GEE:S2_SR_HARMONIZED
pn_sierra_nevada_senderismo_ragua_lagunilla_seca_028,Ragua - Lagunilla Seca,senderismo,2023,10,2023-10-01,0.48489620058888366,0.18343282159378158,0.2480968006783426,0.3494533178147243,0.6545403145624009,0.1757159515402398,GEE:S2_SR_HARMONIZED
pn_sierra_nevada_senderismo_rio_alhama_029,Río Alhama,senderismo,2023,10,2023-10-01,0.3368543026459052,0.058354964790508265,0.18162913783456974,0.16995455586970645,0.4864470262599236,0.19414107422942092,GEE:S2_SR_HARMONIZED
pn_sierra_nevada_senderismo_rio_bermejo_030,Río Bermejo,senderismo,2023,10,2023-10-01,0.492962273138999,0.1611280205357633,0.2606490652493129,0.3771877568306246,0.6152336734600945,0.17580956372193435,GEE:S2_SR_HARMONIZED
pn_sierra_nevada_senderismo_rio_grande_de_los_berchules_031,Río Grande de los Berchules,senderismo,2023,10,2023-10-01,0.4738479190983294,0.17487865669340524,0.2764334221190199,0.298675203249539,0.6543320763645033,0.19938330109716365,GEE:S2_SR_HARMONIZED
pn_sierra_nevada_senderismo_trevelez_siete_lagunas_032,Trevélez - Siete Lagunas,senderismo,2023,10,2023-10-01,0.41235251317577387,0.14914339346754937,0.24875375396593394,0.2716894045263807,0.5566813757091601,0.19894805064249615,GEE:S2_SR_HARMONIZED
pn_sierra_nevada_senderismo_ubeire_033,Ubeire,senderismo,2023,10,2023-10-01,0.5736603635257083,0.20057512952014403,0.2783209350937736,0.4747988836001127,0.669841355234066,0.13832777167877952,GEE:S2_SR_HARMONIZED
pn_sierra_nevada_senderismo_sulayr_034,SULAYR,senderismo,2023,10,2023-10-01,0.4756825863936449,0.16046663500473196,0.24875848085637,0.3085976717037738,0.6523384789789979,0.20277970672198295,GEE:S2_SR_HARMONIZED
pn_sierra_nevada_senderismo_carril_cicloturista_la_zubia_cumbres_verdes_035,CARRIL CICLOTURISTA LA ZUBIA-CUMBRES VERDES,senderismo,2023,10,2023-10-01,0.5056070931095877,0.08708086391783097,0.2313437327704988,0.40062607310128356,0.6386992164188494,0.17577080087573393,GEE:S2_SR_HARMONIZED
pn_sierra_nevada_senderismo_dehesa_del_camarate_036,Dehesa del Camarate,senderismo,2023,10,2023-10-01,0.49964312838187686,0.14400254584040698,0.2623792420922052,0.3650806388536532,0.6305336595542572,0.17600174490820986,GEE:S2_SR_HARMONIZED
pn_sierra_nevada_senderismo_pueblos_del_poqueira_037,PUEBLOS DEL POQUEIRA,senderismo,2023,10,2023-10-01,0.487679916159524,0.12929349440262625,0.2966441037779116,0.3299201439499683,0.6580151332759945,0.20220857182710544,GEE:S2_SR_HARMONIZED
pn_sierra_nevada_senderismo_ragua_barranco_del_hornillo_038,Ragua - Barranco del Hornillo,senderismo,2023,10,2023-10-01,0.6714625096663116,0.3215326531142217,0.3065980119502031,0.5640183329582215,0.7827323426049204,0.14741057245742795,GEE:S2_SR_HARMONIZED
pn_sierra_nevada_ciclismo_transnevada_rf_valor_fuente_de_las_primeras_agua_039,Transnevada RF - Valor - Fuente de las Primeras Aguas,ciclismo,2023,10,2023-10-01,0.4283932746667462,0.12577149081571443,0.2047658275035819,0.25954498315460717,0.5955890769883785,0.1936248201495054,GEE:S2_SR_HARMONIZED
pn_sierra_nevada_ciclismo_transnevada_rg_yegen_mecina_bombaron_yegen_040,Transnevada RG - Yegen - Mecina Bombaron - Yegen,ciclismo,2023,10,2023-10-01,0.37579950776906307,0.114840356463431,0.19795298204379705,0.23043387721118763,0.5119112296112595,0.19068042243943475,GEE:S2_SR_HARMONIZED
pn_sierra_nevada_ciclismo_transnevada_rh_capileira_refugio_poqueira_041,Transnevada RH - Capileira - Refugio Poqueira,ciclismo,2023,10,2023-10-01,0.365461794551258,0.1414867929002785,0.18762626088124318,0.2090748642308222,0.5256743760438979,0.20433738548134095,GEE:S2_SR_HARMONIZED
pn_sierra_nevada_ciclismo_transnevada_rj_portugos_barranco_bermejo_portugo_042,Transnevada RJ - Portugos - Barranco Bermejo - Portugos,ciclismo,2023,10,2023-10-01,0.43300462942757356,0.14123379752839843,0.21939679622822683,0.30269037750529343,0.556654921893241,0.16539220113567496,GEE:S2_SR_HARMONIZED
pn_sierra_nevada_ciclismo_transnevada_rk_padre_eterno_ar_puente_palo_padre_043,Transnevada RK - Padre Eterno - AR Puente Palo - Padre Eterno,ciclismo,2023,10,2023-10-01,0.32572042731757284,0.02636762022716029,0.18183179688568304,0.18956178472373716,0.43555293104589055,0.17074497938967154,GEE:S2_SR_HARMONIZED
pn_sierra_nevada_ciclismo_transnevada_rc_abrucena_la_polarda_044,Transnevada RC - Abrucena - La Polarda,ciclismo,2023,10,2023-10-01,0.4785106885397349,0.1862973269463485,0.24747133634388704,0.3026754890576639,0.6581783930389143,0.200366444660871,GEE:S2_SR_HARMONIZED
pn_sierra_nevada_ciclismo_transnevada_rd_laujar_andarax_loma_raspa_laujar__045,Transnevada RD - Laujar Andarax - Loma Raspa - Laujar Andarax,ciclismo,2023,10,2023-10-01,0.4202692698843172,0.13004088083005025,0.21222232705686694,0.25203188334779947,0.5997222919967924,0.2028428402108755,GEE:S2_SR_HARMONIZED
pn_sierra_nevada_ciclismo_transnevada_ri_niguelas_la_rinconada_niguelas_046,Transnevada RI - Niguelas - La Rinconada - Niguelas,ciclismo,2023,10,2023-10-01,0.29655062453502834,0.027927679601938635,0.17178709721884844,0.18558025181554788,0.3810133153684672,0.15169686926814868,GEE:S2_SR_HARMONIZED
pn_sierra_nevada_ciclismo_transnevada_invierno_047,TRANSNEVADA INVIERNO,ciclismo,2023,10,2023-10-01,0.4368100256891446,0.13769251515121342,0.227376623015787,0.26173703803842857,0.6054500066945415,0.20321186748072959,GEE:S2_SR_HARMONIZED
pn_sierra_nevada_ciclismo_transnevada_verano_048,TRANSNEVADA VERANO,ciclismo,2023,10,2023-10-01,0.44125838367677583,0.14317639590726386,0.2303862813708325,0.2617905670834177,0.6210988329574193,0.2063606245878486,GEE:S2_SR_HARMONIZED
pn_sierra_nevada_ciclismo_transnevada_ra_guejar_sierra_pena_partida_049,Transnevada RA - Güejar Sierra - Peña Partida,ciclismo,2023,10,2023-10-01,0.3151800525164862,0.037166881662117277,0.18895782139079334,0.19337867142062787,0.42395644274043925,0.15799568854038215,GEE:S2_SR_HARMONIZED
pn_sierra_nevada_ciclismo_transnevada_rb_lanteira_postero_alto_lanteira_050,Transnevada RB - Lanteira - Postero Alto - Lanteira,ciclismo,2023,10,2023-10-01,0.515551879985853,0.2584576973601763,0.25998280108082883,0.3925807305733067,0.6660874861952969,0.19089729735829003,GEE:S2_SR_HARMONIZED
pn_sierra_nevada_ciclismo_transnevada_re_bayarcal_laguna_seca_051,Transnevada RE - Bayarcal - Laguna Seca,ciclismo,2023,10,2023-10-01,0.49581466197843055,0.19768316369411373,0.23276158285969273,0.31833664650519133,0.6739025625269991,0.20380909758898433,GEE:S2_SR_HARMONIZED
pn_sierra_nevada_ciclismo_carril_cicloturista_la_zubia_cumbres_verdes_052,CARRIL CICLOTURISTA LA ZUBIA-CUMBRES VERDES,ciclismo,2023,10,2023-10-01,0.5056070931095877,0.08708086391783097,0.2313437327704988,0.40062607310128356,0.6386992164188494,0.17577080087573393,GEE:S2_SR_HARMONIZED
pn_sierra_nevada_senderismo_transnevada_rf_valor_fuente_de_las_primeras_agua_000,Transnevada RF - Valor - Fuente de las Primeras Aguas,senderismo,2023,11,2023-11-01,0.46422217855290504,0.14566136995487916,0.20097846930081956,0.2831364043330428,0.6467489405724061,0.20860455130367977,GEE:S2_SR_HARMONIZED
pn_sierra_nevada_senderismo_transnevada_rg_yegen_mecina_bombaron_yegen_001,Transnevada RG - Yegen - Mecina Bombaron - Yegen,senderismo,2023,11,2023-11-01,0.40961121666621936,0.13203885571620455,0.20447824240674503,0.2542814762211221,0.5505849145449407,0.2045223094744906,GEE:S2_SR_HARMONIZED
pn_sierra_nevada_senderismo_transnevada_rh_capileira_refugio_poqueira_002,Transnevada RH - Capileira - Refugio Poqueira,senderismo,2023,11,2023-11-01,0.4143938866946829,0.16010336691890148,0.19537267120347088,0.24011735344704163,0.6116346692828738,0.22776075469791945,GEE:S2_SR_HARMONIZED
pn_sierra_nevada_senderismo_transnevada_rj_portugos_barranco_bermejo_portugo_003,Transnevada RJ - Portugos - Barranco Bermejo - Portugos,senderismo,2023,11,2023-11-01,0.4677003917707432,0.1450667324994096,0.21059422094117483,0.3378709439120801,0.5994142146244364,0.17696462573984673,GEE:S2_SR_HARMONIZED
pn_sierra_nevada_senderismo_transnevada_rk_padre_eterno_ar_puente_palo_padre_004,Transnevada RK - Padre Eterno - AR Puente Palo - Padre Eterno,senderismo,2023,11,2023-11-01,0.38177455603893334,0.051559744935384746,0.19633459558819738,0.25211381249626136,0.4902195369368563,0.16993186138978023,GEE:S2_SR_HARMONIZED
pn_sierra_nevada_senderismo_transnevada_rc_abrucena_la_polarda_005,Transnevada RC - Abrucena - La Polarda,senderismo,2023,11,2023-11-01,0.5456129559189177,0.22972195893316416,0.2478680950452138,0.34007326088441553,0.7383461574596203,0.22231307062100866,GEE:S2_SR_HARMONIZED
pn_sierra_nevada_senderismo_transnevada_rd_laujar_andarax_loma_raspa_laujar__006,Transnevada RD - Laujar Andarax - Loma Raspa - Laujar Andarax,senderismo,2023,11,2023-11-01,0.44498561985725094,0.14876518782845374,0.2094912527442972,0.2755895133850565,0.6230045169753056,0.20537075968574084,GEE:S2_SR_HARMONIZED
pn_sierra_nevada_senderismo_transnevada_ri_niguelas_la_rinconada_niguelas_007,Transnevada RI - Niguelas - La Rinconada - Niguelas,senderismo,2023,11,2023-11-01,0.35992190969818355,0.0502100456544084,0.18261771552079276,0.2304651036309125,0.46478469832580127,0.1725700717332807,GEE:S2_SR_HARMONIZED
pn_sierra_nevada_senderismo_acequias_del_poqueira_008,Acequias del Poqueira,senderismo,2023,11,2023-11-01,0.45360656349415335,0.11530522502375858,0.24197502887238245,0.3223360744820772,0.5604304327247308,0.17938497488874328,GEE:S2_SR_HARMONIZED
pn_sierra_nevada_senderismo_canal_de_la_espartera_arenales_del_trevenque_009,Canal de la Espartera - Arenales del Trevenque,senderismo,2023,11,2023-11-01,0.46518209677142447,0.10169340631688395,0.2006085773696856,0.26784788607508214,0.6858891785993809,0.2429617854373803,GEE:S2_SR_HARMONIZED
pn_sierra_nevada_senderismo_cerro_huenes_010,Cerro Huenes,senderismo,2023,11,2023-11-01,0.6773008820085723,0.25049973574129525,0.27894938658786794,0.49847836399541934,0.8534064898905754,0.22223832375458724,GEE:S2_SR_HARMONIZED
pn_sierra_nevada_senderismo_el_aguadero_011,El Aguadero,senderismo,2023,11,2023-11-01,0.5224610522249251,0.19150538922697083,0.25081465867043023,0.3651928120727555,0.6933882942340137,0.1874325571071842,GEE:S2_SR_HARMONIZED
pn_sierra_nevada_senderismo_haza_larguilla_012,Haza Larguilla,senderismo,2023,11,2023-11-01,0.3109863104481957,-0.06566601158835161,0.1521075572195658,0.23551144202550253,0.37205388108828036,0.09049945530593914,GEE:S2_SR_HARMONIZED
pn_sierra_nevada_senderismo_hoya_del_portillo_refugio_poqueira_013,Hoya del Portillo - Refugio Poqueira,senderismo,2023,11,2023-11-01,0.43264347219237276,0.1572021025749165,0.21452359277172142,0.302855874979272,0.4939359749951908,0.20350534749664181,GEE:S2_SR_HARMONIZED
pn_sierra_nevada_senderismo_jerez_del_marquesado_postero_alto_014,Jerez del Marquesado - Postero Alto,senderismo,2023,11,2023-11-01,0.5476468076207129,0.2719943649060737,0.2513304710116891,0.34922848521506106,0.7596183888234531,0.23887868280433439,GEE:S2_SR_HARMONIZED
pn_sierra_nevada_senderismo_ragua_aldeire_015,Ragua - Aldeire,senderismo,2023,11,2023-11-01,0.5449016003543088,0.22327181482354455,0.2675391804136167,0.3397704497126456,0.769816339742717,0.22988598300194493,GEE:S2_SR_HARMONIZED
pn_sierra_nevada_senderismo_transnevada_invierno_016,TRANSNEVADA INVIERNO,senderismo,2023,11,2023-11-01,0.4844265679811208,0.16195183687469175,0.22871232659109736,0.30866203401177084,0.66016196491222,0.21418222388661462,GEE:S2_SR_HARMONIZED
pn_sierra_nevada_senderismo_transnevada_verano_017,TRANSNEVADA VERANO,senderismo,2023,11,2023-11-01,0.4903748122714329,0.16888375201080957,0.2322311033884781,0.3086355534292294,0.6758742901005721,0.21743048065673812,GEE:S2_SR_HARMONIZED
pn_sierra_nevada_senderismo_transnevada_ra_guejar_sierra_pena_partida_018,Transnevada RA - Güejar Sierra - Peña Partida,senderismo,2023,11,2023-11-01,0.3563945912270654,0.04437314569074469,0.19126676115564417,0.2520127455136095,0.4472936060856691,0.1409297722359982,GEE:S2_SR_HARMONIZED
pn_sierra_nevada_senderismo_transnevada_rb_lanteira_postero_alto_lanteira_019,Transnevada RB - Lanteira - Postero Alto - Lanteira,senderismo,2023,11,2023-11-01,0.5971831208220502,0.3060476031960516,0.275773849169439,0.45691939907368245,0.7616702263887023,0.21229629368329367,GEE:S2_SR_HARMONIZED
pn_sierra_nevada_senderismo_transnevada_re_bayarcal_laguna_seca_020,Transnevada RE - Bayarcal - Laguna Seca,senderismo,2023,11,2023-11-01,0.5145575659911055,0.22163613551634012,0.24033354391318992,0.3418617294309823,0.6855075549320592,0.200919056364363,GEE:S2_SR_HARMONIZED
pn_sierra_nevada_senderismo_la_cebadilla_021,La Cebadilla,senderismo,2023,11,2023-11-01,0.509405498439263,0.11935732201612971,0.2734048673128508,0.39255706042683436,0.6192249994623895,0.1644199716250411,GEE:S2_SR_HARMONIZED
pn_sierra_nevada_senderismo_la_silleta_022,La Silleta,senderismo,2023,11,2023-11-01,0.5050603124135146,0.08829614687907683,0.2115364811559376,0.3241275758604,0.6911401368386695,0.2195240733740483,GEE:S2_SR_HARMONIZED
pn_sierra_nevada_senderismo_lanjaron_tello_023,Lanjaron - Tello,senderismo,2023,11,2023-11-01,0.43934479505062707,0.033652870291686676,0.23588458849014782,0.30316426695572335,0.5642451770333087,0.166056866167041,GEE:S2_SR_HARMONIZED
pn_sierra_nevada_senderismo_molinos_de_isfalada_024,Molinos de Isfalada,senderismo,2023,11,2023-11-01,0.380352419296973,0.08874066049893985,0.18014692965202178,0.2400566403814205,0.49838420220435004,0.18088615266239785,GEE:S2_SR_HARMONIZED
pn_sierra_nevada_senderismo_monterrey_025,Monterrey,senderismo,2023,11,2023-11-01,0.572584813343932,0.1889006418200127,0.26542184272272756,0.4321300460604464,0.7323649178339486,0.18267583342718996,GEE:S2_SR_HARMONIZED
pn_sierra_nevada_senderismo_puente_palo_026,Puente Palo,senderismo,2023,11,2023-11-01,0.6417285599589974,0.24331911185354224,0.28910607292740725,0.544787958103547,0.7560930655881408,0.14497517810125957,GEE:S2_SR_HARMONIZED
pn_sierra_nevada_senderismo_ragua_hoyos_de_pura_027,Ragua - Hoyos de Pura,senderismo,2023,11,2023-11-01,0.6528244817493344,0.3459904006151565,0.2837220267441496,0.5876905358349338,0.8225309990856438,0.23033707988739247,GEE:S2_SR_HARMONIZED
pn_sierra_nevada_senderismo_ragua_lagunilla_seca_028,Ragua - Lagunilla Seca,senderismo,2023,11,2023-11-01,0.5011179551742361,0.1975201647409471,0.23972789813184578,0.3377962744757054,0.7206609646206935,0.20518918276033024,GEE:S2_SR_HARMONIZED
pn_sierra_nevada_senderismo_rio_alhama_029,Río Alhama,senderismo,2023,11,2023-11-01,0.4154624822152393,0.07355324256097995,0.18843431610422806,0.24049796223859227,0.5606792140007018,0.22087799457922094,GEE:S2_SR_HARMONIZED
pn_sierra_nevada_senderismo_rio_bermejo_030,Río Bermejo,senderismo,2023,11,2023-11-01,0.5067297252615001,0.14908697274169092,0.2357674549630661,0.42349480456600214,0.6271269573510218,0.1629431833309077,GEE:S2_SR_HARMONIZED
pn_sierra_nevada_senderismo_rio_grande_de_los_berchules_031,Río Grande de los Berchules,senderismo,2023,11,2023-11-01,0.5314195464165793,0.18361174212648865,0.27107445796256463,0.3652007810263493,0.7013742635126362,0.20598196688855921,GEE:S2_SR_HARMONIZED
pn_sierra_nevada_senderismo_trevelez_siete_lagunas_032,Trevélez - Siete Lagunas,senderismo,2023,11,2023-11-01,0.4331653386375989,0.14024211414905782,0.24103694826669814,0.2932934522343711,0.5743070346452335,0.19588457798079245,GEE:S2_SR_HARMONIZED
pn_sierra_nevada_senderismo_ubeire_033,Ubeire,senderismo,2023,11,2023-11-01,0.6359511266017411,0.23993707425199426,0.28083775537465966,0.5445405854644625,0.7285182642782714,0.12519615364342057,GEE:S2_SR_HARMONIZED
pn_sierra_nevada_senderismo_sulayr_034,SULAYR,senderismo,2023,11,2023-11-01,0.5105099592556845,0.1748055085008034,0.24321130574830463,0.3398842193183181,0.6834965233989989,0.21016408540684806,GEE:S2_SR_HARMONIZED
pn_sierra_nevada_senderismo_carril_cicloturista_la_zubia_cumbres_verdes_035,CARRIL CICLOTURISTA LA ZUBIA-CUMBRES VERDES,senderismo,2023,11,2023-11-01,0.6097517902146546,0.16817794815164042,0.26099271687634096,0.5298082371140208,0.7248502630570254,0.1692637513527509,GEE:S2_SR_HARMONIZED
pn_sierra_nevada_senderismo_dehesa_del_camarate_036,Dehesa del Camarate,senderismo,2023,11,2023-11-01,0.4708603321089891,0.0817728910197931,0.21320698010908873,0.3812301357288267,0.5294094622705605,0.1367134691145678,GEE:S2_SR_HARMONIZED
pn_sierra_nevada_senderismo_pueblos_del_poqueira_037,PUEBLOS DEL POQUEIRA,senderismo,2023,11,2023-11-01,0.5302279471576147,0.11727476947386618,0.2808765249575699,0.44678772480967693,0.6463798306604563,0.17662220242090224,GEE:S2_SR_HARMONIZED
pn_sierra_nevada_senderismo_ragua_barranco_del_hornillo_038,Ragua - Barranco del Hornillo,senderismo,2023,11,2023-11-01,0.7292782907160408,0.36608175181184427,0.29191034847146585,0.610939105351766,0.8453684324640354,0.1526382009679279,GEE:S2_SR_HARMONIZED
pn_sierra_nevada_ciclismo_transnevada_rf_valor_fuente_de_las_primeras_agua_039,Transnevada RF - Valor - Fuente de las Primeras Aguas,ciclismo,2023,11,2023-11-01,0.46422217855290504,0.14566136995487916,0.20097846930081956,0.2831364043330428,0.6467489405724061,0.20860455130367977,GEE:S2_SR_HARMONIZED
pn_sierra_nevada_ciclismo_transnevada_rg_yegen_mecina_bombaron_yegen_040,Transnevada RG - Yegen - Mecina Bombaron - Yegen,ciclismo,2023,11,2023-11-01,0.40961121666621936,0.13203885571620455,0.20447824240674503,0.2542814762211221,0.5505849145449407,0.2045223094744906,GEE:S2_SR_HARMONIZED
pn_sierra_nevada_ciclismo_transnevada_rh_capileira_refugio_poqueira_041,Transnevada RH - Capileira - Refugio Poqueira,ciclismo,2023,11,2023-11-01,0.4143938866946829,0.16010336691890148,0.19537267120347088,0.24011735344704163,0.6116346692828738,0.22776075469791945,GEE:S2_SR_HARMONIZED
pn_sierra_nevada_ciclismo_transnevada_rj_portugos_barranco_bermejo_portugo_042,Transnevada RJ - Portugos - Barranco Bermejo - Portugos,ciclismo,2023,11,2023-11-01,0.4677003917707432,0.1450667324994096,0.21059422094117483,0.3378709439120801,0.5994142146244364,0.17696462573984673,GEE:S2_SR_HARMONIZED
pn_sierra_nevada_ciclismo_transnevada_rk_padre_eterno_ar_puente_palo_padre_043,Transnevada RK - Padre Eterno - AR Puente Palo - Padre Eterno,ciclismo,2023,11,2023-11-01,0.38177455603893334,0.051559744935384746,0.19633459558819738,0.25211381249626136,0.4902195369368563,0.16993186138978023,GEE:S2_SR_HARMONIZED
pn_sierra_nevada_ciclismo_transnevada_rc_abrucena_la_polarda_044,Transnevada RC - Abrucena - La Polarda,ciclismo,2023,11,2023-11-01,0.5456129559189177,0.22972195893316416,0.2478680950452138,0.34007326088441553,0.7383461574596203,0.22231307062100866,GEE:S2_SR_HARMONIZED
pn_sierra_nevada_ciclismo_transnevada_rd_laujar_andarax_loma_raspa_laujar__045,Transnevada RD - Laujar Andarax - Loma Raspa - Laujar Andarax,ciclismo,2023,11,2023-11-01,0.44498561985725094,0.14876518782845374,0.2094912527442972,0.2755895133850565,0.6230045169753056,0.20537075968574084,GEE:S2_SR_HARMONIZED
pn_sierra_nevada_ciclismo_transnevada_ri_niguelas_la_rinconada_niguelas_046,Transnevada RI - Niguelas - La Rinconada - Niguelas,ciclismo,2023,11,2023-11-01,0.35992190969818355,0.0502100456544084,0.18261771552079276,0.2304651036309125,0.46478469832580127,0.1725700717332807,GEE:S2_SR_HARMONIZED
pn_sierra_nevada_ciclismo_transnevada_invierno_047,TRANSNEVADA INVIERNO,ciclismo,2023,11,2023-11-01,0.4844265679811208,0.16195183687469175,0.22871232659109736,0.30866203401177084,0.66016196491222,0.21418222388661462,GEE:S2_SR_HARMONIZED
pn_sierra_nevada_ciclismo_transnevada_verano_048,TRANSNEVADA VERANO,ciclismo,2023,11,2023-11-01,0.4903748122714329,0.16888375201080957,0.2322311033884781,0.3086355534292294,0.6758742901005721,0.21743048065673812,GEE:S2_SR_HARMONIZED
pn_sierra_nevada_ciclismo_transnevada_ra_guejar_sierra_pena_partida_049,Transnevada RA - Güejar Sierra - Peña Partida,ciclismo,2023,11,2023-11-01,0.3563945912270654,0.04437314569074469,0.19126676115564417,0.2520127455136095,0.4472936060856691,0.1409297722359982,GEE:S2_SR_HARMONIZED
pn_sierra_nevada_ciclismo_transnevada_rb_lanteira_postero_alto_lanteira_050,Transnevada RB - Lanteira - Postero Alto - Lanteira,ciclismo,2023,11,2023-11-01,0.5971831208220502,0.3060476031960516,0.275773849169439,0.45691939907368245,0.7616702263887023,0.21229629368329367,GEE:S2_SR_HARMONIZED
pn_sierra_nevada_ciclismo_transnevada_re_bayarcal_laguna_seca_051,Transnevada RE - Bayarcal - Laguna Seca,ciclismo,2023,11,2023-11-01,0.5145575659911055,0.22163613551634012,0.24033354391318992,0.3418617294309823,0.6855075549320592,0.200919056364363,GEE:S2_SR_HARMONIZED
pn_sierra_nevada_ciclismo_carril_cicloturista_la_zubia_cumbres_verdes_052,CARRIL CICLOTURISTA LA ZUBIA-CUMBRES VERDES,ciclismo,2023,11,2023-11-01,0.6097517902146546,0.16817794815164042,0.26099271687634096,0.5298082371140208,0.7248502630570254,0.1692637513527509,GEE:S2_SR_HARMONIZED
pn_sierra_nevada_senderismo_transnevada_rf_valor_fuente_de_las_primeras_agua_000,Transnevada RF - Valor - Fuente de las Primeras Aguas,senderismo,2023,12,2023-12-01,0.4768222375375831,0.15853230715760422,0.20396803907233702,0.2773049439642568,0.6838666578543342,0.22315447595255286,GEE:S2_SR_HARMONIZED
pn_sierra_nevada_senderismo_transnevada_rg_yegen_mecina_bombaron_yegen_001,Transnevada RG - Yegen - Mecina Bombaron - Yegen,senderismo,2023,12,2023-12-01,0.4282422043848143,0.1420836262849736,0.20129960381711376,0.25395703163768424,0.5817156410809944,0.2187109478693032,GEE:S2_SR_HARMONIZED
pn_sierra_nevada_senderismo_transnevada_rh_capileira_refugio_poqueira_002,Transnevada RH - Capileira - Refugio Poqueira,senderismo,2023,12,2023-12-01,0.4325830631790544,0.18047983982142377,0.1983655482870552,0.25182463189362975,0.6502076816527268,0.23584130742351123,GEE:S2_SR_HARMONIZED
pn_sierra_nevada_senderismo_transnevada_rj_portugos_barranco_bermejo_portugo_003,Transnevada RJ - Portugos - Barranco Bermejo - Portugos,senderismo,2023,12,2023-12-01,0.46687024917344006,0.1392910348106084,0.20088745666788618,0.3262087142941106,0.6075424229507324,0.18695490188771055,GEE:S2_SR_HARMONIZED
pn_sierra_nevada_senderismo_transnevada_rk_padre_eterno_ar_puente_palo_padre_004,Transnevada RK - Padre Eterno - AR Puente Palo - Padre Eterno,senderismo,2023,12,2023-12-01,0.4165070341875503,0.0776012545933356,0.21052234658559246,0.29901943049792434,0.5100750212683685,0.16260887261550278,GEE:S2_SR_HARMONIZED
pn_sierra_nevada_senderismo_transnevada_rc_abrucena_la_polarda_005,Transnevada RC - Abrucena - La Polarda,senderismo,2023,12,2023-12-01,0.6054768397733896,0.254927679481147,0.24916647706133407,0.36918905395446217,0.8105796202808261,0.25497655705747085,GEE:S2_SR_HARMONIZED
pn_sierra_nevada_senderismo_transnevada_rd_laujar_andarax_loma_raspa_laujar__006,Transnevada RD - Laujar Andarax - Loma Raspa - Laujar Andarax,senderismo,2023,12,2023-12-01,0.4623420360811166,0.15569590702841304,0.20700123435370485,0.28525021068794054,0.6527870829592635,0.21839386487700072,GEE:S2_SR_HARMONIZED
pn_sierra_nevada_senderismo_transnevada_ri_niguelas_la_rinconada_niguelas_007,Transnevada RI - Niguelas - La Rinconada - Niguelas,senderismo,2023,12,2023-12-01,0.39556748499354244,0.06522738206076238,0.19180352920302432,0.26196173093297986,0.5036279561584721,0.17758804883370002,GEE:S2_SR_HARMONIZED
pn_sierra_nevada_senderismo_acequias_del_poqueira_008,Acequias del Poqueira,senderismo,2023,12,2023-12-01,0.4705553834694065,0.1079353416968751,0.23505503339945094,0.34187726113548933,0.5565062115668592,0.1787487235006675,GEE:S2_SR_HARMONIZED
pn_sierra_nevada_senderismo_canal_de_la_espartera_arenales_del_trevenque_009,Canal de la Espartera - Arenales del Trevenque,senderismo,2023,12,2023-12-01,0.5048358252073394,0.13544151471131785,0.21367788597768816,0.30681057371537795,0.732147762602484,0.2482195336563138,GEE:S2_SR_HARMONIZED
pn_sierra_nevada_senderismo_cerro_huenes_010,Cerro Huenes,senderismo,2023,12,2023-12-01,0.7319359273924786,0.2807767150350284,0.28276650366214867,0.5607806488911937,0.9004257044126822,0.2232156539510033,GEE:S2_SR_HARMONIZED
pn_sierra_nevada_senderismo_el_aguadero_011,El Aguadero,senderismo,2023,12,2023-12-01,0.5473057401570216,0.20342624872604426,0.24951709919225465,0.3689658811010857,0.7364908483148795,0.20670909701623746,GEE:S2_SR_HARMONIZED
pn_sierra_nevada_senderismo_haza_larguilla_012,Haza Larguilla,senderismo,2023,12,2023-12-01,0.3483229120360367,-0.03213039152432801,0.16550178315164252,0.27819199363390607,0.41260736277085924,0.0952794767078513,GEE:S2_SR_HARMONIZED
pn_sierra_nevada_senderismo_hoya_del_portillo_refugio_poqueira_013,Hoya del Portillo - Refugio Poqueira,senderismo,2023,12,2023-12-01,0.44842348934876114,0.18237702375728643,0.22001507780638924,0.30659882966011465,0.5373280799814631,0.21461861183338707,GEE:S2_SR_HARMONIZED
pn_sierra_nevada_senderismo_jerez_del_marquesado_postero_alto_014,Jerez del Marquesado - Postero Alto,senderismo,2023,12,2023-12-01,0.5858370612043234,0.2918882258865091,0.25984816326119686,0.3848491770848589,0.8027691607263976,0.24672988774036167,GEE:S2_SR_HARMONIZED
pn_sierra_nevada_senderismo_ragua_aldeire_015,Ragua - Aldeire,senderismo,2023,12,2023-12-01,0.5716235626230979,0.22861157460822804,0.27178666675580154,0.3415961834262787,0.8220243152762261,0.25041754336072797,GEE:S2_SR_HARMONIZED
pn_sierra_nevada_senderismo_transnevada_invierno_016,TRANSNEVADA INVIERNO,senderismo,2023,12,2023-12-01,0.5303092668380475,0.18109944195374864,0.23177784410867247,0.3320304411339989,0.7382326386852455,0.23498105622139825,GEE:S2_SR_HARMONIZED
pn_sierra_nevada_senderismo_transnevada_verano_017,TRANSNEVADA VERANO,senderismo,2023,12,2023-12-01,0.5369164793354667,0.18930018977942706,0.2356602455373771,0.33985036886245473,0.7461252924122944,0.23767059247246633,GEE:S2_SR_HARMONIZED
pn_sierra_nevada_senderismo_transnevada_ra_guejar_sierra_pena_partida_018,Transnevada RA - Güejar Sierra - Peña Partida,senderismo,2023,12,2023-12-01,0.3943874906355248,0.05529990104780463,0.20195650748672414,0.287029102720701,0.48650164334538304,0.1538537811711008,GEE:S2_SR_HARMONIZED
pn_sierra_nevada_senderismo_transnevada_rb_lanteira_postero_alto_lanteira_019,Transnevada RB - Lanteira - Postero Alto - Lanteira,senderismo,2023,12,2023-12-01,0.6579396368474064,0.34444921505166354,0.2879423361854904,0.5196006319326768,0.8318853771466148,0.2253689269298544,GEE:S2_SR_HARMONIZED
pn_sierra_nevada_senderismo_transnevada_re_bayarcal_laguna_seca_020,Transnevada RE - Bayarcal - Laguna Seca,senderismo,2023,12,2023-12-01,0.5679322132394444,0.24697086035803653,0.24418801342426852,0.3633568968361855,0.7696178935783082,0.226963706235336,GEE:S2_SR_HARMONIZED
pn_sierra_nevada_senderismo_la_cebadilla_021,La Cebadilla,senderismo,2023,12,2023-12-01,0.5139231897389265,0.10188629854170425,0.25852463999538927,0.42018080839016575,0.5955605251857867,0.16047681547887852,GEE:S2_SR_HARMONIZED
pn_sierra_nevada_senderismo_la_silleta_022,La Silleta,senderismo,2023,12,2023-12-01,0.5698588122773088,0.1423425486788876,0.22445558073505897,0.37900745292572907,0.7620601556840324,0.23059274456235246,GEE:S2_SR_HARMONIZED
pn_sierra_nevada_senderismo_lanjaron_tello_023,Lanjaron - Tello,senderismo,2023,12,2023-12-01,0.4803102073551127,0.05449169075567936,0.24870364381823415,0.3885564769775132,0.5679355977544721,0.11919646689851715,GEE:S2_SR_HARMONIZED
pn_sierra_nevada_senderismo_molinos_de_isfalada_024,Molinos de Isfalada,senderismo,2023,12,2023-12-01,0.39503769399386285,0.08042720850702643,0.17653020663373878,0.26408502980591886,0.49801680866964093,0.18599946442416493,GEE:S2_SR_HARMONIZED
pn_sierra_nevada_senderismo_monterrey_025,Monterrey,senderismo,2023,12,2023-12-01,0.5854232237906175,0.18717617356396157,0.2632282119493821,0.42721677308819606,0.7675200543271993,0.19946850350770862,GEE:S2_SR_HARMONIZED
pn_sierra_nevada_senderismo_puente_palo_026,Puente Palo,senderismo,2023,12,2023-12-01,0.6721530134968225,0.26280278347950997,0.28801001626694805,0.5724014257155903,0.7830241975292547,0.1406655193119426,GEE:S2_SR_HARMONIZED
pn_sierra_nevada_senderismo_ragua_hoyos_de_pura_027,Ragua - Hoyos de Pura,senderismo,2023,12,2023-12-01,0.693407895251008,0.37392456495551935,0.30881807621649143,0.6529726009948698,0.8494798662902733,0.23423787155536754,GEE:S2_SR_HARMONIZED
pn_sierra_nevada_senderismo_ragua_lagunilla_seca_028,Ragua - Lagunilla Seca,senderismo,2023,12,2023-12-01,0.543978059948608,0.2075922496314972,0.25077317321638676,0.3650783937896837,0.7907530864736652,0.22363229068050836,GEE:S2_SR_HARMONIZED
pn_sierra_nevada_senderismo_rio_alhama_029,Río Alhama,senderismo,2023,12,2023-12-01,0.4802807635961286,0.09081734903442325,0.20247154558136843,0.3085302284738093,0.6214566134050918,0.23761156272759223,GEE:S2_SR_HARMONIZED
pn_sierra_nevada_senderismo_rio_bermejo_030,Río Bermejo,senderismo,2023,12,2023-12-01,0.4824811587093607,0.11501369548467608,0.2149919527452947,0.39665263354650965,0.5919335291101999,0.15139434282907244,GEE:S2_SR_HARMONIZED
pn_sierra_nevada_senderismo_rio_grande_de_los_berchules_031,Río Grande de los Berchules,senderismo,2023,12,2023-12-01,0.5376249694551483,0.1675111074520799,0.23989504303468795,0.3652294271891082,0.6776638288380501,0.22614954202065896,GEE:S2_SR_HARMONIZED
pn_sierra_nevada_senderismo_trevelez_siete_lagunas_032,Trevélez - Siete Lagunas,senderismo,2023,12,2023-12-01,0.4202373985524683,0.1283845099925725,0.22058744665638175,0.3084807943613021,0.5346544705170364,0.17675055788378322,GEE:S2_SR_HARMONIZED
pn_sierra_nevada_senderismo_ubeire_033,Ubeire,senderismo,2023,12,2023-12-01,0.7153974943561553,0.2429567651340691,0.2699007945683497,0.595267610639431,0.8417177695965811,0.16887071156841552,GEE:S2_SR_HARMONIZED
pn_sierra_nevada_senderismo_sulayr_034,SULAYR,senderismo,2023,12,2023-12-01,0.5461837079246953,0.18113327765744303,0.23767217064430865,0.35549746989560227,0.7617075778865858,0.23208797585206667,GEE:S2_SR_HARMONIZED
pn_sierra_nevada_senderismo_carril_cicloturista_la_zubia_cumbres_verdes_035,CARRIL CICLOTURISTA LA ZUBIA-CUMBRES VERDES,senderismo,2023,12,2023-12-01,0.6619713958036383,0.2216347280062299,0.2799210585415085,0.5957990796382236,0.7674355052984677,0.1617221686433326,GEE:S2_SR_HARMONIZED
pn_sierra_nevada_senderismo_dehesa_del_camarate_036,Dehesa del Camarate,senderismo,2023,12,2023-12-01,0.49314874442656753,0.011898166126075383,0.18646031757185447,0.3688294649374392,0.5605049831764576,0.1783141889656395,GEE:S2_SR_HARMONIZED
pn_sierra_nevada_senderismo_pueblos_del_poqueira_037,PUEBLOS DEL POQUEIRA,senderismo,2023,12,2023-12-01,0.5238305292577055,0.09976554415540931,0.26658070326147926,0.46679012526827884,0.622831428720679,0.16640015951857573,GEE:S2_SR_HARMONIZED
pn_sierra_nevada_senderismo_ragua_barranco_del_hornillo_038,Ragua - Barranco del Hornillo,senderismo,2023,12,2023-12-01,0.7577011731248272,0.3922966462220677,0.3209177422955066,0.6626171902381188,0.8694265105842072,0.15166554814881106,GEE:S2_SR_HARMONIZED
pn_sierra_nevada_ciclismo_transnevada_rf_valor_fuente_de_las_primeras_agua_039,Transnevada RF - Valor - Fuente de las Primeras Aguas,ciclismo,2023,12,2023-12-01,0.4768222375375831,0.15853230715760422,0.20396803907233702,0.2773049439642568,0.6838666578543342,0.22315447595255286,GEE:S2_SR_HARMONIZED
pn_sierra_nevada_ciclismo_transnevada_rg_yegen_mecina_bombaron_yegen_040,Transnevada RG - Yegen - Mecina Bombaron - Yegen,ciclismo,2023,12,2023-12-01,0.4282422043848143,0.1420836262849736,0.20129960381711376,0.25395703163768424,0.5817156410809944,0.2187109478693032,GEE:S2_SR_HARMONIZED
pn_sierra_nevada_ciclismo_transnevada_rh_capileira_refugio_poqueira_041,Transnevada RH - Capileira - Refugio Poqueira,ciclismo,2023,12,2023-12-01,0.4325830631790544,0.18047983982142377,0.1983655482870552,0.25182463189362975,0.6502076816527268,0.23584130742351123,GEE:S2_SR_HARMONIZED
pn_sierra_nevada_ciclismo_transnevada_rj_portugos_barranco_bermejo_portugo_042,Transnevada RJ - Portugos - Barranco Bermejo - Portugos,ciclismo,2023,12,2023-12-01,0.46687024917344006,0.1392910348106084,0.20088745666788618,0.3262087142941106,0.6075424229507324,0.18695490188771055,GEE:S2_SR_HARMONIZED
pn_sierra_nevada_ciclismo_transnevada_rk_padre_eterno_ar_puente_palo_padre_043,Transnevada RK - Padre Eterno - AR Puente Palo - Padre Eterno,ciclismo,2023,12,2023-12-01,0.4165070341875503,0.0776012545933356,0.21052234658559246,0.29901943049792434,0.5100750212683685,0.16260887261550278,GEE:S2_SR_HARMONIZED
pn_sierra_nevada_ciclismo_transnevada_rc_abrucena_la_polarda_044,Transnevada RC - Abrucena - La Polarda,ciclismo,2023,12,2023-12-01,0.6054768397733896,0.254927679481147,0.24916647706133407,0.36918905395446217,0.8105796202808261,0.25497655705747085,GEE:S2_SR_HARMONIZED
pn_sierra_nevada_ciclismo_transnevada_rd_laujar_andarax_loma_raspa_laujar__045,Transnevada RD - Laujar Andarax - Loma Raspa - Laujar Andarax,ciclismo,2023,12,2023-12-01,0.4623420360811166,0.15569590702841304,0.20700123435370485,0.28525021068794054,0.6527870829592635,0.21839386487700072,GEE:S2_SR_HARMONIZED
pn_sierra_nevada_ciclismo_transnevada_ri_niguelas_la_rinconada_niguelas_046,Transnevada RI - Niguelas - La Rinconada - Niguelas,ciclismo,2023,12,2023-12-01,0.39556748499354244,0.06522738206076238,0.19180352920302432,0.26196173093297986,0.5036279561584721,0.17758804883370002,GEE:S2_SR_HARMONIZED
pn_sierra_nevada_ciclismo_transnevada_invierno_047,TRANSNEVADA INVIERNO,ciclismo,2023,12,2023-12-01,0.5303092668380475,0.18109944195374864,0.23177784410867247,0.3320304411339989,0.7382326386852455,0.23498105622139825,GEE:S2_SR_HARMONIZED
pn_sierra_nevada_ciclismo_transnevada_verano_048,TRANSNEVADA VERANO,ciclismo,2023,12,2023-12-01,0.5369164793354667,0.18930018977942706,0.2356602455373771,0.33985036886245473,0.7461252924122944,0.23767059247246633,GEE:S2_SR_HARMONIZED
pn_sierra_nevada_ciclismo_transnevada_ra_guejar_sierra_pena_partida_049,Transnevada RA - Güejar Sierra - Peña Partida,ciclismo,2023,12,2023-12-01,0.3943874906355248,0.05529990104780463,0.20195650748672414,0.287029102720701,0.48650164334538304,0.1538537811711008,GEE:S2_SR_HARMONIZED
pn_sierra_nevada_ciclismo_transnevada_rb_lanteira_postero_alto_lanteira_050,Transnevada RB - Lanteira - Postero Alto - Lanteira,ciclismo,2023,12,2023-12-01,0.6579396368474064,0.34444921505166354,0.2879423361854904,0.5196006319326768,0.8318853771466148,0.2253689269298544,GEE:S2_SR_HARMONIZED
pn_sierra_nevada_ciclismo_transnevada_re_bayarcal_laguna_seca_051,Transnevada RE - Bayarcal - Laguna Seca,ciclismo,2023,12,2023-12-01,0.5679322132394444,0.24697086035803653,0.24418801342426852,0.3633568968361855,0.7696178935783082,0.226963706235336,GEE:S2_SR_HARMONIZED
pn_sierra_nevada_ciclismo_carril_cicloturista_la_zubia_cumbres_verdes_052,CARRIL CICLOTURISTA LA ZUBIA-CUMBRES VERDES,ciclismo,2023,12,2023-12-01,0.6619713958036383,0.2216347280062299,0.2799210585415085,0.5957990796382236,0.7674355052984677,0.1617221686433326,GEE:S2_SR_HARMONIZED
pn_sierra_nevada_senderismo_transnevada_rf_valor_fuente_de_las_primeras_agua_000,Transnevada RF - Valor - Fuente de las Primeras Aguas,senderismo,2024,1,2024-01-01,0.4116006105742783,0.1465476595613799,0.20179959229790786,0.25406890925368164,0.5667692271031617,0.18400145282618982,GEE:S2_SR_HARMONIZED
pn_sierra_nevada_senderismo_transnevada_rg_yegen_mecina_bombaron_yegen_001,Transnevada RG - Yegen - Mecina Bombaron - Yegen,senderismo,2024,1,2024-01-01,0.36126295456137403,0.12284391223471525,0.19284801998358275,0.23033580962240965,0.4802310770807748,0.16832153319444718,GEE:S2_SR_HARMONIZED
pn_sierra_nevada_senderismo_transnevada_rh_capileira_refugio_poqueira_002,Transnevada RH - Capileira - Refugio Poqueira,senderismo,2024,1,2024-01-01,0.350476600946545,0.19081737238555682,0.19384349803270187,0.21282389211559868,0.49413245601452954,0.18184162345468435,GEE:S2_SR_HARMONIZED
pn_sierra_nevada_senderismo_transnevada_rj_portugos_barranco_bermejo_portugo_003,Transnevada RJ - Portugos - Barranco Bermejo - Portugos,senderismo,2024,1,2024-01-01,0.4148767914415823,0.12005767341842168,0.1936522651614574,0.2948185112487638,0.5293881807844646,0.16689091503340786,GEE:S2_SR_HARMONIZED
pn_sierra_nevada_senderismo_transnevada_rk_padre_eterno_ar_puente_palo_padre_004,Transnevada RK - Padre Eterno - AR Puente Palo - Padre Eterno,senderismo,2024,1,2024-01-01,0.38148873726150945,0.06467713844172893,0.20142884633460154,0.279147199021165,0.4629568744391477,0.14285371716598105,GEE:S2_SR_HARMONIZED
pn_sierra_nevada_senderismo_transnevada_rc_abrucena_la_polarda_005,Transnevada RC - Abrucena - La Polarda,senderismo,2024,1,2024-01-01,0.5084468816235783,0.23158090908320075,0.24649539891769282,0.34793650051536884,0.6600813702329003,0.19497571611929893,GEE:S2_SR_HARMONIZED
pn_sierra_nevada_senderismo_transnevada_rd_laujar_andarax_loma_raspa_laujar__006,Transnevada RD - Laujar Andarax - Loma Raspa - Laujar Andarax,senderismo,2024,1,2024-01-01,0.41352041272279516,0.1481611690470273,0.1981821510547381,0.26349102499628435,0.5723311076811968,0.1850641246008547,GEE:S2_SR_HARMONIZED
pn_sierra_nevada_senderismo_transnevada_ri_niguelas_la_rinconada_niguelas_007,Transnevada RI - Niguelas - La Rinconada - Niguelas,senderismo,2024,1,2024-01-01,0.36351303087306014,0.06988256973279319,0.18087462816706157,0.2521679900516954,0.44729232146906356,0.15618092322874205,GEE:S2_SR_HARMONIZED
pn_sierra_nevada_senderismo_acequias_del_poqueira_008,Acequias del Poqueira,senderismo,2024,1,2024-01-01,0.3757464331024084,0.11632816224660722,0.22512524792882035,0.2793003115146185,0.4509223671891519,0.12972966585761997,GEE:S2_SR_HARMONIZED
pn_sierra_nevada_senderismo_canal_de_la_espartera_arenales_del_trevenque_009,Canal de la Espartera - Arenales del Trevenque,senderismo,2024,1,2024-01-01,0.4611873247584137,0.12722216878951456,0.21406135642355228,0.2835703826128528,0.6583999985053445,0.2228024985277106,GEE:S2_SR_HARMONIZED
pn_sierra_nevada_senderismo_cerro_huenes_010,Cerro Huenes,senderismo,2024,1,2024-01-01,0.6073467050190032,0.25808897896926164,0.28765178271325803,0.49420334536593624,0.7171150279652303,0.17155081078853684,GEE:S2_SR_HARMONIZED
pn_sierra_nevada_senderismo_el_aguadero_011,El Aguadero,senderismo,2024,1,2024-01-01,0.4659204874986694,0.18477587259360775,0.24367569701970737,0.33795312520487436,0.5958356548410908,0.15687671720784913,GEE:S2_SR_HARMONIZED
pn_sierra_nevada_senderismo_haza_larguilla_012,Haza Larguilla,senderismo,2024,1,2024-01-01,0.33701732777731297,-0.03594408681236808,0.15547703913214458,0.2722195658387847,0.3956876153601209,0.08985561067014768,GEE:S2_SR_HARMONIZED
pn_sierra_nevada_senderismo_hoya_del_portillo_refugio_poqueira_013,Hoya del Portillo - Refugio Poqueira,senderismo,2024,1,2024-01-01,0.3613730104577003,0.20312395174005357,0.21659662689469872,0.24024518875028317,0.4158593599042293,0.18341636087553292,GEE:S2_SR_HARMONIZED
pn_sierra_nevada_senderismo_jerez_del_marquesado_postero_alto_014,Jerez del Marquesado - Postero Alto,senderismo,2024,1,2024-01-01,0.5307735931900652,0.26330338297861194,0.2542952029026376,0.35328026341592855,0.7245554765664699,0.21804911543445185,GEE:S2_SR_HARMONIZED
pn_sierra_nevada_senderismo_ragua_aldeire_015,Ragua - Aldeire,senderismo,2024,1,2024-01-01,0.5145464705594363,0.20374962511412392,0.2570686658051131,0.3221834932655632,0.7327394640348689,0.22003946232508453,GEE:S2_SR_HARMONIZED
pn_sierra_nevada_senderismo_transnevada_invierno_016,TRANSNEVADA INVIERNO,senderismo,2024,1,2024-01-01,0.46260232464040946,0.16525621972250193,0.22548019998497235,0.30077521519799905,0.6211241641306662,0.193911345411067,GEE:S2_SR_HARMONIZED
pn_sierra_nevada_senderismo_transnevada_verano_017,TRANSNEVADA VERANO,senderismo,2024,1,2024-01-01,0.4691585660843003,0.1741903658261858,0.22937044938945705,0.30855437272688674,0.6366604326262593,0.19686547708214755,GEE:S2_SR_HARMONIZED
pn_sierra_nevada_senderismo_transnevada_ra_guejar_sierra_pena_partida_018,Transnevada RA - Güejar Sierra - Peña Partida,senderismo,2024,1,2024-01-01,0.33549980076596775,0.05460474532476223,0.1998793437388298,0.2481031244035659,0.39650430667871867,0.1352849806350942,GEE:S2_SR_HARMONIZED
pn_sierra_nevada_senderismo_transnevada_rb_lanteira_postero_alto_lanteira_019,Transnevada RB - Lanteira - Postero Alto - Lanteira,senderismo,2024,1,2024-01-01,0.5765956660712581,0.3092148131844993,0.2860795727237409,0.46699240214703924,0.7206460378871676,0.18498407594824423,GEE:S2_SR_HARMONIZED
pn_sierra_nevada_senderismo_transnevada_re_bayarcal_laguna_seca_020,Transnevada RE - Bayarcal - Laguna Seca,senderismo,2024,1,2024-01-01,0.49674288988305976,0.22984013662280048,0.23682077415437716,0.3300260719716383,0.65808939926843,0.1904007161607507,GEE:S2_SR_HARMONIZED
pn_sierra_nevada_senderismo_la_cebadilla_021,La Cebadilla,senderismo,2024,1,2024-01-01,0.4146884640422242,0.07958641949354883,0.2406564691398778,0.3535243441870743,0.478505678186121,0.10745569078480761,GEE:S2_SR_HARMONIZED
pn_sierra_nevada_senderismo_la_silleta_022,La Silleta,senderismo,2024,1,2024-01-01,0.5007186854035619,0.12313123059144819,0.23453595015930323,0.3708761212986839,0.6441932665405583,0.1696069026169011,GEE:S2_SR_HARMONIZED
pn_sierra_nevada_senderismo_lanjaron_tello_023,Lanjaron - Tello,senderismo,2024,1,2024-01-01,0.4648545967179012,0.039164463447311657,0.23899962272826272,0.38493701570361966,0.5447353679167649,0.110156282916776,GEE:S2_SR_HARMONIZED
pn_sierra_nevada_senderismo_molinos_de_isfalada_024,Molinos de Isfalada,senderismo,2024,1,2024-01-01,0.35908482778607015,0.05561574805621762,0.15663443143686331,0.24441694032694503,0.4551668519818406,0.15276907675853638,GEE:S2_SR_HARMONIZED
pn_sierra_nevada_senderismo_monterrey_025,Monterrey,senderismo,2024,1,2024-01-01,0.5024035025586925,0.17761405710521855,0.254678868740767,0.38062508793364214,0.6462277056615907,0.15955878019718114,GEE:S2_SR_HARMONIZED
pn_sierra_nevada_senderismo_puente_palo_026,Puente Palo,senderismo,2024,1,2024-01-01,0.6327357751432366,0.2508774960295677,0.28984698290424005,0.540705603133505,0.732001908610523,0.12742093839822538,GEE:S2_SR_HARMONIZED
pn_sierra_nevada_senderismo_ragua_hoyos_de_pura_027,Ragua - Hoyos de Pura,senderismo,2024,1,2024-01-01,0.6324315972330888,0.35657849246347295,0.3033626671328868,0.5919171925257092,0.791036485031074,0.21898053279858204,GEE:S2_SR_HARMONIZED
pn_sierra_nevada_senderismo_ragua_lagunilla_seca_028,Ragua - Lagunilla Seca,senderismo,2024,1,2024-01-01,0.44211031414269425,0.22237387757941898,0.24273163709715817,0.2831659949452513,0.6463175778810805,0.19873035494207117,GEE:S2_SR_HARMONIZED
pn_sierra_nevada_senderismo_rio_alhama_029,Río Alhama,senderismo,2024,1,2024-01-01,0.45053836902122674,0.08647936368792637,0.19768725456685665,0.31464040477209976,0.5800453038048505,0.1926422883578981,GEE:S2_SR_HARMONIZED
pn_sierra_nevada_senderismo_rio_bermejo_030,Río Bermejo,senderismo,2024,1,2024-01-01,0.43902561789423916,0.09215255808648774,0.2039362483479104,0.3651556629400986,0.5333611557572991,0.13622434834370067,GEE:S2_SR_HARMONIZED
pn_sierra_nevada_senderismo_rio_grande_de_los_berchules_031,Río Grande de los Berchules,senderismo,2024,1,2024-01-01,0.3883737615859859,0.1316797278506713,0.24113099935371735,0.29496782087722223,0.4708575062615396,0.12996028039475568,GEE:S2_SR_HARMONIZED
pn_sierra_nevada_senderismo_trevelez_siete_lagunas_032,Trevélez - Siete Lagunas,senderismo,2024,1,2024-01-01,0.34331385719497737,0.11792042644678359,0.1921673017070483,0.24626477628121551,0.441828977229374,0.15741361434741102,GEE:S2_SR_HARMONIZED
pn_sierra_nevada_senderismo_ubeire_033,Ubeire,senderismo,2024,1,2024-01-01,0.6903025604810823,0.22529838715356126,0.24979915555292903,0.5721019536234092,0.8103127223629049,0.15698235623732587,GEE:S2_SR_HARMONIZED
pn_sierra_nevada_senderismo_sulayr_034,SULAYR,senderismo,2024,1,2024-01-01,0.45128268326428683,0.1756515059528519,0.2320361134793208,0.3007993823857862,0.6054737741057682,0.1879989347485035,GEE:S2_SR_HARMONIZED
pn_sierra_nevada_senderismo_carril_cicloturista_la_zubia_cumbres_verdes_035,CARRIL CICLOTURISTA LA ZUBIA-CUMBRES VERDES,senderismo,2024,1,2024-01-01,0.591747286789055,0.19298747844352895,0.27643502602816633,0.5368299529164172,0.6816028124141501,0.1351933945573485,GEE:S2_SR_HARMONIZED
pn_sierra_nevada_senderismo_dehesa_del_camarate_036,Dehesa del Camarate,senderismo,2024,1,2024-01-01,0.4170071668742082,0.020779932812908086,0.17505521668603166,0.33386930371609824,0.4781748483211715,0.11925658072246205,GEE:S2_SR_HARMONIZED
pn_sierra_nevada_senderismo_pueblos_del_poqueira_037,PUEBLOS DEL POQUEIRA,senderismo,2024,1,2024-01-01,0.46152600536549643,0.06736359516683141,0.24713406790592257,0.4080622175070595,0.552959526738619,0.14185960044916518,GEE:S2_SR_HARMONIZED
pn_sierra_nevada_senderismo_ragua_barranco_del_hornillo_038,Ragua - Barranco del Hornillo,senderismo,2024,1,2024-01-01,0.6957125700216596,0.37146112435484946,0.29611708392713715,0.5990842779477438,0.8025870420832834,0.14061092922465807,GEE:S2_SR_HARMONIZED
pn_sierra_nevada_ciclismo_transnevada_rf_valor_fuente_de_las_primeras_agua_039,Transnevada RF - Valor - Fuente de las Primeras Aguas,ciclismo,2024,1,2024-01-01,0.4116006105742783,0.1465476595613799,0.20179959229790786,0.25406890925368164,0.5667692271031617,0.18400145282618982,GEE:S2_SR_HARMONIZED
pn_sierra_nevada_ciclismo_transnevada_rg_yegen_mecina_bombaron_yegen_040,Transnevada RG - Yegen - Mecina Bombaron - Yegen,ciclismo,2024,1,2024-01-01,0.36126295456137403,0.12284391223471525,0.19284801998358275,0.23033580962240965,0.4802310770807748,0.16832153319444718,GEE:S2_SR_HARMONIZED
pn_sierra_nevada_ciclismo_transnevada_rh_capileira_refugio_poqueira_041,Transnevada RH - Capileira - Refugio Poqueira,ciclismo,2024,1,2024-01-01,0.350476600946545,0.19081737238555682,0.19384349803270187,0.21282389211559868,0.49413245601452954,0.18184162345468435,GEE:S2_SR_HARMONIZED
pn_sierra_nevada_ciclismo_transnevada_rj_portugos_barranco_bermejo_portugo_042,Transnevada RJ - Portugos - Barranco Bermejo - Portugos,ciclismo,2024,1,2024-01-01,0.4148767914415823,0.12005767341842168,0.1936522651614574,0.2948185112487638,0.5293881807844646,0.16689091503340786,GEE:S2_SR_HARMONIZED
pn_sierra_nevada_ciclismo_transnevada_rk_padre_eterno_ar_puente_palo_padre_043,Transnevada RK - Padre Eterno - AR Puente Palo - Padre Eterno,ciclismo,2024,1,2024-01-01,0.38148873726150945,0.06467713844172893,0.20142884633460154,0.279147199021165,0.4629568744391477,0.14285371716598105,GEE:S2_SR_HARMONIZED
pn_sierra_nevada_ciclismo_transnevada_rc_abrucena_la_polarda_044,Transnevada RC - Abrucena - La Polarda,ciclismo,2024,1,2024-01-01,0.5084468816235783,0.23158090908320075,0.24649539891769282,0.34793650051536884,0.6600813702329003,0.19497571611929893,GEE:S2_SR_HARMONIZED
pn_sierra_nevada_ciclismo_transnevada_rd_laujar_andarax_loma_raspa_laujar__045,Transnevada RD - Laujar Andarax - Loma Raspa - Laujar Andarax,ciclismo,2024,1,2024-01-01,0.41352041272279516,0.1481611690470273,0.1981821510547381,0.26349102499628435,0.5723311076811968,0.1850641246008547,GEE:S2_SR_HARMONIZED
pn_sierra_nevada_ciclismo_transnevada_ri_niguelas_la_rinconada_niguelas_046,Transnevada RI - Niguelas - La Rinconada - Niguelas,ciclismo,2024,1,2024-01-01,0.36351303087306014,0.06988256973279319,0.18087462816706157,0.2521679900516954,0.44729232146906356,0.15618092322874205,GEE:S2_SR_HARMONIZED
pn_sierra_nevada_ciclismo_transnevada_invierno_047,TRANSNEVADA INVIERNO,ciclismo,2024,1,2024-01-01,0.46260232464040946,0.16525621972250193,0.22548019998497235,0.30077521519799905,0.6211241641306662,0.193911345411067,GEE:S2_SR_HARMONIZED
pn_sierra_nevada_ciclismo_transnevada_verano_048,TRANSNEVADA VERANO,ciclismo,2024,1,2024-01-01,0.4691585660843003,0.1741903658261858,0.22937044938945705,0.30855437272688674,0.6366604326262593,0.19686547708214755,GEE:S2_SR_HARMONIZED
pn_sierra_nevada_ciclismo_transnevada_ra_guejar_sierra_pena_partida_049,Transnevada RA - Güejar Sierra - Peña Partida,ciclismo,2024,1,2024-01-01,0.33549980076596775,0.05460474532476223,0.1998793437388298,0.2481031244035659,0.39650430667871867,0.1352849806350942,GEE:S2_SR_HARMONIZED
pn_sierra_nevada_ciclismo_transnevada_rb_lanteira_postero_alto_lanteira_050,Transnevada RB - Lanteira - Postero Alto - Lanteira,ciclismo,2024,1,2024-01-01,0.5765956660712581,0.3092148131844993,0.2860795727237409,0.46699240214703924,0.7206460378871676,0.18498407594824423,GEE:S2_SR_HARMONIZED
pn_sierra_nevada_ciclismo_transnevada_re_bayarcal_laguna_seca_051,Transnevada RE - Bayarcal - Laguna Seca,ciclismo,2024,1,2024-01-01,0.49674288988305976,0.22984013662280048,0.23682077415437716,0.3300260719716383,0.65808939926843,0.1904007161607507,GEE:S2_SR_HARMONIZED
pn_sierra_nevada_ciclismo_carril_cicloturista_la_zubia_cumbres_verdes_052,CARRIL CICLOTURISTA LA ZUBIA-CUMBRES VERDES,ciclismo,2024,1,2024-01-01,0.591747286789055,0.19298747844352895,0.27643502602816633,0.5368299529164172,0.6816028124141501,0.1351933945573485,GEE:S2_SR_HARMONIZED
pn_sierra_nevada_senderismo_transnevada_rf_valor_fuente_de_las_primeras_agua_000,Transnevada RF - Valor - Fuente de las Primeras Aguas,senderismo,2024,2,2024-02-01,0.4354533801992167,0.133221681315865,0.19581495087903694,0.26965602550233503,0.5977558146042886,0.19431801704377513,GEE:S2_SR_HARMONIZED
pn_sierra_nevada_senderismo_transnevada_rg_yegen_mecina_bombaron_yegen_001,Transnevada RG - Yegen - Mecina Bombaron - Yegen,senderismo,2024,2,2024-02-01,0.38447185754749225,0.1106096312460011,0.18753848473695875,0.23640723148712575,0.5137063159104069,0.19221424955073793,GEE:S2_SR_HARMONIZED
pn_sierra_nevada_senderismo_transnevada_rh_capileira_refugio_poqueira_002,Transnevada RH - Capileira - Refugio Poqueira,senderismo,2024,2,2024-02-01,0.39065846846568053,0.1850206538256511,0.19312506943959534,0.22450161163538457,0.5918971408023838,0.2097920497928532,GEE:S2_SR_HARMONIZED
pn_sierra_nevada_senderismo_transnevada_rj_portugos_barranco_bermejo_portugo_003,Transnevada RJ - Portugos - Barranco Bermejo - Portugos,senderismo,2024,2,2024-02-01,0.4364646011845098,0.12349478755671023,0.19946489194896214,0.30652854822501313,0.5644097099446042,0.17104053869547906,GEE:S2_SR_HARMONIZED
pn_sierra_nevada_senderismo_transnevada_rk_padre_eterno_ar_puente_palo_padre_004,Transnevada RK - Padre Eterno - AR Puente Palo - Padre Eterno,senderismo,2024,2,2024-02-01,0.4184068033775253,0.08042721712424905,0.22597629174073477,0.31435309086771446,0.5057641738343518,0.1477000162740585,GEE:S2_SR_HARMONIZED
pn_sierra_nevada_senderismo_transnevada_rc_abrucena_la_polarda_005,Transnevada RC - Abrucena - La Polarda,senderismo,2024,2,2024-02-01,0.5181601486818492,0.21419057878380426,0.24364766427231424,0.33987130765503054,0.7071479381511534,0.20956899094852255,GEE:S2_SR_HARMONIZED
pn_sierra_nevada_senderismo_transnevada_rd_laujar_andarax_loma_raspa_laujar__006,Transnevada RD - Laujar Andarax - Loma Raspa - Laujar Andarax,senderismo,2024,2,2024-02-01,0.416492960094364,0.12129565787113243,0.19638098004408783,0.25575250446874653,0.5799289411915419,0.1988566789352505,GEE:S2_SR_HARMONIZED
pn_sierra_nevada_senderismo_transnevada_ri_niguelas_la_rinconada_niguelas_007,Transnevada RI - Niguelas - La Rinconada - Niguelas,senderismo,2024,2,2024-02-01,0.37256935842684014,0.05503486161106992,0.19352073368736689,0.2538555050020851,0.4646240837182062,0.15897772502827648,GEE:S2_SR_HARMONIZED
pn_sierra_nevada_senderismo_acequias_del_poqueira_008,Acequias del Poqueira,senderismo,2024,2,2024-02-01,0.40517484875580845,0.10697246175251611,0.239654787191399,0.3067572456216054,0.4902291194837378,0.13318381707620863,GEE:S2_SR_HARMONIZED
pn_sierra_nevada_senderismo_canal_de_la_espartera_arenales_del_trevenque_009,Canal de la Espartera - Arenales del Trevenque,senderismo,2024,2,2024-02-01,0.4610244780097323,0.11046704446847312,0.21567757575029445,0.27917368485809313,0.6620771231235598,0.2273038496657385,GEE:S2_SR_HARMONIZED
pn_sierra_nevada_senderismo_cerro_huenes_010,Cerro Huenes,senderismo,2024,2,2024-02-01,0.6390603146398474,0.2602477666873045,0.30483349540363985,0.48609162077020734,0.8028858926934309,0.19049817186650223,GEE:S2_SR_HARMONIZED
pn_sierra_nevada_senderismo_el_aguadero_011,El Aguadero,senderismo,2024,2,2024-02-01,0.49851495457871375,0.16359721966783916,0.24171842334093133,0.33781979744269824,0.6775833460677291,0.19277595683883872,GEE:S2_SR_HARMONIZED
pn_sierra_nevada_senderismo_haza_larguilla_012,Haza Larguilla,senderismo,2024,2,2024-02-01,0.3421334012455661,-0.03702157694412333,0.17541588342003214,0.2677612594061262,0.40804947379137796,0.09740233525690278,GEE:S2_SR_HARMONIZED
pn_sierra_nevada_senderismo_hoya_del_portillo_refugio_poqueira_013,Hoya del Portillo - Refugio Poqueira,senderismo,2024,2,2024-02-01,0.37334990299416293,0.2043530842702813,0.195790586997346,0.23630188551734704,0.4627779015545117,0.21517581270904493,GEE:S2_SR_HARMONIZED
pn_sierra_nevada_senderismo_jerez_del_marquesado_postero_alto_014,Jerez del Marquesado - Postero Alto,senderismo,2024,2,2024-02-01,0.5162621132908534,0.25481942594477386,0.23099265470272262,0.3496194858305182,0.7050038389989062,0.2116004681311957,GEE:S2_SR_HARMONIZED
pn_sierra_nevada_senderismo_ragua_aldeire_015,Ragua - Aldeire,senderismo,2024,2,2024-02-01,0.4865205549003956,0.1870862722677418,0.2473131252572003,0.3241688444070055,0.6837291330899115,0.19652962247766587,GEE:S2_SR_HARMONIZED
pn_sierra_nevada_senderismo_transnevada_invierno_016,TRANSNEVADA INVIERNO,senderismo,2024,2,2024-02-01,0.46420601966702146,0.15311653254096524,0.22785285899673158,0.30864377120601666,0.6210909600598478,0.19342049166332737,GEE:S2_SR_HARMONIZED
pn_sierra_nevada_senderismo_transnevada_verano_017,TRANSNEVADA VERANO,senderismo,2024,2,2024-02-01,0.46890013754295046,0.1609440761295907,0.23109050801894632,0.31638442250998183,0.6289286928779029,0.1939447723015262,GEE:S2_SR_HARMONIZED
pn_sierra_nevada_senderismo_transnevada_ra_guejar_sierra_pena_partida_018,Transnevada RA - Güejar Sierra - Peña Partida,senderismo,2024,2,2024-02-01,0.37116576754603897,0.06055427123407791,0.21769567185962677,0.27164273552322166,0.4550664890307136,0.145437417927777,GEE:S2_SR_HARMONIZED
pn_sierra_nevada_senderismo_transnevada_rb_lanteira_postero_alto_lanteira_019,Transnevada RB - Lanteira - Postero Alto - Lanteira,senderismo,2024,2,2024-02-01,0.5643099099288374,0.29666626680816344,0.25736549810209425,0.45906955503232133,0.7050602173956615,0.1813399362432422,GEE:S2_SR_HARMONIZED
pn_sierra_nevada_senderismo_transnevada_re_bayarcal_laguna_seca_020,Transnevada RE - Bayarcal - Laguna Seca,senderismo,2024,2,2024-02-01,0.4992922274546407,0.2140360421340314,0.22920256175876785,0.31833312557083177,0.6777689976772745,0.20392712469032936,GEE:S2_SR_HARMONIZED
pn_sierra_nevada_senderismo_la_cebadilla_021,La Cebadilla,senderismo,2024,2,2024-02-01,0.4517937866309632,0.10131236286362015,0.2705581559784396,0.3926552751101878,0.5175992683564522,0.11060192341825623,GEE:S2_SR_HARMONIZED
pn_sierra_nevada_senderismo_la_silleta_022,La Silleta,senderismo,2024,2,2024-02-01,0.5236207766029218,0.11919737883092221,0.2531631773598256,0.3868068884741661,0.6677306486074519,0.1803357747840571,GEE:S2_SR_HARMONIZED
pn_sierra_nevada_senderismo_lanjaron_tello_023,Lanjaron - Tello,senderismo,2024,2,2024-02-01,0.5686587597128284,0.11789358579767181,0.32541098863706713,0.5136431860897317,0.6309698527888523,0.09137235510933762,GEE:S2_SR_HARMONIZED
pn_sierra_nevada_senderismo_molinos_de_isfalada_024,Molinos de Isfalada,senderismo,2024,2,2024-02-01,0.3743732756620554,0.05877116266662963,0.17145068199004618,0.25194371793060166,0.4705510683267581,0.17028423060020048,GEE:S2_SR_HARMONIZED
pn_sierra_nevada_senderismo_monterrey_025,Monterrey,senderismo,2024,2,2024-02-01,0.5314678986253655,0.1413667410967007,0.25056516788648187,0.38464666446533774,0.7051163041770224,0.18549488585892765,GEE:S2_SR_HARMONIZED
pn_sierra_nevada_senderismo_puente_palo_026,Puente Palo,senderismo,2024,2,2024-02-01,0.660123729919573,0.2370993207127063,0.29103632106077304,0.5685675486608273,0.7597461520217352,0.12681764179815716,GEE:S2_SR_HARMONIZED
pn_sierra_nevada_senderismo_ragua_hoyos_de_pura_027,Ragua - Hoyos de Pura,senderismo,2024,2,2024-02-01,0.5942689279292884,0.32217827911025404,0.2942576828066023,0.536364294028779,0.7364616393100933,0.20319416640192264,GEE:S2_SR_HARMONIZED
pn_sierra_nevada_senderismo_ragua_lagunilla_seca_028,Ragua - Lagunilla Seca,senderismo,2024,2,2024-02-01,0.434145446393798,0.1798420241973426,0.23246842868930243,0.29101583781498125,0.6268117397506958,0.17614564694783894,GEE:S2_SR_HARMONIZED
pn_sierra_nevada_senderismo_rio_alhama_029,Río Alhama,senderismo,2024,2,2024-02-01,0.4800871145228696,0.11158377810084477,0.22869180170041953,0.3502371526976038,0.5875128049685019,0.19423147634262672,GEE:S2_SR_HARMONIZED
pn_sierra_nevada_senderismo_rio_bermejo_030,Río Bermejo,senderismo,2024,2,2024-02-01,0.4553225420085864,0.10108113395030754,0.21188125722213075,0.3729265507104365,0.5605754632767431,0.1413501022610819,GEE:S2_SR_HARMONIZED
pn_sierra_nevada_senderismo_rio_grande_de_los_berchules_031,Río Grande de los Berchules,senderismo,2024,2,2024-02-01,0.4685100437705603,0.1459667869044397,0.2368945873877464,0.3301565903100111,0.5920472242980839,0.17633649126308135,GEE:S2_SR_HARMONIZED
pn_sierra_nevada_senderismo_trevelez_siete_lagunas_032,Trevélez - Siete Lagunas,senderismo,2024,2,2024-02-01,0.4229425541971387,0.10696460128642729,0.2239076894943961,0.3302423311077741,0.4902289690696548,0.13886244158236474,GEE:S2_SR_HARMONIZED
pn_sierra_nevada_senderismo_ubeire_033,Ubeire,senderismo,2024,2,2024-02-01,0.6497726734881736,0.21142618139691902,0.2698885157473822,0.5450854316287234,0.7518873359349708,0.13673742761808266,GEE:S2_SR_HARMONIZED
pn_sierra_nevada_senderismo_sulayr_034,SULAYR,senderismo,2024,2,2024-02-01,0.47476619594493746,0.15626991728396206,0.23293891522750476,0.32219744222712665,0.6386637854693797,0.192838597718514,GEE:S2_SR_HARMONIZED
pn_sierra_nevada_senderismo_carril_cicloturista_la_zubia_cumbres_verdes_035,CARRIL CICLOTURISTA LA ZUBIA-CUMBRES VERDES,senderismo,2024,2,2024-02-01,0.6240786190595353,0.15598729368325512,0.26691071828562773,0.5528784849740833,0.736333375582119,0.15760213519125935,GEE:S2_SR_HARMONIZED
pn_sierra_nevada_senderismo_dehesa_del_camarate_036,Dehesa del Camarate,senderismo,2024,2,2024-02-01,0.4449810459081612,0.023892261695581677,0.1996098851782745,0.35749284691057936,0.5100149303241891,0.12498303235787435,GEE:S2_SR_HARMONIZED
pn_sierra_nevada_senderismo_pueblos_del_poqueira_037,PUEBLOS DEL POQUEIRA,senderismo,2024,2,2024-02-01,0.48474968526837486,0.11208656098251112,0.2888111090015385,0.4394066359171069,0.5721742437643177,0.14036669598366625,GEE:S2_SR_HARMONIZED
pn_sierra_nevada_senderismo_ragua_barranco_del_hornillo_038,Ragua - Barranco del Hornillo,senderismo,2024,2,2024-02-01,0.6333358450179363,0.33098569048285215,0.2915891495187717,0.5471930305163065,0.7234920086419303,0.12221693364895041,GEE:S2_SR_HARMONIZED
pn_sierra_nevada_ciclismo_transnevada_rf_valor_fuente_de_las_primeras_agua_039,Transnevada RF - Valor - Fuente de las Primeras Aguas,ciclismo,2024,2,2024-02-01,0.4354533801992167,0.133221681315865,0.19581495087903694,0.26965602550233503,0.5977558146042886,0.19431801704377513,GEE:S2_SR_HARMONIZED
pn_sierra_nevada_ciclismo_transnevada_rg_yegen_mecina_bombaron_yegen_040,Transnevada RG - Yegen - Mecina Bombaron - Yegen,ciclismo,2024,2,2024-02-01,0.38447185754749225,0.1106096312460011,0.18753848473695875,0.23640723148712575,0.5137063159104069,0.19221424955073793,GEE:S2_SR_HARMONIZED
pn_sierra_nevada_ciclismo_transnevada_rh_capileira_refugio_poqueira_041,Transnevada RH - Capileira - Refugio Poqueira,ciclismo,2024,2,2024-02-01,0.39065846846568053,0.1850206538256511,0.19312506943959534,0.22450161163538457,0.5918971408023838,0.2097920497928532,GEE:S2_SR_HARMONIZED
pn_sierra_nevada_ciclismo_transnevada_rj_portugos_barranco_bermejo_portugo_042,Transnevada RJ - Portugos - Barranco Bermejo - Portugos,ciclismo,2024,2,2024-02-01,0.4364646011845098,0.12349478755671023,0.19946489194896214,0.30652854822501313,0.5644097099446042,0.17104053869547906,GEE:S2_SR_HARMONIZED
pn_sierra_nevada_ciclismo_transnevada_rk_padre_eterno_ar_puente_palo_padre_043,Transnevada RK - Padre Eterno - AR Puente Palo - Padre Eterno,ciclismo,2024,2,2024-02-01,0.4184068033775253,0.08042721712424905,0.22597629174073477,0.31435309086771446,0.5057641738343518,0.1477000162740585,GEE:S2_SR_HARMONIZED
pn_sierra_nevada_ciclismo_transnevada_rc_abrucena_la_polarda_044,Transnevada RC - Abrucena - La Polarda,ciclismo,2024,2,2024-02-01,0.5181601486818492,0.21419057878380426,0.24364766427231424,0.33987130765503054,0.7071479381511534,0.20956899094852255,GEE:S2_SR_HARMONIZED
pn_sierra_nevada_ciclismo_transnevada_rd_laujar_andarax_loma_raspa_laujar__045,Transnevada RD - Laujar Andarax - Loma Raspa - Laujar Andarax,ciclismo,2024,2,2024-02-01,0.416492960094364,0.12129565787113243,0.19638098004408783,0.25575250446874653,0.5799289411915419,0.1988566789352505,GEE:S2_SR_HARMONIZED
pn_sierra_nevada_ciclismo_transnevada_ri_niguelas_la_rinconada_niguelas_046,Transnevada RI - Niguelas - La Rinconada - Niguelas,ciclismo,2024,2,2024-02-01,0.37256935842684014,0.05503486161106992,0.19352073368736689,0.2538555050020851,0.4646240837182062,0.15897772502827648,GEE:S2_SR_HARMONIZED
pn_sierra_nevada_ciclismo_transnevada_invierno_047,TRANSNEVADA INVIERNO,ciclismo,2024,2,2024-02-01,0.46420601966702146,0.15311653254096524,0.22785285899673158,0.30864377120601666,0.6210909600598478,0.19342049166332737,GEE:S2_SR_HARMONIZED
pn_sierra_nevada_ciclismo_transnevada_verano_048,TRANSNEVADA VERANO,ciclismo,2024,2,2024-02-01,0.46890013754295046,0.1609440761295907,0.23109050801894632,0.31638442250998183,0.6289286928779029,0.1939447723015262,GEE:S2_SR_HARMONIZED
pn_sierra_nevada_ciclismo_transnevada_ra_guejar_sierra_pena_partida_049,Transnevada RA - Güejar Sierra - Peña Partida,ciclismo,2024,2,2024-02-01,0.37116576754603897,0.06055427123407791,0.21769567185962677,0.27164273552322166,0.4550664890307136,0.145437417927777,GEE:S2_SR_HARMONIZED
pn_sierra_nevada_ciclismo_transnevada_rb_lanteira_postero_alto_lanteira_050,Transnevada RB - Lanteira - Postero Alto - Lanteira,ciclismo,2024,2,2024-02-01,0.5643099099288374,0.29666626680816344,0.25736549810209425,0.45906955503232133,0.7050602173956615,0.1813399362432422,GEE:S2_SR_HARMONIZED
pn_sierra_nevada_ciclismo_transnevada_re_bayarcal_laguna_seca_051,Transnevada RE - Bayarcal - Laguna Seca,ciclismo,2024,2,2024-02-01,0.4992922274546407,0.2140360421340314,0.22920256175876785,0.31833312557083177,0.6777689976772745,0.20392712469032936,GEE:S2_SR_HARMONIZED
pn_sierra_nevada_ciclismo_carril_cicloturista_la_zubia_cumbres_verdes_052,CARRIL CICLOTURISTA LA ZUBIA-CUMBRES VERDES,ciclismo,2024,2,2024-02-01,0.6240786190595353,0.15598729368325512,0.26691071828562773,0.5528784849740833,0.736333375582119,0.15760213519125935,GEE:S2_SR_HARMONIZED
pn_sierra_nevada_senderismo_transnevada_rf_valor_fuente_de_las_primeras_agua_000,Transnevada RF - Valor - Fuente de las Primeras Aguas,senderismo,2024,3,2024-03-01,0.3859969879789341,0.15791493360599063,0.20405704836295924,0.26932517135798334,0.5043954838098705,0.15700151084967373,GEE:S2_SR_HARMONIZED
pn_sierra_nevada_senderismo_transnevada_rg_yegen_mecina_bombaron_yegen_001,Transnevada RG - Yegen - Mecina Bombaron - Yegen,senderismo,2024,3,2024-03-01,0.3335468815497756,0.1367569855246004,0.19858682846725895,0.22087379880701363,0.43151338687715496,0.1474530362035259,GEE:S2_SR_HARMONIZED
pn_sierra_nevada_senderismo_transnevada_rh_capileira_refugio_poqueira_002,Transnevada RH - Capileira - Refugio Poqueira,senderismo,2024,3,2024-03-01,0.3826102398428073,0.28476886184804756,0.2290363205567093,0.2481401916181312,0.5176174584163523,0.16127532337115916,GEE:S2_SR_HARMONIZED
pn_sierra_nevada_senderismo_transnevada_rj_portugos_barranco_bermejo_portugo_003,Transnevada RJ - Portugos - Barranco Bermejo - Portugos,senderismo,2024,3,2024-03-01,0.3776279220486428,0.1460560890743085,0.21077691673656773,0.2752560827504566,0.4706839468696146,0.13745360888791833,GEE:S2_SR_HARMONIZED
pn_sierra_nevada_senderismo_transnevada_rk_padre_eterno_ar_puente_palo_padre_004,Transnevada RK - Padre Eterno - AR Puente Palo - Padre Eterno,senderismo,2024,3,2024-03-01,0.36808403157692293,0.14002306145183466,0.23548274999852603,0.28336877863703774,0.44356036619643724,0.12162367612993827,GEE:S2_SR_HARMONIZED
pn_sierra_nevada_senderismo_transnevada_rc_abrucena_la_polarda_005,Transnevada RC - Abrucena - La Polarda,senderismo,2024,3,2024-03-01,0.4666408166327415,0.204997330515929,0.24955600950773374,0.31847162179044924,0.6152574645144299,0.18414916388973174,GEE:S2_SR_HARMONIZED
pn_sierra_nevada_senderismo_transnevada_rd_laujar_andarax_loma_raspa_laujar__006,Transnevada RD - Laujar Andarax - Loma Raspa - Laujar Andarax,senderismo,2024,3,2024-03-01,0.3843180621526304,0.14322116006541985,0.20316868022192017,0.25188448349612336,0.5094825628113087,0.17546088428825463,GEE:S2_SR_HARMONIZED
pn_sierra_nevada_senderismo_transnevada_ri_niguelas_la_rinconada_niguelas_007,Transnevada RI - Niguelas - La Rinconada - Niguelas,senderismo,2024,3,2024-03-01,0.32121924072676244,0.14346024794569673,0.20660189394804523,0.22064139015666617,0.39659081824091474,0.14187636198295397,GEE:S2_SR_HARMONIZED
pn_sierra_nevada_senderismo_acequias_del_poqueira_008,Acequias del Poqueira,senderismo,2024,3,2024-03-01,0.3768784750546457,0.20293892058905974,0.26718779346969734,0.29460839007919015,0.4590842195680251,0.11484068822176131,GEE:S2_SR_HARMONIZED
pn_sierra_nevada_senderismo_canal_de_la_espartera_arenales_del_trevenque_009,Canal de la Espartera - Arenales del Trevenque,senderismo,2024,3,2024-03-01,0.32493028952804004,0.19703308006954512,0.19912680646021902,0.22464611556181252,0.42780297171857146,0.1307519806406664,GEE:S2_SR_HARMONIZED
pn_sierra_nevada_senderismo_cerro_huenes_010,Cerro Huenes,senderismo,2024,3,2024-03-01,0.4231216155622212,0.3763143675854918,0.3058559562142014,0.32616468455479586,0.525528116896089,0.13107531737408196,GEE:S2_SR_HARMONIZED
pn_sierra_nevada_senderismo_el_aguadero_011,El Aguadero,senderismo,2024,3,2024-03-01,0.46029555407265355,0.14728434988390757,0.2480980383156058,0.3260670122200264,0.6032153858266691,0.1638396314614229,GEE:S2_SR_HARMONIZED
pn_sierra_nevada_senderismo_haza_larguilla_012,Haza Larguilla,senderismo,2024,3,2024-03-01,0.2930382631967855,0.06274699080907183,0.17311665763538156,0.2319035902619362,0.3460775019980651,0.0809474883341433,GEE:S2_SR_HARMONIZED
pn_sierra_nevada_senderismo_hoya_del_portillo_refugio_poqueira_013,Hoya del Portillo - Refugio Poqueira,senderismo,2024,3,2024-03-01,0.48182709832810533,0.45657857645616395,0.3107863514352541,0.3417910941604043,0.5880027382421481,0.15599958310300135,GEE:S2_SR_HARMONIZED
pn_sierra_nevada_senderismo_jerez_del_marquesado_postero_alto_014,Jerez del Marquesado - Postero Alto,senderismo,2024,3,2024-03-01,0.3716074246116329,0.27712052473801946,0.2508780793906358,0.2755838546410939,0.4824698474060817,0.1340280442584974,GEE:S2_SR_HARMONIZED
pn_sierra_nevada_senderismo_ragua_aldeire_015,Ragua - Aldeire,senderismo,2024,3,2024-03-01,0.42995402892434553,0.2602732202882531,0.2630330704814298,0.2770858145860464,0.566303428714389,0.18049299610768246,GEE:S2_SR_HARMONIZED
pn_sierra_nevada_senderismo_transnevada_invierno_016,TRANSNEVADA INVIERNO,senderismo,2024,3,2024-03-01,0.37985989307985774,0.20806700708319792,0.23786000418496708,0.26952448971097914,0.48049623634264066,0.1504384072024419,GEE:S2_SR_HARMONIZED
pn_sierra_nevada_senderismo_transnevada_verano_017,TRANSNEVADA VERANO,senderismo,2024,3,2024-03-01,0.38001309144011647,0.2292514698979266,0.2453084603480948,0.2695150871070678,0.4804773281790652,0.15386656229952492,GEE:S2_SR_HARMONIZED
pn_sierra_nevada_senderismo_transnevada_ra_guejar_sierra_pena_partida_018,Transnevada RA - Güejar Sierra - Peña Partida,senderismo,2024,3,2024-03-01,0.36249077520130646,0.17196214434542514,0.28741532197046005,0.23249145952619968,0.486243200623779,0.16874459460950617,GEE:S2_SR_HARMONIZED
pn_sierra_nevada_senderismo_transnevada_rb_lanteira_postero_alto_lanteira_019,Transnevada RB - Lanteira - Postero Alto - Lanteira,senderismo,2024,3,2024-03-01,0.372005511388837,0.29702111475131954,0.2778186589066758,0.3106219500809939,0.44715252764322216,0.11176780095626093,GEE:S2_SR_HARMONIZED
pn_sierra_nevada_senderismo_transnevada_re_bayarcal_laguna_seca_020,Transnevada RE - Bayarcal - Laguna Seca,senderismo,2024,3,2024-03-01,0.42981991227526134,0.3051300507825293,0.2447603879294756,0.310502224649327,0.5567987437486419,0.16003354910322937,GEE:S2_SR_HARMONIZED
pn_sierra_nevada_senderismo_la_cebadilla_021,La Cebadilla,senderismo,2024,3,2024-03-01,0.4157840805361015,0.162305123463976,0.30463122501957574,0.3458420040167816,0.4944755759870158,0.11150547256310607,GEE:S2_SR_HARMONIZED
pn_sierra_nevada_senderismo_la_silleta_022,La Silleta,senderismo,2024,3,2024-03-01,0.40869786521129153,0.1981661220344188,0.27219142176212413,0.2910556333206613,0.521457770608911,0.16015241523653473,GEE:S2_SR_HARMONIZED
pn_sierra_nevada_senderismo_lanjaron_tello_023,Lanjaron - Tello,senderismo,2024,3,2024-03-01,0.5437410125839529,0.15628999286565395,0.369613052483669,0.4900471005400541,0.6034178382448747,0.08634484529155191,GEE:S2_SR_HARMONIZED
pn_sierra_nevada_senderismo_molinos_de_isfalada_024,Molinos de Isfalada,senderismo,2024,3,2024-03-01,0.4045489416570882,0.08793864447355901,0.18371080658521094,0.2950771216488312,0.5020116277654428,0.15532914223164485,GEE:S2_SR_HARMONIZED
pn_sierra_nevada_senderismo_monterrey_025,Monterrey,senderismo,2024,3,2024-03-01,0.4979027918892819,0.13170239885049728,0.2582630713099713,0.369192394619075,0.642816877692774,0.16095648788466957,GEE:S2_SR_HARMONIZED
pn_sierra_nevada_senderismo_puente_palo_026,Puente Palo,senderismo,2024,3,2024-03-01,0.4374623818139896,0.28906203376972034,0.2786232074232255,0.36513093045519146,0.5098250597856239,0.11469029787294398,GEE:S2_SR_HARMONIZED
pn_sierra_nevada_senderismo_ragua_hoyos_de_pura_027,Ragua - Hoyos de Pura,senderismo,2024,3,2024-03-01,0.464872417133627,0.39475055572185697,0.2984515562457991,0.3738626109117096,0.6304090034559761,0.18070299778168167,GEE:S2_SR_HARMONIZED
pn_sierra_nevada_senderismo_ragua_lagunilla_seca_028,Ragua - Lagunilla Seca,senderismo,2024,3,2024-03-01,0.5086622673365053,0.5845815138570293,0.3648619322162942,0.36846682678304793,0.6544018879089134,0.1816144066688851,GEE:S2_SR_HARMONIZED
pn_sierra_nevada_senderismo_rio_alhama_029,Río Alhama,senderismo,2024,3,2024-03-01,0.46202586299501597,0.1500885777463761,0.2625938787510677,0.3614914423626559,0.5684291763305175,0.15441833362439802,GEE:S2_SR_HARMONIZED
pn_sierra_nevada_senderismo_rio_bermejo_030,Río Bermejo,senderismo,2024,3,2024-03-01,0.39629869493983116,0.1386280924218172,0.22496166925305408,0.31469113703855534,0.48662479837516304,0.12457107627375463,GEE:S2_SR_HARMONIZED
pn_sierra_nevada_senderismo_rio_grande_de_los_berchules_031,Río Grande de los Berchules,senderismo,2024,3,2024-03-01,0.4319990202506384,0.17040988067682403,0.2752239291933261,0.32205722025921524,0.5369745371355865,0.1433452804531827,GEE:S2_SR_HARMONIZED
pn_sierra_nevada_senderismo_trevelez_siete_lagunas_032,Trevélez - Siete Lagunas,senderismo,2024,3,2024-03-01,0.37350120257424835,0.1687474508839862,0.25182338484966643,0.3144855495406762,0.4277925443990507,0.09204541233021664,GEE:S2_SR_HARMONIZED
pn_sierra_nevada_senderismo_ubeire_033,Ubeire,senderismo,2024,3,2024-03-01,0.5332576682102719,0.24008686899759288,0.24940850495024025,0.45919776980197313,0.59153396454196,0.1250587539109015,GEE:S2_SR_HARMONIZED
pn_sierra_nevada_senderismo_sulayr_034,SULAYR,senderismo,2024,3,2024-03-01,0.3915969164374662,0.24029591986552248,0.24807106539793136,0.2617054702889746,0.5117776545518576,0.163036251335405,GEE:S2_SR_HARMONIZED
pn_sierra_nevada_senderismo_carril_cicloturista_la_zubia_cumbres_verdes_035,CARRIL CICLOTURISTA LA ZUBIA-CUMBRES VERDES,senderismo,2024,3,2024-03-01,0.4590784579927336,0.1524487531453716,0.2540407346112195,0.4078363904842297,0.5293258124748379,0.09725042249393372,GEE:S2_SR_HARMONIZED
pn_sierra_nevada_senderismo_dehesa_del_camarate_036,Dehesa del Camarate,senderismo,2024,3,2024-03-01,0.3561151625295184,0.16628233874022136,0.2076165400085231,0.28726428114554875,0.41672878918455025,0.09731178828085066,GEE:S2_SR_HARMONIZED
pn_sierra_nevada_senderismo_pueblos_del_poqueira_037,PUEBLOS DEL POQUEIRA,senderismo,2024,3,2024-03-01,0.48318012683583084,0.15458485860533996,0.30870686280560766,0.4315983477796326,0.5761373140561635,0.143985133855951,GEE:S2_SR_HARMONIZED
pn_sierra_nevada_senderismo_ragua_barranco_del_hornillo_038,Ragua - Barranco del Hornillo,senderismo,2024,3,2024-03-01,0.5444922981838869,0.5506724097138924,0.31424482250873803,0.349418568611145,0.722101174223078,0.2216730137003028,GEE:S2_SR_HARMONIZED
pn_sierra_nevada_ciclismo_transnevada_rf_valor_fuente_de_las_primeras_agua_039,Transnevada RF - Valor - Fuente de las Primeras Aguas,ciclismo,2024,3,2024-03-01,0.3859969879789341,0.15791493360599063,0.20405704836295924,0.26932517135798334,0.5043954838098705,0.15700151084967373,GEE:S2_SR_HARMONIZED
pn_sierra_nevada_ciclismo_transnevada_rg_yegen_mecina_bombaron_yegen_040,Transnevada RG - Yegen - Mecina Bombaron - Yegen,ciclismo,2024,3,2024-03-01,0.3335468815497756,0.1367569855246004,0.19858682846725895,0.22087379880701363,0.43151338687715496,0.1474530362035259,GEE:S2_SR_HARMONIZED
pn_sierra_nevada_ciclismo_transnevada_rh_capileira_refugio_poqueira_041,Transnevada RH - Capileira - Refugio Poqueira,ciclismo,2024,3,2024-03-01,0.3826102398428073,0.28476886184804756,0.2290363205567093,0.2481401916181312,0.5176174584163523,0.16127532337115916,GEE:S2_SR_HARMONIZED
pn_sierra_nevada_ciclismo_transnevada_rj_portugos_barranco_bermejo_portugo_042,Transnevada RJ - Portugos - Barranco Bermejo - Portugos,ciclismo,2024,3,2024-03-01,0.3776279220486428,0.1460560890743085,0.21077691673656773,0.2752560827504566,0.4706839468696146,0.13745360888791833,GEE:S2_SR_HARMONIZED
pn_sierra_nevada_ciclismo_transnevada_rk_padre_eterno_ar_puente_palo_padre_043,Transnevada RK - Padre Eterno - AR Puente Palo - Padre Eterno,ciclismo,2024,3,2024-03-01,0.36808403157692293,0.14002306145183466,0.23548274999852603,0.28336877863703774,0.44356036619643724,0.12162367612993827,GEE:S2_SR_HARMONIZED
pn_sierra_nevada_ciclismo_transnevada_rc_abrucena_la_polarda_044,Transnevada RC - Abrucena - La Polarda,ciclismo,2024,3,2024-03-01,0.4666408166327415,0.204997330515929,0.24955600950773374,0.31847162179044924,0.6152574645144299,0.18414916388973174,GEE:S2_SR_HARMONIZED
pn_sierra_nevada_ciclismo_transnevada_rd_laujar_andarax_loma_raspa_laujar__045,Transnevada RD - Laujar Andarax - Loma Raspa - Laujar Andarax,ciclismo,2024,3,2024-03-01,0.3843180621526304,0.14322116006541985,0.20316868022192017,0.25188448349612336,0.5094825628113087,0.17546088428825463,GEE:S2_SR_HARMONIZED
pn_sierra_nevada_ciclismo_transnevada_ri_niguelas_la_rinconada_niguelas_046,Transnevada RI - Niguelas - La Rinconada - Niguelas,ciclismo,2024,3,2024-03-01,0.32121924072676244,0.14346024794569673,0.20660189394804523,0.22064139015666617,0.39659081824091474,0.14187636198295397,GEE:S2_SR_HARMONIZED
pn_sierra_nevada_ciclismo_transnevada_invierno_047,TRANSNEVADA INVIERNO,ciclismo,2024,3,2024-03-01,0.37985989307985774,0.20806700708319792,0.23786000418496708,0.26952448971097914,0.48049623634264066,0.1504384072024419,GEE:S2_SR_HARMONIZED
pn_sierra_nevada_ciclismo_transnevada_verano_048,TRANSNEVADA VERANO,ciclismo,2024,3,2024-03-01,0.38001309144011647,0.2292514698979266,0.2453084603480948,0.2695150871070678,0.4804773281790652,0.15386656229952492,GEE:S2_SR_HARMONIZED
pn_sierra_nevada_ciclismo_transnevada_ra_guejar_sierra_pena_partida_049,Transnevada RA - Güejar Sierra - Peña Partida,ciclismo,2024,3,2024-03-01,0.36249077520130646,0.17196214434542514,0.28741532197046005,0.23249145952619968,0.486243200623779,0.16874459460950617,GEE:S2_SR_HARMONIZED
pn_sierra_nevada_ciclismo_transnevada_rb_lanteira_postero_alto_lanteira_050,Transnevada RB - Lanteira - Postero Alto - Lanteira,ciclismo,2024,3,2024-03-01,0.372005511388837,0.29702111475131954,0.2778186589066758,0.3106219500809939,0.44715252764322216,0.11176780095626093,GEE:S2_SR_HARMONIZED
pn_sierra_nevada_ciclismo_transnevada_re_bayarcal_laguna_seca_051,Transnevada RE - Bayarcal - Laguna Seca,ciclismo,2024,3,2024-03-01,0.42981991227526134,0.3051300507825293,0.2447603879294756,0.310502224649327,0.5567987437486419,0.16003354910322937,GEE:S2_SR_HARMONIZED
pn_sierra_nevada_ciclismo_carril_cicloturista_la_zubia_cumbres_verdes_052,CARRIL CICLOTURISTA LA ZUBIA-CUMBRES VERDES,ciclismo,2024,3,2024-03-01,0.4590784579927336,0.1524487531453716,0.2540407346112195,0.4078363904842297,0.5293258124748379,0.09725042249393372,GEE:S2_SR_HARMONIZED
pn_sierra_nevada_senderismo_transnevada_rf_valor_fuente_de_las_primeras_agua_000,Transnevada RF - Valor - Fuente de las Primeras Aguas,senderismo,2024,4,2024-04-01,0.42117843505894287,0.13443138297249063,0.2357203865183038,0.30654933229774883,0.5369678311099911,0.15077729070839074,GEE:S2_SR_HARMONIZED
pn_sierra_nevada_senderismo_transnevada_rg_yegen_mecina_bombaron_yegen_001,Transnevada RG - Yegen - Mecina Bombaron - Yegen,senderismo,2024,4,2024-04-01,0.3773402501262465,0.12500750497981356,0.22757791815304518,0.2558722155494166,0.48612176209681346,0.1636825429461084,GEE:S2_SR_HARMONIZED
pn_sierra_nevada_senderismo_transnevada_rh_capileira_refugio_poqueira_002,Transnevada RH - Capileira - Refugio Poqueira,senderismo,2024,4,2024-04-01,0.39215508322127607,0.1525660849816502,0.2167681413456794,0.22843148165354557,0.5762851843740963,0.20608374486932277,GEE:S2_SR_HARMONIZED
pn_sierra_nevada_senderismo_transnevada_rj_portugos_barranco_bermejo_portugo_003,Transnevada RJ - Portugos - Barranco Bermejo - Portugos,senderismo,2024,4,2024-04-01,0.435390630983999,0.14577341997781673,0.2517094039908829,0.32233791293836705,0.5488701378595854,0.16148520267114222,GEE:S2_SR_HARMONIZED
pn_sierra_nevada_senderismo_transnevada_rk_padre_eterno_ar_puente_palo_padre_004,Transnevada RK - Padre Eterno - AR Puente Palo - Padre Eterno,senderismo,2024,4,2024-04-01,0.4345966634998489,0.12002648206574126,0.2890621113813018,0.33006177209846715,0.537099364086004,0.1416967952706108,GEE:S2_SR_HARMONIZED
pn_sierra_nevada_senderismo_transnevada_rc_abrucena_la_polarda_005,Transnevada RC - Abrucena - La Polarda,senderismo,2024,4,2024-04-01,0.4389123744446313,0.17615968163721507,0.2580757692125999,0.31051489257038084,0.5760577303128765,0.1603979473721154,GEE:S2_SR_HARMONIZED
pn_sierra_nevada_senderismo_transnevada_rd_laujar_andarax_loma_raspa_laujar__006,Transnevada RD - Laujar Andarax - Loma Raspa - Laujar Andarax,senderismo,2024,4,2024-04-01,0.3988865455257377,0.12030602841854261,0.23086381468874412,0.2560490826208019,0.5487743038035925,0.18099627746749872,GEE:S2_SR_HARMONIZED
pn_sierra_nevada_senderismo_transnevada_ri_niguelas_la_rinconada_niguelas_007,Transnevada RI - Niguelas - La Rinconada - Niguelas,senderismo,2024,4,2024-04-01,0.371143639890876,0.07944178573155292,0.24584079896687117,0.2675668231778108,0.4666137964470206,0.14759143258025828,GEE:S2_SR_HARMONIZED
pn_sierra_nevada_senderismo_acequias_del_poqueira_008,Acequias del Poqueira,senderismo,2024,4,2024-04-01,0.44134034478226675,0.12593256755362758,0.3028959841219459,0.3340311436975246,0.5410767713422536,0.1411770258604994,GEE:S2_SR_HARMONIZED
pn_sierra_nevada_senderismo_canal_de_la_espartera_arenales_del_trevenque_009,Canal de la Espartera - Arenales del Trevenque,senderismo,2024,4,2024-04-01,0.43997069324760246,0.08772427471357559,0.2513408756903342,0.25211617410349485,0.6420876723265314,0.23117340975415543,GEE:S2_SR_HARMONIZED
pn_sierra_nevada_senderismo_cerro_huenes_010,Cerro Huenes,senderismo,2024,4,2024-04-01,0.5594258406461585,0.17567483411869161,0.3080870851856739,0.40834858158028337,0.7247692938699323,0.18506555063676752,GEE:S2_SR_HARMONIZED
pn_sierra_nevada_senderismo_el_aguadero_011,El Aguadero,senderismo,2024,4,2024-04-01,0.4577172008305161,0.14004236757598754,0.26570079039809996,0.33796534578310744,0.5841482695032936,0.1535937210171633,GEE:S2_SR_HARMONIZED
pn_sierra_nevada_senderismo_haza_larguilla_012,Haza Larguilla,senderismo,2024,4,2024-04-01,0.39021584353837435,0.014226235685401508,0.23787969717241064,0.26810680487505295,0.4828600976568749,0.14319471309510973,GEE:S2_SR_HARMONIZED
pn_sierra_nevada_senderismo_hoya_del_portillo_refugio_poqueira_013,Hoya del Portillo - Refugio Poqueira,senderismo,2024,4,2024-04-01,0.4072837635883919,0.13444571705548003,0.22497718188874377,0.27523870119196414,0.5452001824375754,0.19727991698635938,GEE:S2_SR_HARMONIZED
pn_sierra_nevada_senderismo_jerez_del_marquesado_postero_alto_014,Jerez del Marquesado - Postero Alto,senderismo,2024,4,2024-04-01,0.47615539600348744,0.21253877986016634,0.25805297150363715,0.31842301524606603,0.6426266772574241,0.19446078377567952,GEE:S2_SR_HARMONIZED
pn_sierra_nevada_senderismo_ragua_aldeire_015,Ragua - Aldeire,senderismo,2024,4,2024-04-01,0.5399649581458501,0.2065945394192778,0.30463052757240155,0.38476839869407675,0.7167164721763888,0.19626824350099256,GEE:S2_SR_HARMONIZED
pn_sierra_nevada_senderismo_transnevada_invierno_016,TRANSNEVADA INVIERNO,senderismo,2024,4,2024-04-01,0.4383375664240277,0.14241953519522096,0.26183331020700484,0.308566213145547,0.5663293815099449,0.17047040860673235,GEE:S2_SR_HARMONIZED
pn_sierra_nevada_senderismo_transnevada_verano_017,TRANSNEVADA VERANO,senderismo,2024,4,2024-04-01,0.4437315998446315,0.14794821939024982,0.26545943140075473,0.3085898426363749,0.5820730643377187,0.17350262419380647,GEE:S2_SR_HARMONIZED
pn_sierra_nevada_senderismo_transnevada_ra_guejar_sierra_pena_partida_018,Transnevada RA - Güejar Sierra - Peña Partida,senderismo,2024,4,2024-04-01,0.4005109902406955,0.09768197110373562,0.27018256144841646,0.27544513935727183,0.4978239072003784,0.1718056705563243,GEE:S2_SR_HARMONIZED
pn_sierra_nevada_senderismo_transnevada_rb_lanteira_postero_alto_lanteira_019,Transnevada RB - Lanteira - Postero Alto - Lanteira,senderismo,2024,4,2024-04-01,0.464681862988133,0.19661387584559478,0.25483630098612975,0.3378922916209262,0.6075990240089036,0.17866321165475682,GEE:S2_SR_HARMONIZED
pn_sierra_nevada_senderismo_transnevada_re_bayarcal_laguna_seca_020,Transnevada RE - Bayarcal - Laguna Seca,senderismo,2024,4,2024-04-01,0.46840143658012595,0.17777290556581488,0.2471256810746764,0.3183738225510775,0.6269638466211814,0.19037141326400095,GEE:S2_SR_HARMONIZED
pn_sierra_nevada_senderismo_la_cebadilla_021,La Cebadilla,senderismo,2024,4,2024-04-01,0.5507856105367633,0.20180867981625886,0.4061604893122556,0.4667593365249381,0.6503911807461099,0.14102298813958195,GEE:S2_SR_HARMONIZED
pn_sierra_nevada_senderismo_la_silleta_022,La Silleta,senderismo,2024,4,2024-04-01,0.4472460585940421,0.0691349470940429,0.2502095974078975,0.33195424763839154,0.5742667686014801,0.15152467262982725,GEE:S2_SR_HARMONIZED
pn_sierra_nevada_senderismo_lanjaron_tello_023,Lanjaron - Tello,senderismo,2024,4,2024-04-01,0.6378445842825607,0.24237611249192967,0.46649919590097,0.5880881113300769,0.7009287921910065,0.09057581800020179,GEE:S2_SR_HARMONIZED
pn_sierra_nevada_senderismo_molinos_de_isfalada_024,Molinos de Isfalada,senderismo,2024,4,2024-04-01,0.43440351063942334,0.1462324446862859,0.26360481565090066,0.31430147850991735,0.5448217126210022,0.16185739083755965,GEE:S2_SR_HARMONIZED
pn_sierra_nevada_senderismo_monterrey_025,Monterrey,senderismo,2024,4,2024-04-01,0.5012299875018377,0.13347441489497425,0.2876779820129662,0.3886327483515651,0.6230382127285895,0.15438101377220362,GEE:S2_SR_HARMONIZED
pn_sierra_nevada_senderismo_puente_palo_026,Puente Palo,senderismo,2024,4,2024-04-01,0.6202435274847227,0.2351609424336836,0.36205281076662554,0.5721918758252512,0.6891914373572448,0.09896377811174417,GEE:S2_SR_HARMONIZED
pn_sierra_nevada_senderismo_ragua_hoyos_de_pura_027,Ragua - Hoyos de Pura,senderismo,2024,4,2024-04-01,0.591759899938467,0.27563461490567437,0.303445737968688,0.5255782674717646,0.7603721123943854,0.2214152870749312,GEE:S2_SR_HARMONIZED
pn_sierra_nevada_senderismo_ragua_lagunilla_seca_028,Ragua - Lagunilla Seca,senderismo,2024,4,2024-04-01,0.443638731109543,0.12297844744356409,0.23494421027663934,0.3144105026499298,0.5958531658921465,0.17284478969525116,GEE:S2_SR_HARMONIZED
pn_sierra_nevada_senderismo_rio_alhama_029,Río Alhama,senderismo,2024,4,2024-04-01,0.4817512096651056,0.1452059241180121,0.29548048431771917,0.3692495148954807,0.5994543713399162,0.16527990937613346,GEE:S2_SR_HARMONIZED
pn_sierra_nevada_senderismo_rio_bermejo_030,Río Bermejo,senderismo,2024,4,2024-04-01,0.4840851700117777,0.15583264080948048,0.29431360189369427,0.3885801208158505,0.6035622894422837,0.1623239735306825,GEE:S2_SR_HARMONIZED
pn_sierra_nevada_senderismo_rio_grande_de_los_berchules_031,Río Grande de los Berchules,senderismo,2024,4,2024-04-01,0.5002898095106366,0.20702960355738548,0.3362717664542388,0.3770006806042924,0.6193525758185114,0.15817306812328055,GEE:S2_SR_HARMONIZED
pn_sierra_nevada_senderismo_trevelez_siete_lagunas_032,Trevélez - Siete Lagunas,senderismo,2024,4,2024-04-01,0.46899426256634974,0.150931575804862,0.2895794699632362,0.33376176812900943,0.5953933568288549,0.16369578724669298,GEE:S2_SR_HARMONIZED
pn_sierra_nevada_senderismo_ubeire_033,Ubeire,senderismo,2024,4,2024-04-01,0.5365955524937884,0.19026591430509102,0.3057638142928366,0.4471113754625397,0.6272051733013544,0.1131220140497683,GEE:S2_SR_HARMONIZED
pn_sierra_nevada_senderismo_sulayr_034,SULAYR,senderismo,2024,4,2024-04-01,0.4680079184303183,0.15236727382842627,0.27322443496471516,0.33981370473879563,0.6054214624287166,0.17398028120468054,GEE:S2_SR_HARMONIZED
pn_sierra_nevada_senderismo_carril_cicloturista_la_zubia_cumbres_verdes_035,CARRIL CICLOTURISTA LA ZUBIA-CUMBRES VERDES,senderismo,2024,4,2024-04-01,0.5423043164203161,0.053329192185633076,0.2524185175421944,0.47084965517383,0.6428123230941026,0.1391076345562743,GEE:S2_SR_HARMONIZED
pn_sierra_nevada_senderismo_dehesa_del_camarate_036,Dehesa del Camarate,senderismo,2024,4,2024-04-01,0.4718585859281719,0.09131504675412695,0.2698185234518489,0.39268894447130526,0.5448080219009399,0.11470113540569529,GEE:S2_SR_HARMONIZED
pn_sierra_nevada_senderismo_pueblos_del_poqueira_037,PUEBLOS DEL POQUEIRA,senderismo,2024,4,2024-04-01,0.6076214855443944,0.24865367203816946,0.4462810063383995,0.5762100360058675,0.7285669489392465,0.18983354952098874,GEE:S2_SR_HARMONIZED
pn_sierra_nevada_senderismo_ragua_barranco_del_hornillo_038,Ragua - Barranco del Hornillo,senderismo,2024,4,2024-04-01,0.6718223323094311,0.2874725300561999,0.3175084932294844,0.5636611431837082,0.7752449809744651,0.1385055042311298,GEE:S2_SR_HARMONIZED
pn_sierra_nevada_ciclismo_transnevada_rf_valor_fuente_de_las_primeras_agua_039,Transnevada RF - Valor - Fuente de las Primeras Aguas,ciclismo,2024,4,2024-04-01,0.42117843505894287,0.13443138297249063,0.2357203865183038,0.30654933229774883,0.5369678311099911,0.15077729070839074,GEE:S2_SR_HARMONIZED
pn_sierra_nevada_ciclismo_transnevada_rg_yegen_mecina_bombaron_yegen_040,Transnevada RG - Yegen - Mecina Bombaron - Yegen,ciclismo,2024,4,2024-04-01,0.3773402501262465,0.12500750497981356,0.22757791815304518,0.2558722155494166,0.48612176209681346,0.1636825429461084,GEE:S2_SR_HARMONIZED
pn_sierra_nevada_ciclismo_transnevada_rh_capileira_refugio_poqueira_041,Transnevada RH - Capileira - Refugio Poqueira,ciclismo,2024,4,2024-04-01,0.39215508322127607,0.1525660849816502,0.2167681413456794,0.22843148165354557,0.5762851843740963,0.20608374486932277,GEE:S2_SR_HARMONIZED
pn_sierra_nevada_ciclismo_transnevada_rj_portugos_barranco_bermejo_portugo_042,Transnevada RJ - Portugos - Barranco Bermejo - Portugos,ciclismo,2024,4,2024-04-01,0.435390630983999,0.14577341997781673,0.2517094039908829,0.32233791293836705,0.5488701378595854,0.16148520267114222,GEE:S2_SR_HARMONIZED
pn_sierra_nevada_ciclismo_transnevada_rk_padre_eterno_ar_puente_palo_padre_043,Transnevada RK - Padre Eterno - AR Puente Palo - Padre Eterno,ciclismo,2024,4,2024-04-01,0.4345966634998489,0.12002648206574126,0.2890621113813018,0.33006177209846715,0.537099364086004,0.1416967952706108,GEE:S2_SR_HARMONIZED
pn_sierra_nevada_ciclismo_transnevada_rc_abrucena_la_polarda_044,Transnevada RC - Abrucena - La Polarda,ciclismo,2024,4,2024-04-01,0.4389123744446313,0.17615968163721507,0.2580757692125999,0.31051489257038084,0.5760577303128765,0.1603979473721154,GEE:S2_SR_HARMONIZED
pn_sierra_nevada_ciclismo_transnevada_rd_laujar_andarax_loma_raspa_laujar__045,Transnevada RD - Laujar Andarax - Loma Raspa - Laujar Andarax,ciclismo,2024,4,2024-04-01,0.3988865455257377,0.12030602841854261,0.23086381468874412,0.2560490826208019,0.5487743038035925,0.18099627746749872,GEE:S2_SR_HARMONIZED
pn_sierra_nevada_ciclismo_transnevada_ri_niguelas_la_rinconada_niguelas_046,Transnevada RI - Niguelas - La Rinconada - Niguelas,ciclismo,2024,4,2024-04-01,0.371143639890876,0.07944178573155292,0.24584079896687117,0.2675668231778108,0.4666137964470206,0.14759143258025828,GEE:S2_SR_HARMONIZED
pn_sierra_nevada_ciclismo_transnevada_invierno_047,TRANSNEVADA INVIERNO,ciclismo,2024,4,2024-04-01,0.4383375664240277,0.14241953519522096,0.26183331020700484,0.308566213145547,0.5663293815099449,0.17047040860673235,GEE:S2_SR_HARMONIZED
pn_sierra_nevada_ciclismo_transnevada_verano_048,TRANSNEVADA VERANO,ciclismo,2024,4,2024-04-01,0.4437315998446315,0.14794821939024982,0.26545943140075473,0.3085898426363749,0.5820730643377187,0.17350262419380647,GEE:S2_SR_HARMONIZED
pn_sierra_nevada_ciclismo_transnevada_ra_guejar_sierra_pena_partida_049,Transnevada RA - Güejar Sierra - Peña Partida,ciclismo,2024,4,2024-04-01,0.4005109902406955,0.09768197110373562,0.27018256144841646,0.27544513935727183,0.4978239072003784,0.1718056705563243,GEE:S2_SR_HARMONIZED
pn_sierra_nevada_ciclismo_transnevada_rb_lanteira_postero_alto_lanteira_050,Transnevada RB - Lanteira - Postero Alto - Lanteira,ciclismo,2024,4,2024-04-01,0.464681862988133,0.19661387584559478,0.25483630098612975,0.3378922916209262,0.6075990240089036,0.17866321165475682,GEE:S2_SR_HARMONIZED
pn_sierra_nevada_ciclismo_transnevada_re_bayarcal_laguna_seca_051,Transnevada RE - Bayarcal - Laguna Seca,ciclismo,2024,4,2024-04-01,0.46840143658012595,0.17777290556581488,0.2471256810746764,0.3183738225510775,0.6269638466211814,0.19037141326400095,GEE:S2_SR_HARMONIZED
pn_sierra_nevada_ciclismo_carril_cicloturista_la_zubia_cumbres_verdes_052,CARRIL CICLOTURISTA LA ZUBIA-CUMBRES VERDES,ciclismo,2024,4,2024-04-01,0.5423043164203161,0.053329192185633076,0.2524185175421944,0.47084965517383,0.6428123230941026,0.1391076345562743,GEE:S2_SR_HARMONIZED
pn_sierra_nevada_senderismo_transnevada_rf_valor_fuente_de_las_primeras_agua_000,Transnevada RF - Valor - Fuente de las Primeras Aguas,senderismo,2024,5,2024-05-01,0.43926163227045173,0.14334521161439087,0.25133966317543105,0.3102650722524761,0.5683096130158803,0.16795511536602964,GEE:S2_SR_HARMONIZED
pn_sierra_nevada_senderismo_transnevada_rg_yegen_mecina_bombaron_yegen_001,Transnevada RG - Yegen - Mecina Bombaron - Yegen,senderismo,2024,5,2024-05-01,0.39010090977237577,0.1325696147148468,0.24144959116943793,0.26360473604366824,0.5020730108131236,0.1742080656906582,GEE:S2_SR_HARMONIZED
pn_sierra_nevada_senderismo_transnevada_rh_capileira_refugio_poqueira_002,Transnevada RH - Capileira - Refugio Poqueira,senderismo,2024,5,2024-05-01,0.37665051992297366,0.14259452171650455,0.22214221305868767,0.23651340613386218,0.5174301685821011,0.18749242325645094,GEE:S2_SR_HARMONIZED
pn_sierra_nevada_senderismo_transnevada_rj_portugos_barranco_bermejo_portugo_003,Transnevada RJ - Portugos - Barranco Bermejo - Portugos,senderismo,2024,5,2024-05-01,0.4645529595205396,0.18274588886892157,0.2885577355933851,0.3495659607807192,0.5838008880662814,0.16524419964986647,GEE:S2_SR_HARMONIZED
pn_sierra_nevada_senderismo_transnevada_rk_padre_eterno_ar_puente_palo_padre_004,Transnevada RK - Padre Eterno - AR Puente Palo - Padre Eterno,senderismo,2024,5,2024-05-01,0.4329547936642844,0.13456082930965368,0.2961114445063352,0.3262105951885005,0.5331243047222274,0.1452620735920098,GEE:S2_SR_HARMONIZED
pn_sierra_nevada_senderismo_transnevada_rc_abrucena_la_polarda_005,Transnevada RC - Abrucena - La Polarda,senderismo,2024,5,2024-05-01,0.40972463520429464,0.14924991269845625,0.25778306706338544,0.2832229105722886,0.5371167711764604,0.15723931064554705,GEE:S2_SR_HARMONIZED
pn_sierra_nevada_senderismo_transnevada_rd_laujar_andarax_loma_raspa_laujar__006,Transnevada RD - Laujar Andarax - Loma Raspa - Laujar Andarax,senderismo,2024,5,2024-05-01,0.39568694184931635,0.12793121227202145,0.24446788994428104,0.25579180027834086,0.5371447337572055,0.1779246683053677,GEE:S2_SR_HARMONIZED
pn_sierra_nevada_senderismo_transnevada_ri_niguelas_la_rinconada_niguelas_007,Transnevada RI - Niguelas - La Rinconada - Niguelas,senderismo,2024,5,2024-05-01,0.3991657812529877,0.1102259996998245,0.27280716666392996,0.283204156443565,0.5057975692919213,0.1569302258953256,GEE:S2_SR_HARMONIZED
pn_sierra_nevada_senderismo_acequias_del_poqueira_008,Acequias del Poqueira,senderismo,2024,5,2024-05-01,0.4834378686612135,0.1738231552474757,0.34578809293760804,0.3770259437647022,0.5915905780224452,0.1440209600595652,GEE:S2_SR_HARMONIZED
pn_sierra_nevada_senderismo_canal_de_la_espartera_arenales_del_trevenque_009,Canal de la Espartera - Arenales del Trevenque,senderismo,2024,5,2024-05-01,0.45195182495297737,0.10798934284099113,0.2781954795470448,0.26208530405388214,0.6446002111362962,0.23424228344893092,GEE:S2_SR_HARMONIZED
pn_sierra_nevada_senderismo_cerro_huenes_010,Cerro Huenes,senderismo,2024,5,2024-05-01,0.5662804318981565,0.17891908382393767,0.3342297074944847,0.42373698936577864,0.728472066940702,0.18208906028180613,GEE:S2_SR_HARMONIZED
pn_sierra_nevada_senderismo_el_aguadero_011,El Aguadero,senderismo,2024,5,2024-05-01,0.4494627002719943,0.1456901075079949,0.2821557293887728,0.329967208161927,0.5722881903450115,0.15430766277025185,GEE:S2_SR_HARMONIZED
pn_sierra_nevada_senderismo_haza_larguilla_012,Haza Larguilla,senderismo,2024,5,2024-05-01,0.40981153902793116,0.05409343596373371,0.269071958772682,0.2835716160143589,0.5054421098777532,0.16138056497531447,GEE:S2_SR_HARMONIZED
pn_sierra_nevada_senderismo_hoya_del_portillo_refugio_poqueira_013,Hoya del Portillo - Refugio Poqueira,senderismo,2024,5,2024-05-01,0.40254167623008086,0.11327954429740045,0.23304921313725366,0.2950547747916154,0.47419381908236774,0.17047968131599184,GEE:S2_SR_HARMONIZED
pn_sierra_nevada_senderismo_jerez_del_marquesado_postero_alto_014,Jerez del Marquesado - Postero Alto,senderismo,2024,5,2024-05-01,0.4611236626615639,0.1964933676347262,0.25982623902530466,0.2870697363186135,0.6386088374419244,0.206557771339651,GEE:S2_SR_HARMONIZED
pn_sierra_nevada_senderismo_ragua_aldeire_015,Ragua - Aldeire,senderismo,2024,5,2024-05-01,0.5520897025541857,0.2201806120273677,0.3287007835719764,0.3964561607895127,0.7326531082085358,0.19863199897729533,GEE:S2_SR_HARMONIZED
pn_sierra_nevada_senderismo_transnevada_invierno_016,TRANSNEVADA INVIERNO,senderismo,2024,5,2024-05-01,0.44772959884135094,0.15326173373791507,0.2806388656851848,0.31639222893635655,0.5820280740100587,0.1752780490308367,GEE:S2_SR_HARMONIZED
pn_sierra_nevada_senderismo_transnevada_verano_017,TRANSNEVADA VERANO,senderismo,2024,5,2024-05-01,0.45318675475346465,0.15812085314382945,0.28420092768434585,0.31639186775715405,0.5898164291154889,0.17756395150743384,GEE:S2_SR_HARMONIZED
pn_sierra_nevada_senderismo_transnevada_ra_guejar_sierra_pena_partida_018,Transnevada RA - Güejar Sierra - Peña Partida,senderismo,2024,5,2024-05-01,0.430819725242522,0.13188837616865076,0.3035379758710433,0.30632420452060743,0.5449507975772353,0.17076168642785353,GEE:S2_SR_HARMONIZED
pn_sierra_nevada_senderismo_transnevada_rb_lanteira_postero_alto_lanteira_019,Transnevada RB - Lanteira - Postero Alto - Lanteira,senderismo,2024,5,2024-05-01,0.4319044807075234,0.16808824883430634,0.24723698085896662,0.2912668044961031,0.5839515077611787,0.18781002593829008,GEE:S2_SR_HARMONIZED
pn_sierra_nevada_senderismo_transnevada_re_bayarcal_laguna_seca_020,Transnevada RE - Bayarcal - Laguna Seca,senderismo,2024,5,2024-05-01,0.47104788709746476,0.1810983792400231,0.2641737059712904,0.3338479325121629,0.6228701220230936,0.18363837601031321,GEE:S2_SR_HARMONIZED
pn_sierra_nevada_senderismo_la_cebadilla_021,La Cebadilla,senderismo,2024,5,2024-05-01,0.5693440942925797,0.236204166012716,0.43533601581491826,0.4589120054220997,0.6935868673177071,0.1628570472734129,GEE:S2_SR_HARMONIZED
pn_sierra_nevada_senderismo_la_silleta_022,La Silleta,senderismo,2024,5,2024-05-01,0.4340707004612953,0.05038587287362792,0.25029990030600285,0.3082454739632233,0.5743443173717224,0.16417231772877647,GEE:S2_SR_HARMONIZED
pn_sierra_nevada_senderismo_lanjaron_tello_023,Lanjaron - Tello,senderismo,2024,5,2024-05-01,0.6293552426224621,0.2530659608755922,0.4749852394886055,0.5251117692291692,0.7478610542360046,0.14165564209435375,GEE:S2_SR_HARMONIZED
pn_sierra_nevada_senderismo_molinos_de_isfalada_024,Molinos de Isfalada,senderismo,2024,5,2024-05-01,0.3995379492861027,0.10972114088948053,0.23831254490181536,0.26353690625914883,0.5056187925431161,0.18750833619362978,GEE:S2_SR_HARMONIZED
pn_sierra_nevada_senderismo_monterrey_025,Monterrey,senderismo,2024,5,2024-05-01,0.49295254454193327,0.14450660209983474,0.30297837762471114,0.3767568152040145,0.6073971514034127,0.15732155714384938,GEE:S2_SR_HARMONIZED
pn_sierra_nevada_senderismo_puente_palo_026,Puente Palo,senderismo,2024,5,2024-05-01,0.6299430575154049,0.2559593617933741,0.39091664978156415,0.5720652512323658,0.7008222040728431,0.10289267829884473,GEE:S2_SR_HARMONIZED
pn_sierra_nevada_senderismo_ragua_hoyos_de_pura_027,Ragua - Hoyos de Pura,senderismo,2024,5,2024-05-01,0.5850100435802121,0.26120173930367047,0.3041058749392319,0.5249055314738795,0.7437819516889936,0.21365024483264192,GEE:S2_SR_HARMONIZED
pn_sierra_nevada_senderismo_ragua_lagunilla_seca_028,Ragua - Lagunilla Seca,senderismo,2024,5,2024-05-01,0.48592437109191955,0.16206478572050548,0.27390457309284494,0.373240481772043,0.6109288572079541,0.1515010917596278,GEE:S2_SR_HARMONIZED
pn_sierra_nevada_senderismo_rio_alhama_029,Río Alhama,senderismo,2024,5,2024-05-01,0.4605447187861038,0.1455435953955228,0.2945815440716538,0.3379233863844981,0.5723691506998202,0.18197956994793313,GEE:S2_SR_HARMONIZED
pn_sierra_nevada_senderismo_rio_bermejo_030,Río Bermejo,senderismo,2024,5,2024-05-01,0.5328396746973161,0.21150177068272313,0.3453116848701533,0.4158815907820171,0.6622390068548293,0.19332055348674818,GEE:S2_SR_HARMONIZED
pn_sierra_nevada_senderismo_rio_grande_de_los_berchules_031,Río Grande de los Berchules,senderismo,2024,5,2024-05-01,0.5188508839037375,0.22012524564360061,0.34959973724381394,0.3691335856354115,0.673420486136738,0.1871168851489673,GEE:S2_SR_HARMONIZED
pn_sierra_nevada_senderismo_trevelez_siete_lagunas_032,Trevélez - Siete Lagunas,senderismo,2024,5,2024-05-01,0.42860116011229177,0.15406238353242463,0.2807262444118192,0.3065456946764872,0.5722415719886595,0.19339210672046278,GEE:S2_SR_HARMONIZED
pn_sierra_nevada_senderismo_ubeire_033,Ubeire,senderismo,2024,5,2024-05-01,0.5560027531230981,0.1906499138074329,0.31623159269980416,0.4433844245680956,0.6695986226988107,0.1422105648809332,GEE:S2_SR_HARMONIZED
pn_sierra_nevada_senderismo_sulayr_034,SULAYR,senderismo,2024,5,2024-05-01,0.5034405027756366,0.18464751549090636,0.31403562889594755,0.37109855486443954,0.6444745233472085,0.1752333789580947,GEE:S2_SR_HARMONIZED
pn_sierra_nevada_senderismo_carril_cicloturista_la_zubia_cumbres_verdes_035,CARRIL CICLOTURISTA LA ZUBIA-CUMBRES VERDES,senderismo,2024,5,2024-05-01,0.5052998444630158,0.021593147071308574,0.24683577358270448,0.4242945134712887,0.6114902154961062,0.14286964163239224,GEE:S2_SR_HARMONIZED
pn_sierra_nevada_senderismo_dehesa_del_camarate_036,Dehesa del Camarate,senderismo,2024,5,2024-05-01,0.5981675676233367,0.21640895445940753,0.4072845836478853,0.49449336213292555,0.7126994871883909,0.14437625082310865,GEE:S2_SR_HARMONIZED
pn_sierra_nevada_senderismo_pueblos_del_poqueira_037,PUEBLOS DEL POQUEIRA,senderismo,2024,5,2024-05-01,0.6225320237749584,0.2729180289006595,0.468380791300496,0.5328885797454114,0.7676741995574781,0.20710951031946004,GEE:S2_SR_HARMONIZED
pn_sierra_nevada_senderismo_ragua_barranco_del_hornillo_038,Ragua - Barranco del Hornillo,senderismo,2024,5,2024-05-01,0.6830282363980134,0.2825352262656946,0.3357385738366872,0.5835964271516512,0.7830258453781813,0.13250484488526237,GEE:S2_SR_HARMONIZED
pn_sierra_nevada_ciclismo_transnevada_rf_valor_fuente_de_las_primeras_agua_039,Transnevada RF - Valor - Fuente de las Primeras Aguas,ciclismo,2024,5,2024-05-01,0.43926163227045173,0.14334521161439087,0.25133966317543105,0.3102650722524761,0.5683096130158803,0.16795511536602964,GEE:S2_SR_HARMONIZED
pn_sierra_nevada_ciclismo_transnevada_rg_yegen_mecina_bombaron_yegen_040,Transnevada RG - Yegen - Mecina Bombaron - Yegen,ciclismo,2024,5,2024-05-01,0.39010090977237577,0.1325696147148468,0.24144959116943793,0.26360473604366824,0.5020730108131236,0.1742080656906582,GEE:S2_SR_HARMONIZED
pn_sierra_nevada_ciclismo_transnevada_rh_capileira_refugio_poqueira_041,Transnevada RH - Capileira - Refugio Poqueira,ciclismo,2024,5,2024-05-01,0.37665051992297366,0.14259452171650455,0.22214221305868767,0.23651340613386218,0.5174301685821011,0.18749242325645094,GEE:S2_SR_HARMONIZED
pn_sierra_nevada_ciclismo_transnevada_rj_portugos_barranco_bermejo_portugo_042,Transnevada RJ - Portugos - Barranco Bermejo - Portugos,ciclismo,2024,5,2024-05-01,0.4645529595205396,0.18274588886892157,0.2885577355933851,0.3495659607807192,0.5838008880662814,0.16524419964986647,GEE:S2_SR_HARMONIZED
pn_sierra_nevada_ciclismo_transnevada_rk_padre_eterno_ar_puente_palo_padre_043,Transnevada RK - Padre Eterno - AR Puente Palo - Padre Eterno,ciclismo,2024,5,2024-05-01,0.4329547936642844,0.13456082930965368,0.2961114445063352,0.3262105951885005,0.5331243047222274,0.1452620735920098,GEE:S2_SR_HARMONIZED
pn_sierra_nevada_ciclismo_transnevada_rc_abrucena_la_polarda_044,Transnevada RC - Abrucena - La Polarda,ciclismo,2024,5,2024-05-01,0.40972463520429464,0.14924991269845625,0.25778306706338544,0.2832229105722886,0.5371167711764604,0.15723931064554705,GEE:S2_SR_HARMONIZED
pn_sierra_nevada_ciclismo_transnevada_rd_laujar_andarax_loma_raspa_laujar__045,Transnevada RD - Laujar Andarax - Loma Raspa - Laujar Andarax,ciclismo,2024,5,2024-05-01,0.39568694184931635,0.12793121227202145,0.24446788994428104,0.25579180027834086,0.5371447337572055,0.1779246683053677,GEE:S2_SR_HARMONIZED
pn_sierra_nevada_ciclismo_transnevada_ri_niguelas_la_rinconada_niguelas_046,Transnevada RI - Niguelas - La Rinconada - Niguelas,ciclismo,2024,5,2024-05-01,0.3991657812529877,0.1102259996998245,0.27280716666392996,0.283204156443565,0.5057975692919213,0.1569302258953256,GEE:S2_SR_HARMONIZED
pn_sierra_nevada_ciclismo_transnevada_invierno_047,TRANSNEVADA INVIERNO,ciclismo,2024,5,2024-05-01,0.44772959884135094,0.15326173373791507,0.2806388656851848,0.31639222893635655,0.5820280740100587,0.1752780490308367,GEE:S2_SR_HARMONIZED
pn_sierra_nevada_ciclismo_transnevada_verano_048,TRANSNEVADA VERANO,ciclismo,2024,5,2024-05-01,0.45318675475346465,0.15812085314382945,0.28420092768434585,0.31639186775715405,0.5898164291154889,0.17756395150743384,GEE:S2_SR_HARMONIZED
pn_sierra_nevada_ciclismo_transnevada_ra_guejar_sierra_pena_partida_049,Transnevada RA - Güejar Sierra - Peña Partida,ciclismo,2024,5,2024-05-01,0.430819725242522,0.13188837616865076,0.3035379758710433,0.30632420452060743,0.5449507975772353,0.17076168642785353,GEE:S2_SR_HARMONIZED
pn_sierra_nevada_ciclismo_transnevada_rb_lanteira_postero_alto_lanteira_050,Transnevada RB - Lanteira - Postero Alto - Lanteira,ciclismo,2024,5,2024-05-01,0.4319044807075234,0.16808824883430634,0.24723698085896662,0.2912668044961031,0.5839515077611787,0.18781002593829008,GEE:S2_SR_HARMONIZED
pn_sierra_nevada_ciclismo_transnevada_re_bayarcal_laguna_seca_051,Transnevada RE - Bayarcal - Laguna Seca,ciclismo,2024,5,2024-05-01,0.47104788709746476,0.1810983792400231,0.2641737059712904,0.3338479325121629,0.6228701220230936,0.18363837601031321,GEE:S2_SR_HARMONIZED
pn_sierra_nevada_ciclismo_carril_cicloturista_la_zubia_cumbres_verdes_052,CARRIL CICLOTURISTA LA ZUBIA-CUMBRES VERDES,ciclismo,2024,5,2024-05-01,0.5052998444630158,0.021593147071308574,0.24683577358270448,0.4242945134712887,0.6114902154961062,0.14286964163239224,GEE:S2_SR_HARMONIZED
pn_sierra_nevada_senderismo_transnevada_rf_valor_fuente_de_las_primeras_agua_000,Transnevada RF - Valor - Fuente de las Primeras Aguas,senderismo,2024,6,2024-06-01,0.4031542328825326,0.11597853290546438,0.2344566135447659,0.26362799287648886,0.5372680261911483,0.17081560492217016,GEE:S2_SR_HARMONIZED
pn_sierra_nevada_senderismo_transnevada_rg_yegen_mecina_bombaron_yegen_001,Transnevada RG - Yegen - Mecina Bombaron - Yegen,senderismo,2024,6,2024-06-01,0.3537481578023263,0.10365185424705373,0.21987367114221268,0.21681621703113046,0.4706684843321613,0.17760798752036042,GEE:S2_SR_HARMONIZED
pn_sierra_nevada_senderismo_transnevada_rh_capileira_refugio_poqueira_002,Transnevada RH - Capileira - Refugio Poqueira,senderismo,2024,6,2024-06-01,0.3705470830789856,0.14697525968677594,0.22797958612319905,0.23258547712268748,0.5096510072709792,0.18597801951411236,GEE:S2_SR_HARMONIZED
pn_sierra_nevada_senderismo_transnevada_rj_portugos_barranco_bermejo_portugo_003,Transnevada RJ - Portugos - Barranco Bermejo - Portugos,senderismo,2024,6,2024-06-01,0.4401156620456372,0.16666348510536078,0.28284608204638206,0.32236843878527704,0.5644827237100719,0.16150328765924654,GEE:S2_SR_HARMONIZED
pn_sierra_nevada_senderismo_transnevada_rk_padre_eterno_ar_puente_palo_padre_004,Transnevada RK - Padre Eterno - AR Puente Palo - Padre Eterno,senderismo,2024,6,2024-06-01,0.37698679279249986,0.08758345934132933,0.2598975090604879,0.24806275346843498,0.48650121082110537,0.16034071365334698,GEE:S2_SR_HARMONIZED
pn_sierra_nevada_senderismo_transnevada_rc_abrucena_la_polarda_005,Transnevada RC - Abrucena - La Polarda,senderismo,2024,6,2024-06-01,0.3730136493433241,0.12057676816077192,0.23930648895237447,0.23621869327105458,0.505745866432705,0.1635110858337295,GEE:S2_SR_HARMONIZED
pn_sierra_nevada_senderismo_transnevada_rd_laujar_andarax_loma_raspa_laujar__006,Transnevada RD - Laujar Andarax - Loma Raspa - Laujar Andarax,senderismo,2024,6,2024-06-01,0.38073389646700867,0.11199215346209458,0.24598186209234385,0.24404973792300477,0.5174334745221366,0.179761121524564,GEE:S2_SR_HARMONIZED
pn_sierra_nevada_senderismo_transnevada_ri_niguelas_la_rinconada_niguelas_007,Transnevada RI - Niguelas - La Rinconada - Niguelas,senderismo,2024,6,2024-06-01,0.3669019148868038,0.10403238609557378,0.26365715169814885,0.25181412342529086,0.47448791866311724,0.15583799093750628,GEE:S2_SR_HARMONIZED
pn_sierra_nevada_senderismo_acequias_del_poqueira_008,Acequias del Poqueira,senderismo,2024,6,2024-06-01,0.4477439257050591,0.16411602421621385,0.32553408533042166,0.3144807442523145,0.5717808584922471,0.168932996319022,GEE:S2_SR_HARMONIZED
pn_sierra_nevada_senderismo_canal_de_la_espartera_arenales_del_trevenque_009,Canal de la Espartera - Arenales del Trevenque,senderismo,2024,6,2024-06-01,0.42791408625298716,0.09425682852036252,0.26968498321968015,0.238140095606859,0.613289572571927,0.23371297137963334,GEE:S2_SR_HARMONIZED
pn_sierra_nevada_senderismo_cerro_huenes_010,Cerro Huenes,senderismo,2024,6,2024-06-01,0.5437419866463447,0.16282790611791956,0.3254941897696915,0.38420674088721163,0.712898279475191,0.19500299478940503,GEE:S2_SR_HARMONIZED
pn_sierra_nevada_senderismo_el_aguadero_011,El Aguadero,senderismo,2024,6,2024-06-01,0.43363387538187664,0.12953551884595843,0.28487319921282395,0.3103787721163888,0.5564128206910188,0.15915687728912434,GEE:S2_SR_HARMONIZED
pn_sierra_nevada_senderismo_haza_larguilla_012,Haza Larguilla,senderismo,2024,6,2024-06-01,0.32943143616109577,0.0055325543307701,0.2138961858087378,0.2204245190956094,0.4155447857687039,0.12149137223944895,GEE:S2_SR_HARMONIZED
pn_sierra_nevada_senderismo_hoya_del_portillo_refugio_poqueira_013,Hoya del Portillo - Refugio Poqueira,senderismo,2024,6,2024-06-01,0.40189350456637485,0.14196618657869925,0.24872587090118928,0.2988220331279437,0.4708056731770435,0.16138388482941357,GEE:S2_SR_HARMONIZED
pn_sierra_nevada_senderismo_jerez_del_marquesado_postero_alto_014,Jerez del Marquesado - Postero Alto,senderismo,2024,6,2024-06-01,0.4281891831739369,0.17134133526242692,0.23993075815072273,0.23639035277514242,0.6191778332535728,0.21808691495979507,GEE:S2_SR_HARMONIZED
pn_sierra_nevada_senderismo_ragua_aldeire_015,Ragua - Aldeire,senderismo,2024,6,2024-06-01,0.5253427925842339,0.20410573445580182,0.31379976172390894,0.324356953373219,0.7304883223184153,0.22738983327802673,GEE:S2_SR_HARMONIZED
pn_sierra_nevada_senderismo_transnevada_invierno_016,TRANSNEVADA INVIERNO,senderismo,2024,6,2024-06-01,0.4165345666801185,0.13465872389884015,0.2678811568141965,0.2773266653053315,0.5506952573973689,0.1804746468248423,GEE:S2_SR_HARMONIZED
pn_sierra_nevada_senderismo_transnevada_verano_017,TRANSNEVADA VERANO,senderismo,2024,6,2024-06-01,0.4222692858497114,0.1394177934887543,0.2706761056417204,0.2773804572546128,0.558609407619708,0.18430703440505544,GEE:S2_SR_HARMONIZED
pn_sierra_nevada_senderismo_transnevada_ra_guejar_sierra_pena_partida_018,Transnevada RA - Güejar Sierra - Peña Partida,senderismo,2024,6,2024-06-01,0.3672877482185722,0.09846555462710159,0.26658706786358477,0.2480632591434797,0.46698541764247775,0.16451163430309962,GEE:S2_SR_HARMONIZED
pn_sierra_nevada_senderismo_transnevada_rb_lanteira_postero_alto_lanteira_019,Transnevada RB - Lanteira - Postero Alto - Lanteira,senderismo,2024,6,2024-06-01,0.4130351142942243,0.147962333607673,0.23322652961901713,0.26160210270148054,0.574252770800929,0.20186972248871968,GEE:S2_SR_HARMONIZED
pn_sierra_nevada_senderismo_transnevada_re_bayarcal_laguna_seca_020,Transnevada RE - Bayarcal - Laguna Seca,senderismo,2024,6,2024-06-01,0.4349032716480731,0.17452767472336816,0.2643360405473602,0.3224097905397511,0.5604861554780116,0.16238783947807536,GEE:S2_SR_HARMONIZED
pn_sierra_nevada_senderismo_la_cebadilla_021,La Cebadilla,senderismo,2024,6,2024-06-01,0.47984445698414524,0.16241338005586525,0.3534162053322859,0.33400752194004957,0.6307659066036199,0.18742921003821664,GEE:S2_SR_HARMONIZED
pn_sierra_nevada_senderismo_la_silleta_022,La Silleta,senderismo,2024,6,2024-06-01,0.38094744776029443,0.012902771013537786,0.21943075808830229,0.2465390146106124,0.5192922696869703,0.1713988518729755,GEE:S2_SR_HARMONIZED
pn_sierra_nevada_senderismo_lanjaron_tello_023,Lanjaron - Tello,senderismo,2024,6,2024-06-01,0.4749920829350539,0.11248784081444314,0.34740383960913856,0.30668122979658136,0.6308628867890359,0.20298539968555895,GEE:S2_SR_HARMONIZED
pn_sierra_nevada_senderismo_molinos_de_isfalada_024,Molinos de Isfalada,senderismo,2024,6,2024-06-01,0.344011796181504,0.06967182293983298,0.20293758453893007,0.18586802942977873,0.4549243596263286,0.21089418362992615,GEE:S2_SR_HARMONIZED
pn_sierra_nevada_senderismo_monterrey_025,Monterrey,senderismo,2024,6,2024-06-01,0.4690290612574014,0.11260422029037825,0.3061591762716251,0.341715579993757,0.5800386484990528,0.16540398019485544,GEE:S2_SR_HARMONIZED
pn_sierra_nevada_senderismo_puente_palo_026,Puente Palo,senderismo,2024,6,2024-06-01,0.6008263767216601,0.23229468523818383,0.3826802662401357,0.5295161554607659,0.6895039678321166,0.12220887211520962,GEE:S2_SR_HARMONIZED
pn_sierra_nevada_senderismo_ragua_hoyos_de_pura_027,Ragua - Hoyos de Pura,senderismo,2024,6,2024-06-01,0.5970204349899476,0.25275455232030847,0.2877659479694503,0.5279891132600452,0.7792806469574496,0.2317132420403043,GEE:S2_SR_HARMONIZED
pn_sierra_nevada_senderismo_ragua_lagunilla_seca_028,Ragua - Lagunilla Seca,senderismo,2024,6,2024-06-01,0.5091762145819625,0.20025277261159855,0.3046015368158189,0.4080625902996575,0.6146820471771454,0.14141937245630207,GEE:S2_SR_HARMONIZED
pn_sierra_nevada_senderismo_rio_alhama_029,Río Alhama,senderismo,2024,6,2024-06-01,0.38177936500804865,0.091803598564949,0.2506853494906459,0.22871174619202136,0.5020231953112628,0.20588386050899862,GEE:S2_SR_HARMONIZED
pn_sierra_nevada_senderismo_rio_bermejo_030,Río Bermejo,senderismo,2024,6,2024-06-01,0.49722386557102083,0.1928406329456,0.3355289269830334,0.3808558918213923,0.6192549196253705,0.18009321869726494,GEE:S2_SR_HARMONIZED
pn_sierra_nevada_senderismo_rio_grande_de_los_berchules_031,Río Grande de los Berchules,senderismo,2024,6,2024-06-01,0.4468528850733734,0.1596764665539289,0.3019443004774206,0.2794437420445741,0.6154870671442584,0.1985951772498803,GEE:S2_SR_HARMONIZED
pn_sierra_nevada_senderismo_trevelez_siete_lagunas_032,Trevélez - Siete Lagunas,senderismo,2024,6,2024-06-01,0.4381252669250458,0.1717498293962251,0.29758568735160157,0.298937474615123,0.5880215028274982,0.1980994594309417,GEE:S2_SR_HARMONIZED
pn_sierra_nevada_senderismo_ubeire_033,Ubeire,senderismo,2024,6,2024-06-01,0.5214984535569872,0.1613691549095096,0.301046543950682,0.39673354470886063,0.6426018314084709,0.16549724416590592,GEE:S2_SR_HARMONIZED
pn_sierra_nevada_senderismo_sulayr_034,SULAYR,senderismo,2024,6,2024-06-01,0.4787819100958525,0.17756690259086505,0.30752906091965626,0.33986783611150206,0.6132100447378772,0.1812024808899549,GEE:S2_SR_HARMONIZED
pn_sierra_nevada_senderismo_carril_cicloturista_la_zubia_cumbres_verdes_035,CARRIL CICLOTURISTA LA ZUBIA-CUMBRES VERDES,senderismo,2024,6,2024-06-01,0.4777576174681161,-0.013554634013941646,0.2244857593281105,0.35681699656690935,0.6110447286995427,0.1733101809408725,GEE:S2_SR_HARMONIZED
pn_sierra_nevada_senderismo_dehesa_del_camarate_036,Dehesa del Camarate,senderismo,2024,6,2024-06-01,0.5664901138928491,0.19348386318529423,0.3888619194146554,0.4158769771718143,0.7207851891094562,0.1860717354685323,GEE:S2_SR_HARMONIZED
pn_sierra_nevada_senderismo_pueblos_del_poqueira_037,PUEBLOS DEL POQUEIRA,senderismo,2024,6,2024-06-01,0.5314981537157649,0.19060985497559815,0.39630292393566136,0.380804689399769,0.7009972343063149,0.21602424814536453,GEE:S2_SR_HARMONIZED
pn_sierra_nevada_senderismo_ragua_barranco_del_hornillo_038,Ragua - Barranco del Hornillo,senderismo,2024,6,2024-06-01,0.6810308180823493,0.27769626847029133,0.3248683268618759,0.5842249393463135,0.7945598663021104,0.1482297645090783,GEE:S2_SR_HARMONIZED
pn_sierra_nevada_ciclismo_transnevada_rf_valor_fuente_de_las_primeras_agua_039,Transnevada RF - Valor - Fuente de las Primeras Aguas,ciclismo,2024,6,2024-06-01,0.4031542328825326,0.11597853290546438,0.2344566135447659,0.26362799287648886,0.5372680261911483,0.17081560492217016,GEE:S2_SR_HARMONIZED
pn_sierra_nevada_ciclismo_transnevada_rg_yegen_mecina_bombaron_yegen_040,Transnevada RG - Yegen - Mecina Bombaron - Yegen,ciclismo,2024,6,2024-06-01,0.3537481578023263,0.10365185424705373,0.21987367114221268,0.21681621703113046,0.4706684843321613,0.17760798752036042,GEE:S2_SR_HARMONIZED
pn_sierra_nevada_ciclismo_transnevada_rh_capileira_refugio_poqueira_041,Transnevada RH - Capileira - Refugio Poqueira,ciclismo,2024,6,2024-06-01,0.3705470830789856,0.14697525968677594,0.22797958612319905,0.23258547712268748,0.5096510072709792,0.18597801951411236,GEE:S2_SR_HARMONIZED
pn_sierra_nevada_ciclismo_transnevada_rj_portugos_barranco_bermejo_portugo_042,Transnevada RJ - Portugos - Barranco Bermejo - Portugos,ciclismo,2024,6,2024-06-01,0.4401156620456372,0.16666348510536078,0.28284608204638206,0.32236843878527704,0.5644827237100719,0.16150328765924654,GEE:S2_SR_HARMONIZED
pn_sierra_nevada_ciclismo_transnevada_rk_padre_eterno_ar_puente_palo_padre_043,Transnevada RK - Padre Eterno - AR Puente Palo - Padre Eterno,ciclismo,2024,6,2024-06-01,0.37698679279249986,0.08758345934132933,0.2598975090604879,0.24806275346843498,0.48650121082110537,0.16034071365334698,GEE:S2_SR_HARMONIZED
pn_sierra_nevada_ciclismo_transnevada_rc_abrucena_la_polarda_044,Transnevada RC - Abrucena - La Polarda,ciclismo,2024,6,2024-06-01,0.3730136493433241,0.12057676816077192,0.23930648895237447,0.23621869327105458,0.505745866432705,0.1635110858337295,GEE:S2_SR_HARMONIZED
pn_sierra_nevada_ciclismo_transnevada_rd_laujar_andarax_loma_raspa_laujar__045,Transnevada RD - Laujar Andarax - Loma Raspa - Laujar Andarax,ciclismo,2024,6,2024-06-01,0.38073389646700867,0.11199215346209458,0.24598186209234385,0.24404973792300477,0.5174334745221366,0.179761121524564,GEE:S2_SR_HARMONIZED
pn_sierra_nevada_ciclismo_transnevada_ri_niguelas_la_rinconada_niguelas_046,Transnevada RI - Niguelas - La Rinconada - Niguelas,ciclismo,2024,6,2024-06-01,0.3669019148868038,0.10403238609557378,0.26365715169814885,0.25181412342529086,0.47448791866311724,0.15583799093750628,GEE:S2_SR_HARMONIZED
pn_sierra_nevada_ciclismo_transnevada_invierno_047,TRANSNEVADA INVIERNO,ciclismo,2024,6,2024-06-01,0.4165345666801185,0.13465872389884015,0.2678811568141965,0.2773266653053315,0.5506952573973689,0.1804746468248423,GEE:S2_SR_HARMONIZED
pn_sierra_nevada_ciclismo_transnevada_verano_048,TRANSNEVADA VERANO,ciclismo,2024,6,2024-06-01,0.4222692858497114,0.1394177934887543,0.2706761056417204,0.2773804572546128,0.558609407619708,0.18430703440505544,GEE:S2_SR_HARMONIZED
pn_sierra_nevada_ciclismo_transnevada_ra_guejar_sierra_pena_partida_049,Transnevada RA - Güejar Sierra - Peña Partida,ciclismo,2024,6,2024-06-01,0.3672877482185722,0.09846555462710159,0.26658706786358477,0.2480632591434797,0.46698541764247775,0.16451163430309962,GEE:S2_SR_HARMONIZED
pn_sierra_nevada_ciclismo_transnevada_rb_lanteira_postero_alto_lanteira_050,Transnevada RB - Lanteira - Postero Alto - Lanteira,ciclismo,2024,6,2024-06-01,0.4130351142942243,0.147962333607673,0.23322652961901713,0.26160210270148054,0.574252770800929,0.20186972248871968,GEE:S2_SR_HARMONIZED
pn_sierra_nevada_ciclismo_transnevada_re_bayarcal_laguna_seca_051,Transnevada RE - Bayarcal - Laguna Seca,ciclismo,2024,6,2024-06-01,0.4349032716480731,0.17452767472336816,0.2643360405473602,0.3224097905397511,0.5604861554780116,0.16238783947807536,GEE:S2_SR_HARMONIZED
pn_sierra_nevada_ciclismo_carril_cicloturista_la_zubia_cumbres_verdes_052,CARRIL CICLOTURISTA LA ZUBIA-CUMBRES VERDES,ciclismo,2024,6,2024-06-01,0.4777576174681161,-0.013554634013941646,0.2244857593281105,0.35681699656690935,0.6110447286995427,0.1733101809408725,GEE:S2_SR_HARMONIZED
pn_sierra_nevada_senderismo_transnevada_rf_valor_fuente_de_las_primeras_agua_000,Transnevada RF - Valor - Fuente de las Primeras Aguas,senderismo,2024,7,2024-07-01,0.3683718797964951,0.08893708224497747,0.21001007716472037,0.22452500467027278,0.5097489219182908,0.17037131117718252,GEE:S2_SR_HARMONIZED
pn_sierra_nevada_senderismo_transnevada_rg_yegen_mecina_bombaron_yegen_001,Transnevada RG - Yegen - Mecina Bombaron - Yegen,senderismo,2024,7,2024-07-01,0.3203191532551026,0.07575643096286343,0.19560601482521353,0.1854816808069535,0.4355148156049698,0.17619635036235468,GEE:S2_SR_HARMONIZED
pn_sierra_nevada_senderismo_transnevada_rh_capileira_refugio_poqueira_002,Transnevada RH - Capileira - Refugio Poqueira,senderismo,2024,7,2024-07-01,0.34343244525716876,0.12539013122159368,0.20610839632080843,0.18958600884920637,0.498132848019392,0.19833392950716036,GEE:S2_SR_HARMONIZED
pn_sierra_nevada_senderismo_transnevada_rj_portugos_barranco_bermejo_portugo_003,Transnevada RJ - Portugos - Barranco Bermejo - Portugos,senderismo,2024,7,2024-07-01,0.4184894893739747,0.14711603544831844,0.2594699093564517,0.29497887468344,0.5447273296050312,0.16042299027333995,GEE:S2_SR_HARMONIZED
pn_sierra_nevada_senderismo_transnevada_rk_padre_eterno_ar_puente_palo_padre_004,Transnevada RK - Padre Eterno - AR Puente Palo - Padre Eterno,senderismo,2024,7,2024-07-01,0.3393385624146394,0.05993071614628041,0.22901388023990202,0.2090034150045402,0.4431840438301954,0.161114914701668,GEE:S2_SR_HARMONIZED
pn_sierra_nevada_senderismo_transnevada_rc_abrucena_la_polarda_005,Transnevada RC - Abrucena - La Polarda,senderismo,2024,7,2024-07-01,0.35082001727344136,0.11071847144876346,0.21837977049164298,0.21281662189044181,0.4824709770564619,0.15869631099886805,GEE:S2_SR_HARMONIZED
pn_sierra_nevada_senderismo_transnevada_rd_laujar_andarax_loma_raspa_laujar__006,Transnevada RD - Laujar Andarax - Loma Raspa - Laujar Andarax,senderismo,2024,7,2024-07-01,0.37351757569921484,0.1116400784223385,0.22978883618954177,0.22863871243675962,0.5174983101079751,0.18165243921438445,GEE:S2_SR_HARMONIZED
pn_sierra_nevada_senderismo_transnevada_ri_niguelas_la_rinconada_niguelas_007,Transnevada RI - Niguelas - La Rinconada - Niguelas,senderismo,2024,7,2024-07-01,0.31717447195788845,0.06774336349290978,0.2229427330199041,0.21679278278847855,0.4081562546750124,0.13828451296052746,GEE:S2_SR_HARMONIZED
pn_sierra_nevada_senderismo_acequias_del_poqueira_008,Acequias del Poqueira,senderismo,2024,7,2024-07-01,0.3908387828189567,0.12422204240766731,0.2791619445253531,0.25208541321066713,0.5136747647689455,0.17605764808916471,GEE:S2_SR_HARMONIZED
pn_sierra_nevada_senderismo_canal_de_la_espartera_arenales_del_trevenque_009,Canal de la Espartera - Arenales del Trevenque,senderismo,2024,7,2024-07-01,0.3784893663209196,0.07046301801846748,0.24045690732973563,0.21248200612638277,0.5449163103031105,0.2063203993175604,GEE:S2_SR_HARMONIZED
pn_sierra_nevada_senderismo_cerro_huenes_010,Cerro Huenes,senderismo,2024,7,2024-07-01,0.4850637883240413,0.14440056251036137,0.29933374290538356,0.33410651852541784,0.638516967219588,0.17584024583390992,GEE:S2_SR_HARMONIZED
pn_sierra_nevada_senderismo_el_aguadero_011,El Aguadero,senderismo,2024,7,2024-07-01,0.41802174307224554,0.12173485374988427,0.25757404046864396,0.2911665138516482,0.5449953980308843,0.1604814237855255,GEE:S2_SR_HARMONIZED
pn_sierra_nevada_senderismo_haza_larguilla_012,Haza Larguilla,senderismo,2024,7,2024-07-01,0.25401176541544174,-0.04362620453902042,0.16500183093943557,0.19261949360370637,0.3057685759016979,0.07367896011113267,GEE:S2_SR_HARMONIZED
pn_sierra_nevada_senderismo_hoya_del_portillo_refugio_poqueira_013,Hoya del Portillo - Refugio Poqueira,senderismo,2024,7,2024-07-01,0.35198820486632576,0.10641067761806175,0.21475378448145416,0.23633235708933742,0.4118937394301244,0.17790575131171546,GEE:S2_SR_HARMONIZED
pn_sierra_nevada_senderismo_jerez_del_marquesado_postero_alto_014,Jerez del Marquesado - Postero Alto,senderismo,2024,7,2024-07-01,0.38975966537681517,0.15011034339788862,0.22135970927123907,0.22831685605699995,0.5447844166875199,0.18693773928751503,GEE:S2_SR_HARMONIZED
pn_sierra_nevada_senderismo_ragua_aldeire_015,Ragua - Aldeire,senderismo,2024,7,2024-07-01,0.4635428574757156,0.17125975034904561,0.279306522589183,0.25988185928233054,0.6775557758085716,0.22075873016343894,GEE:S2_SR_HARMONIZED
pn_sierra_nevada_senderismo_transnevada_invierno_016,TRANSNEVADA INVIERNO,senderismo,2024,7,2024-07-01,0.3842047889143698,0.11199896704034076,0.24252069247779395,0.2480063977343309,0.513677780687716,0.17342071296614844,GEE:S2_SR_HARMONIZED
pn_sierra_nevada_senderismo_transnevada_verano_017,TRANSNEVADA VERANO,senderismo,2024,7,2024-07-01,0.3874024177255697,0.11654365996863732,0.24478288495692424,0.24799961210508,0.5214705140782732,0.17629282449498984,GEE:S2_SR_HARMONIZED
pn_sierra_nevada_senderismo_transnevada_ra_guejar_sierra_pena_partida_018,Transnevada RA - Güejar Sierra - Peña Partida,senderismo,2024,7,2024-07-01,0.3196939612564646,0.06314034668361018,0.22646419668547413,0.20117333212125416,0.40814363233669465,0.15543431025223187,GEE:S2_SR_HARMONIZED
pn_sierra_nevada_senderismo_transnevada_rb_lanteira_postero_alto_lanteira_019,Transnevada RB - Lanteira - Postero Alto - Lanteira,senderismo,2024,7,2024-07-01,0.38124960127407986,0.13465570132520202,0.2219591304675046,0.25979797870556226,0.5097486762274669,0.16841681414294765,GEE:S2_SR_HARMONIZED
pn_sierra_nevada_senderismo_transnevada_re_bayarcal_laguna_seca_020,Transnevada RE - Bayarcal - Laguna Seca,senderismo,2024,7,2024-07-01,0.45418031560806005,0.1804811740623411,0.2605052231969575,0.3026294468986758,0.6075065510382522,0.18315126547487343,GEE:S2_SR_HARMONIZED
pn_sierra_nevada_senderismo_la_cebadilla_021,La Cebadilla,senderismo,2024,7,2024-07-01,0.42543158847414514,0.11908115581599724,0.30603452487396915,0.27524147014613337,0.5647589562834351,0.1864403360707096,GEE:S2_SR_HARMONIZED
pn_sierra_nevada_senderismo_la_silleta_022,La Silleta,senderismo,2024,7,2024-07-01,0.3259643271788535,-0.011684480175219775,0.19063357482380003,0.22081095691858763,0.4353364834534471,0.13508299980197025,GEE:S2_SR_HARMONIZED
pn_sierra_nevada_senderismo_lanjaron_tello_023,Lanjaron - Tello,senderismo,2024,7,2024-07-01,0.4119312701622902,0.07469961579992691,0.2991755045569539,0.2516385832951597,0.548667806962012,0.19613203397371431,GEE:S2_SR_HARMONIZED
pn_sierra_nevada_senderismo_molinos_de_isfalada_024,Molinos de Isfalada,senderismo,2024,7,2024-07-01,0.29226992660526496,0.04956318008430832,0.17786039531683626,0.15840879735750116,0.3887690656037275,0.1792652213979728,GEE:S2_SR_HARMONIZED
pn_sierra_nevada_senderismo_monterrey_025,Monterrey,senderismo,2024,7,2024-07-01,0.4496626534051732,0.1132670702379574,0.2733241934423765,0.3299714753777202,0.5566229093280921,0.16030978355963,GEE:S2_SR_HARMONIZED
pn_sierra_nevada_senderismo_puente_palo_026,Puente Palo,senderismo,2024,7,2024-07-01,0.5657134255208739,0.21900609926868617,0.3628258289124523,0.4901610300405332,0.658240624158668,0.12375098254705075,GEE:S2_SR_HARMONIZED
pn_sierra_nevada_senderismo_ragua_hoyos_de_pura_027,Ragua - Hoyos de Pura,senderismo,2024,7,2024-07-01,0.5491234066956182,0.25137224040746287,0.30006396822575326,0.47463557220568653,0.7130206450118537,0.20651327319711904,GEE:S2_SR_HARMONIZED
pn_sierra_nevada_senderismo_ragua_lagunilla_seca_028,Ragua - Lagunilla Seca,senderismo,2024,7,2024-07-01,0.438948965024955,0.16561361319492676,0.2600945448635537,0.32234760523600975,0.5682396665324124,0.1540883283953513,GEE:S2_SR_HARMONIZED
pn_sierra_nevada_senderismo_rio_alhama_029,Río Alhama,senderismo,2024,7,2024-07-01,0.33972384556357926,0.06470299422560767,0.22096074715011743,0.19728052203880414,0.45600102850953667,0.18789503146396688,GEE:S2_SR_HARMONIZED
pn_sierra_nevada_senderismo_rio_bermejo_030,Río Bermejo,senderismo,2024,7,2024-07-01,0.4681857451248639,0.16274624577350033,0.3006124535527825,0.33768107082195165,0.6036534785687967,0.17722250708142825,GEE:S2_SR_HARMONIZED
pn_sierra_nevada_senderismo_rio_grande_de_los_berchules_031,Río Grande de los Berchules,senderismo,2024,7,2024-07-01,0.39853962840639895,0.12155224418907955,0.2606723753812044,0.22836236778715635,0.5680934216362465,0.1979971762675196,GEE:S2_SR_HARMONIZED
pn_sierra_nevada_senderismo_trevelez_siete_lagunas_032,Trevélez - Siete Lagunas,senderismo,2024,7,2024-07-01,0.4000139496799182,0.14011038944665302,0.27199855835202735,0.23639398412153878,0.5450501568795725,0.2103710364160655,GEE:S2_SR_HARMONIZED
pn_sierra_nevada_senderismo_ubeire_033,Ubeire,senderismo,2024,7,2024-07-01,0.46441570809154975,0.14107914555017825,0.27641945911113974,0.3535241346432673,0.5602951294742947,0.14887084622747138,GEE:S2_SR_HARMONIZED
pn_sierra_nevada_senderismo_sulayr_034,SULAYR,senderismo,2024,7,2024-07-01,0.43660565141968416,0.14823036384015467,0.2753817267877857,0.29099467153631836,0.5839664683980493,0.1816368461628982,GEE:S2_SR_HARMONIZED
pn_sierra_nevada_senderismo_carril_cicloturista_la_zubia_cumbres_verdes_035,CARRIL CICLOTURISTA LA ZUBIA-CUMBRES VERDES,senderismo,2024,7,2024-07-01,0.3945059922699157,-0.022507547411717732,0.20001824137048407,0.31844507261462834,0.48231799523175495,0.12379281144048676,GEE:S2_SR_HARMONIZED
pn_sierra_nevada_senderismo_dehesa_del_camarate_036,Dehesa del Camarate,senderismo,2024,7,2024-07-01,0.5048068558209579,0.1475876643799366,0.34097745272003,0.3692093421273657,0.6505788604334414,0.1768234241547071,GEE:S2_SR_HARMONIZED
pn_sierra_nevada_senderismo_pueblos_del_poqueira_037,PUEBLOS DEL POQUEIRA,senderismo,2024,7,2024-07-01,0.4754492212668336,0.15084774196031325,0.34778256604131147,0.3225139086551296,0.6423392379595346,0.20528890883178955,GEE:S2_SR_HARMONIZED
pn_sierra_nevada_senderismo_ragua_barranco_del_hornillo_038,Ragua - Barranco del Hornillo,senderismo,2024,7,2024-07-01,0.6222744700795143,0.2678647566572101,0.31263060106479235,0.5093829194365591,0.74399180097814,0.15614369519066418,GEE:S2_SR_HARMONIZED
pn_sierra_nevada_ciclismo_transnevada_rf_valor_fuente_de_las_primeras_agua_039,Transnevada RF - Valor - Fuente de las Primeras Aguas,ciclismo,2024,7,2024-07-01,0.3683718797964951,0.08893708224497747,0.21001007716472037,0.22452500467027278,0.5097489219182908,0.17037131117718252,GEE:S2_SR_HARMONIZED
pn_sierra_nevada_ciclismo_transnevada_rg_yegen_mecina_bombaron_yegen_040,Transnevada RG - Yegen - Mecina Bombaron - Yegen,ciclismo,2024,7,2024-07-01,0.3203191532551026,0.07575643096286343,0.19560601482521353,0.1854816808069535,0.4355148156049698,0.17619635036235468,GEE:S2_SR_HARMONIZED
pn_sierra_nevada_ciclismo_transnevada_rh_capileira_refugio_poqueira_041,Transnevada RH - Capileira - Refugio Poqueira,ciclismo,2024,7,2024-07-01,0.34343244525716876,0.12539013122159368,0.20610839632080843,0.18958600884920637,0.498132848019392,0.19833392950716036,GEE:S2_SR_HARMONIZED
pn_sierra_nevada_ciclismo_transnevada_rj_portugos_barranco_bermejo_portugo_042,Transnevada RJ - Portugos - Barranco Bermejo - Portugos,ciclismo,2024,7,2024-07-01,0.4184894893739747,0.14711603544831844,0.2594699093564517,0.29497887468344,0.5447273296050312,0.16042299027333995,GEE:S2_SR_HARMONIZED
pn_sierra_nevada_ciclismo_transnevada_rk_padre_eterno_ar_puente_palo_padre_043,Transnevada RK - Padre Eterno - AR Puente Palo - Padre Eterno,ciclismo,2024,7,2024-07-01,0.3393385624146394,0.05993071614628041,0.22901388023990202,0.2090034150045402,0.4431840438301954,0.161114914701668,GEE:S2_SR_HARMONIZED
pn_sierra_nevada_ciclismo_transnevada_rc_abrucena_la_polarda_044,Transnevada RC - Abrucena - La Polarda,ciclismo,2024,7,2024-07-01,0.35082001727344136,0.11071847144876346,0.21837977049164298,0.21281662189044181,0.4824709770564619,0.15869631099886805,GEE:S2_SR_HARMONIZED
pn_sierra_nevada_ciclismo_transnevada_rd_laujar_andarax_loma_raspa_laujar__045,Transnevada RD - Laujar Andarax - Loma Raspa - Laujar Andarax,ciclismo,2024,7,2024-07-01,0.37351757569921484,0.1116400784223385,0.22978883618954177,0.22863871243675962,0.5174983101079751,0.18165243921438445,GEE:S2_SR_HARMONIZED
pn_sierra_nevada_ciclismo_transnevada_ri_niguelas_la_rinconada_niguelas_046,Transnevada RI - Niguelas - La Rinconada - Niguelas,ciclismo,2024,7,2024-07-01,0.31717447195788845,0.06774336349290978,0.2229427330199041,0.21679278278847855,0.4081562546750124,0.13828451296052746,GEE:S2_SR_HARMONIZED
pn_sierra_nevada_ciclismo_transnevada_invierno_047,TRANSNEVADA INVIERNO,ciclismo,2024,7,2024-07-01,0.3842047889143698,0.11199896704034076,0.24252069247779395,0.2480063977343309,0.513677780687716,0.17342071296614844,GEE:S2_SR_HARMONIZED
pn_sierra_nevada_ciclismo_transnevada_verano_048,TRANSNEVADA VERANO,ciclismo,2024,7,2024-07-01,0.3874024177255697,0.11654365996863732,0.24478288495692424,0.24799961210508,0.5214705140782732,0.17629282449498984,GEE:S2_SR_HARMONIZED
pn_sierra_nevada_ciclismo_transnevada_ra_guejar_sierra_pena_partida_049,Transnevada RA - Güejar Sierra - Peña Partida,ciclismo,2024,7,2024-07-01,0.3196939612564646,0.06314034668361018,0.22646419668547413,0.20117333212125416,0.40814363233669465,0.15543431025223187,GEE:S2_SR_HARMONIZED
pn_sierra_nevada_ciclismo_transnevada_rb_lanteira_postero_alto_lanteira_050,Transnevada RB - Lanteira - Postero Alto - Lanteira,ciclismo,2024,7,2024-07-01,0.38124960127407986,0.13465570132520202,0.2219591304675046,0.25979797870556226,0.5097486762274669,0.16841681414294765,GEE:S2_SR_HARMONIZED
pn_sierra_nevada_ciclismo_transnevada_re_bayarcal_laguna_seca_051,Transnevada RE - Bayarcal - Laguna Seca,ciclismo,2024,7,2024-07-01,0.45418031560806005,0.1804811740623411,0.2605052231969575,0.3026294468986758,0.6075065510382522,0.18315126547487343,GEE:S2_SR_HARMONIZED
pn_sierra_nevada_ciclismo_carril_cicloturista_la_zubia_cumbres_verdes_052,CARRIL CICLOTURISTA LA ZUBIA-CUMBRES VERDES,ciclismo,2024,7,2024-07-01,0.3945059922699157,-0.022507547411717732,0.20001824137048407,0.31844507261462834,0.48231799523175495,0.12379281144048676,GEE:S2_SR_HARMONIZED
pn_sierra_nevada_senderismo_transnevada_rf_valor_fuente_de_las_primeras_agua_000,Transnevada RF - Valor - Fuente de las Primeras Aguas,senderismo,2024,8,2024-08-01,0.34035028789316435,0.06804520328149717,0.18801621433076507,0.1974064449502366,0.4789007713412036,0.16454301993885795,GEE:S2_SR_HARMONIZED
pn_sierra_nevada_senderismo_transnevada_rg_yegen_mecina_bombaron_yegen_001,Transnevada RG - Yegen - Mecina Bombaron - Yegen,senderismo,2024,8,2024-08-01,0.2976320924849962,0.05785942308021939,0.17775036429218796,0.16594931534160012,0.4082188244027994,0.17161760763950992,GEE:S2_SR_HARMONIZED
pn_sierra_nevada_senderismo_transnevada_rh_capileira_refugio_poqueira_002,Transnevada RH - Capileira - Refugio Poqueira,senderismo,2024,8,2024-08-01,0.3164150975621838,0.10435496962100155,0.1814308924889563,0.16192139764530417,0.47099203195804795,0.19950932526218731,GEE:S2_SR_HARMONIZED
pn_sierra_nevada_senderismo_transnevada_rj_portugos_barranco_bermejo_portugo_003,Transnevada RJ - Portugos - Barranco Bermejo - Portugos,senderismo,2024,8,2024-08-01,0.3925027354921358,0.1282016937383847,0.2339330477766991,0.26767672009364574,0.5133768145924635,0.1564312037137425,GEE:S2_SR_HARMONIZED
pn_sierra_nevada_senderismo_transnevada_rk_padre_eterno_ar_puente_palo_padre_004,Transnevada RK - Padre Eterno - AR Puente Palo - Padre Eterno,senderismo,2024,8,2024-08-01,0.31011440212001734,0.04330990415896247,0.20320669627957216,0.1856654889451069,0.4081722889337586,0.15936045530781934,GEE:S2_SR_HARMONIZED
pn_sierra_nevada_senderismo_transnevada_rc_abrucena_la_polarda_005,Transnevada RC - Abrucena - La Polarda,senderismo,2024,8,2024-08-01,0.3474471037702119,0.10935350327854562,0.21463840793573694,0.20508571319448063,0.48625607854061653,0.16212011240736374,GEE:S2_SR_HARMONIZED
pn_sierra_nevada_senderismo_transnevada_rd_laujar_andarax_loma_raspa_laujar__006,Transnevada RD - Laujar Andarax - Loma Raspa - Laujar Andarax,senderismo,2024,8,2024-08-01,0.3546415357294612,0.09681102728464039,0.21156016264692676,0.20920965610741085,0.49793376648722903,0.17787094469005635,GEE:S2_SR_HARMONIZED
pn_sierra_nevada_senderismo_transnevada_ri_niguelas_la_rinconada_niguelas_007,Transnevada RI - Niguelas - La Rinconada - Niguelas,senderismo,2024,8,2024-08-01,0.27881532797644537,0.04679015101462056,0.194287075627853,0.18952526863253796,0.34955436767787224,0.12426902127429115,GEE:S2_SR_HARMONIZED
pn_sierra_nevada_senderismo_acequias_del_poqueira_008,Acequias del Poqueira,senderismo,2024,8,2024-08-01,0.3475721177789612,0.09702973468003939,0.24152999648163426,0.21276096820631055,0.45523709612437746,0.17110503819658401,GEE:S2_SR_HARMONIZED
pn_sierra_nevada_senderismo_canal_de_la_espartera_arenales_del_trevenque_009,Canal de la Espartera - Arenales del Trevenque,senderismo,2024,8,2024-08-01,0.3494134132716801,0.06181156061272233,0.21835319735222786,0.1934108446963475,0.49799490358413206,0.19246294900769098,GEE:S2_SR_HARMONIZED
pn_sierra_nevada_senderismo_cerro_huenes_010,Cerro Huenes,senderismo,2024,8,2024-08-01,0.4549404670486705,0.13845800014246185,0.2834487550307255,0.314396915120247,0.5959764872056091,0.16632636466371828,GEE:S2_SR_HARMONIZED
pn_sierra_nevada_senderismo_el_aguadero_011,El Aguadero,senderismo,2024,8,2024-08-01,0.40078592060312707,0.10949367009585946,0.24694448981187275,0.27176679776109053,0.5254801519366074,0.1605374114993497,GEE:S2_SR_HARMONIZED
pn_sierra_nevada_senderismo_haza_larguilla_012,Haza Larguilla,senderismo,2024,8,2024-08-01,0.21612594537730512,-0.060043613873484114,0.13904302843077848,0.17280126419437833,0.2568199708492759,0.060863449954149225,GEE:S2_SR_HARMONIZED
pn_sierra_nevada_senderismo_hoya_del_portillo_refugio_poqueira_013,Hoya del Portillo - Refugio Poqueira,senderismo,2024,8,2024-08-01,0.3229247043372754,0.08251723352926178,0.1855942974434336,0.20502069092371533,0.3696778789470596,0.187356115460241,GEE:S2_SR_HARMONIZED
pn_sierra_nevada_senderismo_jerez_del_marquesado_postero_alto_014,Jerez del Marquesado - Postero Alto,senderismo,2024,8,2024-08-01,0.3837000553931684,0.14538182077767084,0.21218468938157312,0.2363783497448564,0.5291733892494128,0.17779134058879453,GEE:S2_SR_HARMONIZED
pn_sierra_nevada_senderismo_ragua_aldeire_015,Ragua - Aldeire,senderismo,2024,8,2024-08-01,0.4479923650129743,0.15965168215593034,0.26921517884369206,0.24803523970433503,0.6621302038363619,0.21665842199345514,GEE:S2_SR_HARMONIZED
pn_sierra_nevada_senderismo_transnevada_invierno_016,TRANSNEVADA INVIERNO,senderismo,2024,8,2024-08-01,0.36312903575054506,0.09909635916203786,0.2254058225824937,0.23241737217426453,0.4902214429786911,0.1671532121828583,GEE:S2_SR_HARMONIZED
pn_sierra_nevada_senderismo_transnevada_verano_017,TRANSNEVADA VERANO,senderismo,2024,8,2024-08-01,0.36757729014052454,0.10487771267298696,0.22825954543049773,0.2324210487672407,0.4980160570775365,0.17085831935712575,GEE:S2_SR_HARMONIZED
pn_sierra_nevada_senderismo_transnevada_ra_guejar_sierra_pena_partida_018,Transnevada RA - Güejar Sierra - Peña Partida,senderismo,2024,8,2024-08-01,0.29408361726272947,0.04789426681963404,0.20664863688451604,0.18551265720378105,0.3771995055605657,0.14392518019424688,GEE:S2_SR_HARMONIZED
pn_sierra_nevada_senderismo_transnevada_rb_lanteira_postero_alto_lanteira_019,Transnevada RB - Lanteira - Postero Alto - Lanteira,senderismo,2024,8,2024-08-01,0.38243790563871527,0.1368948853285151,0.21708994373890778,0.26747847511451533,0.5057996352578138,0.16348216704686094,GEE:S2_SR_HARMONIZED
pn_sierra_nevada_senderismo_transnevada_re_bayarcal_laguna_seca_020,Transnevada RE - Bayarcal - Laguna Seca,senderismo,2024,8,2024-08-01,0.42920120358022157,0.16442825528721935,0.23983714497904893,0.2752945606460384,0.5800694919678512,0.1782713196748588,GEE:S2_SR_HARMONIZED
pn_sierra_nevada_senderismo_la_cebadilla_021,La Cebadilla,senderismo,2024,8,2024-08-01,0.38987118542894134,0.10030320267801016,0.2803894068337458,0.24818168518730704,0.517770665880202,0.17818063415894939,GEE:S2_SR_HARMONIZED
pn_sierra_nevada_senderismo_la_silleta_022,La Silleta,senderismo,2024,8,2024-08-01,0.3007599482607823,-0.01554675437634776,0.1817765848298938,0.2012494499712549,0.4004952626399646,0.12387287122048612,GEE:S2_SR_HARMONIZED
pn_sierra_nevada_senderismo_lanjaron_tello_023,Lanjaron - Tello,senderismo,2024,8,2024-08-01,0.37553617148784096,0.0617111869378289,0.2687803128584369,0.2323732968773041,0.48709499232470993,0.18038706569877966,GEE:S2_SR_HARMONIZED
pn_sierra_nevada_senderismo_molinos_de_isfalada_024,Molinos de Isfalada,senderismo,2024,8,2024-08-01,0.2665550055523761,0.035277230376577776,0.16159479641313185,0.1463641922290444,0.35357550244184927,0.16406019034383668,GEE:S2_SR_HARMONIZED
pn_sierra_nevada_senderismo_monterrey_025,Monterrey,senderismo,2024,8,2024-08-01,0.4289724621719111,0.10281870654314497,0.25863328364924515,0.31064859248687887,0.5371381389754751,0.15579881835098508,GEE:S2_SR_HARMONIZED
pn_sierra_nevada_senderismo_puente_palo_026,Puente Palo,senderismo,2024,8,2024-08-01,0.5396322968866993,0.20743863577847177,0.3358887525499572,0.4626299511653555,0.6269339073346425,0.11895690489463454,GEE:S2_SR_HARMONIZED
pn_sierra_nevada_senderismo_ragua_hoyos_de_pura_027,Ragua - Hoyos de Pura,senderismo,2024,8,2024-08-01,0.537577256708631,0.2460735113858788,0.30001402254220627,0.47698855814157937,0.6896067083446844,0.19979551345542407,GEE:S2_SR_HARMONIZED
pn_sierra_nevada_senderismo_ragua_lagunilla_seca_028,Ragua - Lagunilla Seca,senderismo,2024,8,2024-08-01,0.4159199780642844,0.14928834420866705,0.24773045417761583,0.2946776154791762,0.5520329835061029,0.16007663318663087,GEE:S2_SR_HARMONIZED
pn_sierra_nevada_senderismo_rio_alhama_029,Río Alhama,senderismo,2024,8,2024-08-01,0.3331519293524784,0.05584545708795791,0.20970325652215568,0.1856146891334176,0.4629857843083311,0.18826696983922983,GEE:S2_SR_HARMONIZED
pn_sierra_nevada_senderismo_rio_bermejo_030,Río Bermejo,senderismo,2024,8,2024-08-01,0.4476128316888045,0.14532333419401364,0.27528445616537056,0.3107272923861384,0.584065251024788,0.1796160985065893,GEE:S2_SR_HARMONIZED
pn_sierra_nevada_senderismo_rio_grande_de_los_berchules_031,Río Grande de los Berchules,senderismo,2024,8,2024-08-01,0.36316455720474977,0.10510550932951472,0.23819644400269668,0.2090194133049299,0.5177874873332854,0.1807721104152865,GEE:S2_SR_HARMONIZED
pn_sierra_nevada_senderismo_trevelez_siete_lagunas_032,Trevélez - Siete Lagunas,senderismo,2024,8,2024-08-01,0.3532849817503447,0.11086175438568742,0.23668686601630576,0.20515258624745233,0.4816985727781143,0.19920289903013705,GEE:S2_SR_HARMONIZED
pn_sierra_nevada_senderismo_ubeire_033,Ubeire,senderismo,2024,8,2024-08-01,0.44201403093290365,0.12740926464863475,0.256164821476693,0.33768241822899886,0.5294468827913492,0.14160903356935578,GEE:S2_SR_HARMONIZED
pn_sierra_nevada_senderismo_sulayr_034,SULAYR,senderismo,2024,8,2024-08-01,0.4088699142275794,0.12981908992894145,0.2534211587826081,0.2597819127950266,0.5565752612637872,0.17888370427080905,GEE:S2_SR_HARMONIZED
pn_sierra_nevada_senderismo_carril_cicloturista_la_zubia_cumbres_verdes_035,CARRIL CICLOTURISTA LA ZUBIA-CUMBRES VERDES,senderismo,2024,8,2024-08-01,0.36153112588927494,-0.018717236543169487,0.19017560816573956,0.3026714390684321,0.4316332107430711,0.10723597438096116,GEE:S2_SR_HARMONIZED
pn_sierra_nevada_senderismo_dehesa_del_camarate_036,Dehesa del Camarate,senderismo,2024,8,2024-08-01,0.48296999270064533,0.12976778458053645,0.306100181122247,0.3575129438998966,0.6224479279513653,0.16784298514514465,GEE:S2_SR_HARMONIZED
pn_sierra_nevada_senderismo_pueblos_del_poqueira_037,PUEBLOS DEL POQUEIRA,senderismo,2024,8,2024-08-01,0.44414550743140724,0.13646766706439556,0.320668818518434,0.2948509218220695,0.5955465402053952,0.1986184178766304,GEE:S2_SR_HARMONIZED
pn_sierra_nevada_senderismo_ragua_barranco_del_hornillo_038,Ragua - Barranco del Hornillo,senderismo,2024,8,2024-08-01,0.6088390189240033,0.2682982346309307,0.3119042786555154,0.4978956286429735,0.7243138954202476,0.1593906184648377,GEE:S2_SR_HARMONIZED
pn_sierra_nevada_ciclismo_transnevada_rf_valor_fuente_de_las_primeras_agua_039,Transnevada RF - Valor - Fuente de las Primeras Aguas,ciclismo,2024,8,2024-08-01,0.34035028789316435,0.06804520328149717,0.18801621433076507,0.1974064449502366,0.4789007713412036,0.16454301993885795,GEE:S2_SR_HARMONIZED
pn_sierra_nevada_ciclismo_transnevada_rg_yegen_mecina_bombaron_yegen_040,Transnevada RG - Yegen - Mecina Bombaron - Yegen,ciclismo,2024,8,2024-08-01,0.2976320924849962,0.05785942308021939,0.17775036429218796,0.16594931534160012,0.4082188244027994,0.17161760763950992,GEE:S2_SR_HARMONIZED
pn_sierra_nevada_ciclismo_transnevada_rh_capileira_refugio_poqueira_041,Transnevada RH - Capileira - Refugio Poqueira,ciclismo,2024,8,2024-08-01,0.3164150975621838,0.10435496962100155,0.1814308924889563,0.16192139764530417,0.47099203195804795,0.19950932526218731,GEE:S2_SR_HARMONIZED
pn_sierra_nevada_ciclismo_transnevada_rj_portugos_barranco_bermejo_portugo_042,Transnevada RJ - Portugos - Barranco Bermejo - Portugos,ciclismo,2024,8,2024-08-01,0.3925027354921358,0.1282016937383847,0.2339330477766991,0.26767672009364574,0.5133768145924635,0.1564312037137425,GEE:S2_SR_HARMONIZED
pn_sierra_nevada_ciclismo_transnevada_rk_padre_eterno_ar_puente_palo_padre_043,Transnevada RK - Padre Eterno - AR Puente Palo - Padre Eterno,ciclismo,2024,8,2024-08-01,0.31011440212001734,0.04330990415896247,0.20320669627957216,0.1856654889451069,0.4081722889337586,0.15936045530781934,GEE:S2_SR_HARMONIZED
pn_sierra_nevada_ciclismo_transnevada_rc_abrucena_la_polarda_044,Transnevada RC - Abrucena - La Polarda,ciclismo,2024,8,2024-08-01,0.3474471037702119,0.10935350327854562,0.21463840793573694,0.20508571319448063,0.48625607854061653,0.16212011240736374,GEE:S2_SR_HARMONIZED
pn_sierra_nevada_ciclismo_transnevada_rd_laujar_andarax_loma_raspa_laujar__045,Transnevada RD - Laujar Andarax - Loma Raspa - Laujar Andarax,ciclismo,2024,8,2024-08-01,0.3546415357294612,0.09681102728464039,0.21156016264692676,0.20920965610741085,0.49793376648722903,0.17787094469005635,GEE:S2_SR_HARMONIZED
pn_sierra_nevada_ciclismo_transnevada_ri_niguelas_la_rinconada_niguelas_046,Transnevada RI - Niguelas - La Rinconada - Niguelas,ciclismo,2024,8,2024-08-01,0.27881532797644537,0.04679015101462056,0.194287075627853,0.18952526863253796,0.34955436767787224,0.12426902127429115,GEE:S2_SR_HARMONIZED
pn_sierra_nevada_ciclismo_transnevada_invierno_047,TRANSNEVADA INVIERNO,ciclismo,2024,8,2024-08-01,0.36312903575054506,0.09909635916203786,0.2254058225824937,0.23241737217426453,0.4902214429786911,0.1671532121828583,GEE:S2_SR_HARMONIZED
pn_sierra_nevada_ciclismo_transnevada_verano_048,TRANSNEVADA VERANO,ciclismo,2024,8,2024-08-01,0.36757729014052454,0.10487771267298696,0.22825954543049773,0.2324210487672407,0.4980160570775365,0.17085831935712575,GEE:S2_SR_HARMONIZED
pn_sierra_nevada_ciclismo_transnevada_ra_guejar_sierra_pena_partida_049,Transnevada RA - Güejar Sierra - Peña Partida,ciclismo,2024,8,2024-08-01,0.29408361726272947,0.04789426681963404,0.20664863688451604,0.18551265720378105,0.3771995055605657,0.14392518019424688,GEE:S2_SR_HARMONIZED
pn_sierra_nevada_ciclismo_transnevada_rb_lanteira_postero_alto_lanteira_050,Transnevada RB - Lanteira - Postero Alto - Lanteira,ciclismo,2024,8,2024-08-01,0.38243790563871527,0.1368948853285151,0.21708994373890778,0.26747847511451533,0.5057996352578138,0.16348216704686094,GEE:S2_SR_HARMONIZED
pn_sierra_nevada_ciclismo_transnevada_re_bayarcal_laguna_seca_051,Transnevada RE - Bayarcal - Laguna Seca,ciclismo,2024,8,2024-08-01,0.42920120358022157,0.16442825528721935,0.23983714497904893,0.2752945606460384,0.5800694919678512,0.1782713196748588,GEE:S2_SR_HARMONIZED
pn_sierra_nevada_ciclismo_carril_cicloturista_la_zubia_cumbres_verdes_052,CARRIL CICLOTURISTA LA ZUBIA-CUMBRES VERDES,ciclismo,2024,8,2024-08-01,0.36153112588927494,-0.018717236543169487,0.19017560816573956,0.3026714390684321,0.4316332107430711,0.10723597438096116,GEE:S2_SR_HARMONIZED
pn_sierra_nevada_senderismo_transnevada_rf_valor_fuente_de_las_primeras_agua_000,Transnevada RF - Valor - Fuente de las Primeras Aguas,senderismo,2024,9,2024-09-01,0.3742053954460814,0.07304852314593692,0.1844400967299982,0.2089026303722713,0.5410397336441041,0.18972592036593067,GEE:S2_SR_HARMONIZED
pn_sierra_nevada_senderismo_transnevada_rg_yegen_mecina_bombaron_yegen_001,Transnevada RG - Yegen - Mecina Bombaron - Yegen,senderismo,2024,9,2024-09-01,0.32503793812725346,0.06151755349799984,0.1739785406627105,0.169848684032088,0.4590165624511181,0.19626681757287492,GEE:S2_SR_HARMONIZED
pn_sierra_nevada_senderismo_transnevada_rh_capileira_refugio_poqueira_002,Transnevada RH - Capileira - Refugio Poqueira,senderismo,2024,9,2024-09-01,0.34865132832573054,0.11730923932854788,0.1843679750584256,0.1816335957812572,0.5251591447440247,0.21758983796724118,GEE:S2_SR_HARMONIZED
pn_sierra_nevada_senderismo_transnevada_rj_portugos_barranco_bermejo_portugo_003,Transnevada RJ - Portugos - Barranco Bermejo - Portugos,senderismo,2024,9,2024-09-01,0.4377794423773193,0.1444450616898269,0.23318731012554225,0.29495227223449705,0.5801757108446258,0.17704190506377962,GEE:S2_SR_HARMONIZED
pn_sierra_nevada_senderismo_transnevada_rk_padre_eterno_ar_puente_palo_padre_004,Transnevada RK - Padre Eterno - AR Puente Palo - Padre Eterno,senderismo,2024,9,2024-09-01,0.34113204150723225,0.04782686009941574,0.20221314682021105,0.1971644111057028,0.45512540764837095,0.18094336961665763,GEE:S2_SR_HARMONIZED
pn_sierra_nevada_senderismo_transnevada_rc_abrucena_la_polarda_005,Transnevada RC - Abrucena - La Polarda,senderismo,2024,9,2024-09-01,0.39262905240616675,0.13332527922438242,0.21276025402923368,0.22059000419568603,0.560486483373919,0.19079762371629944,GEE:S2_SR_HARMONIZED
pn_sierra_nevada_senderismo_transnevada_rd_laujar_andarax_loma_raspa_laujar__006,Transnevada RD - Laujar Andarax - Loma Raspa - Laujar Andarax,senderismo,2024,9,2024-09-01,0.3844704681701634,0.11197682729451275,0.21225685917040554,0.21684123507593303,0.5525533516781688,0.19934167762372412,GEE:S2_SR_HARMONIZED
pn_sierra_nevada_senderismo_transnevada_ri_niguelas_la_rinconada_niguelas_007,Transnevada RI - Niguelas - La Rinconada - Niguelas,senderismo,2024,9,2024-09-01,0.3133526384475545,0.05714769324827919,0.19491108793771908,0.20907009261873843,0.40045181221851833,0.14681826574781362,GEE:S2_SR_HARMONIZED
pn_sierra_nevada_senderismo_acequias_del_poqueira_008,Acequias del Poqueira,senderismo,2024,9,2024-09-01,0.3802233985485959,0.10482868318944284,0.24006284702225772,0.22842728774362767,0.5097857725930547,0.19162375310174595,GEE:S2_SR_HARMONIZED
pn_sierra_nevada_senderismo_canal_de_la_espartera_arenales_del_trevenque_009,Canal de la Espartera - Arenales del Trevenque,senderismo,2024,9,2024-09-01,0.4004756137797437,0.0857634546184109,0.22320385114604427,0.21319964049597093,0.5956241311147816,0.22179137254007172,GEE:S2_SR_HARMONIZED
pn_sierra_nevada_senderismo_cerro_huenes_010,Cerro Huenes,senderismo,2024,9,2024-09-01,0.5372804468437481,0.19014413598410704,0.2958041850811593,0.37713991416091336,0.7049838797457675,0.19095041173910604,GEE:S2_SR_HARMONIZED
pn_sierra_nevada_senderismo_el_aguadero_011,El Aguadero,senderismo,2024,9,2024-09-01,0.4381907620026422,0.1315087805939284,0.24466642623387685,0.28706900811409136,0.5918604174101364,0.18157581701466546,GEE:S2_SR_HARMONIZED
pn_sierra_nevada_senderismo_haza_larguilla_012,Haza Larguilla,senderismo,2024,9,2024-09-01,0.24599419554864818,-0.06112699255535687,0.14430011443565122,0.1890999600291252,0.3040403955801435,0.08003339384704632,GEE:S2_SR_HARMONIZED
pn_sierra_nevada_senderismo_hoya_del_portillo_refugio_poqueira_013,Hoya del Portillo - Refugio Poqueira,senderismo,2024,9,2024-09-01,0.35215247665043264,0.09533179704195735,0.1929151751239647,0.2282947134158027,0.40371541504308245,0.19488933051879392,GEE:S2_SR_HARMONIZED
pn_sierra_nevada_senderismo_jerez_del_marquesado_postero_alto_014,Jerez del Marquesado - Postero Alto,senderismo,2024,9,2024-09-01,0.43976232644656815,0.1807169239938533,0.22430962940619167,0.26400817265988624,0.61914477052555,0.2084548289683383,GEE:S2_SR_HARMONIZED
pn_sierra_nevada_senderismo_ragua_aldeire_015,Ragua - Aldeire,senderismo,2024,9,2024-09-01,0.47700410554340417,0.17868064681915843,0.2702367815706368,0.256079511821498,0.7051968471840658,0.23369782912942116,GEE:S2_SR_HARMONIZED
pn_sierra_nevada_senderismo_transnevada_invierno_016,TRANSNEVADA INVIERNO,senderismo,2024,9,2024-09-01,0.40344411436045596,0.11769440893711813,0.22792950673461557,0.24417784191526853,0.5566630300954301,0.19287786155049177,GEE:S2_SR_HARMONIZED
pn_sierra_nevada_senderismo_transnevada_verano_017,TRANSNEVADA VERANO,senderismo,2024,9,2024-09-01,0.40851687518609453,0.12453413790884253,0.23136188760768062,0.2480608181274665,0.5684022483466061,0.1961808630851006,GEE:S2_SR_HARMONIZED
pn_sierra_nevada_senderismo_transnevada_ra_guejar_sierra_pena_partida_018,Transnevada RA - Güejar Sierra - Peña Partida,senderismo,2024,9,2024-09-01,0.3213312658820788,0.05976730951381415,0.2135995219737196,0.19343715524337088,0.4278310867358242,0.16823992946576527,GEE:S2_SR_HARMONIZED
pn_sierra_nevada_senderismo_transnevada_rb_lanteira_postero_alto_lanteira_019,Transnevada RB - Lanteira - Postero Alto - Lanteira,senderismo,2024,9,2024-09-01,0.4387187042811859,0.17198140869685158,0.23144597052207097,0.3025944254744537,0.5878122559315104,0.1902961175291277,GEE:S2_SR_HARMONIZED
pn_sierra_nevada_senderismo_transnevada_re_bayarcal_laguna_seca_020,Transnevada RE - Bayarcal - Laguna Seca,senderismo,2024,9,2024-09-01,0.46729349196066394,0.18015598762975693,0.2360795788230694,0.2950160189271681,0.6428645327042569,0.20298026273888087,GEE:S2_SR_HARMONIZED
pn_sierra_nevada_senderismo_la_cebadilla_021,La Cebadilla,senderismo,2024,9,2024-09-01,0.43447582004997065,0.10899430977333055,0.2742326740916153,0.2635541365226515,0.5915402600668526,0.20175151461287688,GEE:S2_SR_HARMONIZED
pn_sierra_nevada_senderismo_la_silleta_022,La Silleta,senderismo,2024,9,2024-09-01,0.3559864893010828,0.009832926651761822,0.19000241260080672,0.2286878484161856,0.49019019185830437,0.15583964801849493,GEE:S2_SR_HARMONIZED
pn_sierra_nevada_senderismo_lanjaron_tello_023,Lanjaron - Tello,senderismo,2024,9,2024-09-01,0.41613943262079683,0.05242104177999014,0.2634814732538789,0.2440379899561347,0.5640925658201532,0.20855459654764447,GEE:S2_SR_HARMONIZED
pn_sierra_nevada_senderismo_molinos_de_isfalada_024,Molinos de Isfalada,senderismo,2024,9,2024-09-01,0.2992969466516346,0.04519286046428151,0.16638052271336384,0.1582624516306791,0.4087421294274592,0.18798172247572228,GEE:S2_SR_HARMONIZED
pn_sierra_nevada_senderismo_monterrey_025,Monterrey,senderismo,2024,9,2024-09-01,0.47528719817374726,0.12847572437519864,0.26225549361304834,0.338001320995204,0.607465433040113,0.17302194752919114,GEE:S2_SR_HARMONIZED
pn_sierra_nevada_senderismo_puente_palo_026,Puente Palo,senderismo,2024,9,2024-09-01,0.6039788343043384,0.23994492924390534,0.33012330145585395,0.5181500328906227,0.7127326628435059,0.13774524244916542,GEE:S2_SR_HARMONIZED
pn_sierra_nevada_senderismo_ragua_hoyos_de_pura_027,Ragua - Hoyos de Pura,senderismo,2024,9,2024-09-01,0.5661418335583219,0.2707103132592269,0.2892054062604066,0.49397705054585656,0.728766767167917,0.21449235356779972,GEE:S2_SR_HARMONIZED
pn_sierra_nevada_senderismo_ragua_lagunilla_seca_028,Ragua - Lagunilla Seca,senderismo,2024,9,2024-09-01,0.4536273409932203,0.17062857757533703,0.25071308188505026,0.3222682878848287,0.6117052002105856,0.17117218311805216,GEE:S2_SR_HARMONIZED
pn_sierra_nevada_senderismo_rio_alhama_029,Río Alhama,senderismo,2024,9,2024-09-01,0.36216777075271955,0.07100719552104139,0.21138373208770053,0.18571147021249831,0.513439141120595,0.2159539778554948,GEE:S2_SR_HARMONIZED
pn_sierra_nevada_senderismo_rio_bermejo_030,Río Bermejo,senderismo,2024,9,2024-09-01,0.48839788880524704,0.15914022459727742,0.2717254845605145,0.3340810856670368,0.6385155918255644,0.1946191664243998,GEE:S2_SR_HARMONIZED
pn_sierra_nevada_senderismo_rio_grande_de_los_berchules_031,Río Grande de los Berchules,senderismo,2024,9,2024-09-01,0.407153656082107,0.11668056000327194,0.23733550995973599,0.21692270462461033,0.6078126007412943,0.2157070097338814,GEE:S2_SR_HARMONIZED
pn_sierra_nevada_senderismo_trevelez_siete_lagunas_032,Trevélez - Siete Lagunas,senderismo,2024,9,2024-09-01,0.38348061295572244,0.11290693910094625,0.2365062597252569,0.22489762165496754,0.5337326849621881,0.2127245926285612,GEE:S2_SR_HARMONIZED
pn_sierra_nevada_senderismo_ubeire_033,Ubeire,senderismo,2024,9,2024-09-01,0.5000543081996404,0.15626377619601967,0.2717379705208091,0.3808714158636771,0.6072962963303852,0.1555911834741948,GEE:S2_SR_HARMONIZED
pn_sierra_nevada_senderismo_sulayr_034,SULAYR,senderismo,2024,9,2024-09-01,0.45196558435224793,0.15031573930496553,0.2566297955174438,0.2831937731709389,0.6308256914440178,0.20261330173415423,GEE:S2_SR_HARMONIZED
pn_sierra_nevada_senderismo_carril_cicloturista_la_zubia_cumbres_verdes_035,CARRIL CICLOTURISTA LA ZUBIA-CUMBRES VERDES,senderismo,2024,9,2024-09-01,0.43046031357959047,0.016067243695494626,0.20006577758446853,0.34994698338531116,0.5292199138597191,0.13855210458374786,GEE:S2_SR_HARMONIZED
pn_sierra_nevada_senderismo_dehesa_del_camarate_036,Dehesa del Camarate,senderismo,2024,9,2024-09-01,0.5466286972956115,0.1687539495057206,0.32866282743144914,0.39680344395503897,0.7173183110017073,0.19134469215746913,GEE:S2_SR_HARMONIZED
pn_sierra_nevada_senderismo_pueblos_del_poqueira_037,PUEBLOS DEL POQUEIRA,senderismo,2024,9,2024-09-01,0.490156708097872,0.1453492826122485,0.3141657155724414,0.3141413040111884,0.6700025337929173,0.21787016285173347,GEE:S2_SR_HARMONIZED
pn_sierra_nevada_senderismo_ragua_barranco_del_hornillo_038,Ragua - Barranco del Hornillo,senderismo,2024,9,2024-09-01,0.6369748229264623,0.27940927768585955,0.3021988274198653,0.5322943256445157,0.7558201553089822,0.1586637539172659,GEE:S2_SR_HARMONIZED
pn_sierra_nevada_ciclismo_transnevada_rf_valor_fuente_de_las_primeras_agua_039,Transnevada RF - Valor - Fuente de las Primeras Aguas,ciclismo,2024,9,2024-09-01,0.3742053954460814,0.07304852314593692,0.1844400967299982,0.2089026303722713,0.5410397336441041,0.18972592036593067,GEE:S2_SR_HARMONIZED
pn_sierra_nevada_ciclismo_transnevada_rg_yegen_mecina_bombaron_yegen_040,Transnevada RG - Yegen - Mecina Bombaron - Yegen,ciclismo,2024,9,2024-09-01,0.32503793812725346,0.06151755349799984,0.1739785406627105,0.169848684032088,0.4590165624511181,0.19626681757287492,GEE:S2_SR_HARMONIZED
pn_sierra_nevada_ciclismo_transnevada_rh_capileira_refugio_poqueira_041,Transnevada RH - Capileira - Refugio Poqueira,ciclismo,2024,9,2024-09-01,0.34865132832573054,0.11730923932854788,0.1843679750584256,0.1816335957812572,0.5251591447440247,0.21758983796724118,GEE:S2_SR_HARMONIZED
pn_sierra_nevada_ciclismo_transnevada_rj_portugos_barranco_bermejo_portugo_042,Transnevada RJ - Portugos - Barranco Bermejo - Portugos,ciclismo,2024,9,2024-09-01,0.4377794423773193,0.1444450616898269,0.23318731012554225,0.29495227223449705,0.5801757108446258,0.17704190506377962,GEE:S2_SR_HARMONIZED
pn_sierra_nevada_ciclismo_transnevada_rk_padre_eterno_ar_puente_palo_padre_043,Transnevada RK - Padre Eterno - AR Puente Palo - Padre Eterno,ciclismo,2024,9,2024-09-01,0.34113204150723225,0.04782686009941574,0.20221314682021105,0.1971644111057028,0.45512540764837095,0.18094336961665763,GEE:S2_SR_HARMONIZED
pn_sierra_nevada_ciclismo_transnevada_rc_abrucena_la_polarda_044,Transnevada RC - Abrucena - La Polarda,ciclismo,2024,9,2024-09-01,0.39262905240616675,0.13332527922438242,0.21276025402923368,0.22059000419568603,0.560486483373919,0.19079762371629944,GEE:S2_SR_HARMONIZED
pn_sierra_nevada_ciclismo_transnevada_rd_laujar_andarax_loma_raspa_laujar__045,Transnevada RD - Laujar Andarax - Loma Raspa - Laujar Andarax,ciclismo,2024,9,2024-09-01,0.3844704681701634,0.11197682729451275,0.21225685917040554,0.21684123507593303,0.5525533516781688,0.19934167762372412,GEE:S2_SR_HARMONIZED
pn_sierra_nevada_ciclismo_transnevada_ri_niguelas_la_rinconada_niguelas_046,Transnevada RI - Niguelas - La Rinconada - Niguelas,ciclismo,2024,9,2024-09-01,0.3133526384475545,0.05714769324827919,0.19491108793771908,0.20907009261873843,0.40045181221851833,0.14681826574781362,GEE:S2_SR_HARMONIZED
pn_sierra_nevada_ciclismo_transnevada_invierno_047,TRANSNEVADA INVIERNO,ciclismo,2024,9,2024-09-01,0.40344411436045596,0.11769440893711813,0.22792950673461557,0.24417784191526853,0.5566630300954301,0.19287786155049177,GEE:S2_SR_HARMONIZED
pn_sierra_nevada_ciclismo_transnevada_verano_048,TRANSNEVADA VERANO,ciclismo,2024,9,2024-09-01,0.40851687518609453,0.12453413790884253,0.23136188760768062,0.2480608181274665,0.5684022483466061,0.1961808630851006,GEE:S2_SR_HARMONIZED
pn_sierra_nevada_ciclismo_transnevada_ra_guejar_sierra_pena_partida_049,Transnevada RA - Güejar Sierra - Peña Partida,ciclismo,2024,9,2024-09-01,0.3213312658820788,0.05976730951381415,0.2135995219737196,0.19343715524337088,0.4278310867358242,0.16823992946576527,GEE:S2_SR_HARMONIZED
pn_sierra_nevada_ciclismo_transnevada_rb_lanteira_postero_alto_lanteira_050,Transnevada RB - Lanteira - Postero Alto - Lanteira,ciclismo,2024,9,2024-09-01,0.4387187042811859,0.17198140869685158,0.23144597052207097,0.3025944254744537,0.5878122559315104,0.1902961175291277,GEE:S2_SR_HARMONIZED
pn_sierra_nevada_ciclismo_transnevada_re_bayarcal_laguna_seca_051,Transnevada RE - Bayarcal - Laguna Seca,ciclismo,2024,9,2024-09-01,0.46729349196066394,0.18015598762975693,0.2360795788230694,0.2950160189271681,0.6428645327042569,0.20298026273888087,GEE:S2_SR_HARMONIZED
pn_sierra_nevada_ciclismo_carril_cicloturista_la_zubia_cumbres_verdes_052,CARRIL CICLOTURISTA LA ZUBIA-CUMBRES VERDES,ciclismo,2024,9,2024-09-01,0.43046031357959047,0.016067243695494626,0.20006577758446853,0.34994698338531116,0.5292199138597191,0.13855210458374786,GEE:S2_SR_HARMONIZED
pn_sierra_nevada_senderismo_transnevada_rf_valor_fuente_de_las_primeras_agua_000,Transnevada RF - Valor - Fuente de las Primeras Aguas,senderismo,2024,10,2024-10-01,0.40159030660636175,0.06660645044630199,0.17421519860739068,0.2147286023711606,0.5898711170815185,0.21242863905705986,GEE:S2_SR_HARMONIZED
pn_sierra_nevada_senderismo_transnevada_rg_yegen_mecina_bombaron_yegen_001,Transnevada RG - Yegen - Mecina Bombaron - Yegen,senderismo,2024,10,2024-10-01,0.345848239069159,0.05337268948886367,0.15369422740297767,0.17576343339701578,0.49609848309206656,0.21977143355357073,GEE:S2_SR_HARMONIZED
pn_sierra_nevada_senderismo_transnevada_rh_capileira_refugio_poqueira_002,Transnevada RH - Capileira - Refugio Poqueira,senderismo,2024,10,2024-10-01,0.3365696871431754,0.12568693185413662,0.17254292094735585,0.18548562865080861,0.45895396969849955,0.2048539181512436,GEE:S2_SR_HARMONIZED
pn_sierra_nevada_senderismo_transnevada_rj_portugos_barranco_bermejo_portugo_003,Transnevada RJ - Portugos - Barranco Bermejo - Portugos,senderismo,2024,10,2024-10-01,0.42718691722735513,0.15433426692170849,0.1904222976258082,0.30294834311705976,0.5409858348914093,0.16531145934161132,GEE:S2_SR_HARMONIZED
pn_sierra_nevada_senderismo_transnevada_rk_padre_eterno_ar_puente_palo_padre_004,Transnevada RK - Padre Eterno - AR Puente Palo - Padre Eterno,senderismo,2024,10,2024-10-01,0.3229584006368947,0.046680481980182674,0.17796617333047807,0.1933367237975884,0.4277270992361871,0.16229711128881824,GEE:S2_SR_HARMONIZED
pn_sierra_nevada_senderismo_transnevada_rc_abrucena_la_polarda_005,Transnevada RC - Abrucena - La Polarda,senderismo,2024,10,2024-10-01,0.4262611026033245,0.1531063441899832,0.2168202290968889,0.23267946251976865,0.6191067776813911,0.21077241871314784,GEE:S2_SR_HARMONIZED
pn_sierra_nevada_senderismo_transnevada_rd_laujar_andarax_loma_raspa_laujar__006,Transnevada RD - Laujar Andarax - Loma Raspa - Laujar Andarax,senderismo,2024,10,2024-10-01,0.4071721540323389,0.12416950080828747,0.20721461363233268,0.22058398651724045,0.599542414878623,0.2158704574698488,GEE:S2_SR_HARMONIZED
pn_sierra_nevada_senderismo_transnevada_ri_niguelas_la_rinconada_niguelas_007,Transnevada RI - Niguelas - La Rinconada - Niguelas,senderismo,2024,10,2024-10-01,0.31915431400696986,0.04666603455484258,0.1844245292199054,0.2011932017163712,0.4040720228294354,0.162335629910351,GEE:S2_SR_HARMONIZED
pn_sierra_nevada_senderismo_acequias_del_poqueira_008,Acequias del Poqueira,senderismo,2024,10,2024-10-01,0.4011267667582828,0.10479857126880265,0.22750514562628932,0.23233609242922415,0.5329273429590138,0.21502551082036206,GEE:S2_SR_HARMONIZED
pn_sierra_nevada_senderismo_canal_de_la_espartera_arenales_del_trevenque_009,Canal de la Espartera - Arenales del Trevenque,senderismo,2024,10,2024-10-01,0.41734461232104053,0.08618589838389007,0.20914540828126885,0.22210097896478184,0.6056162584761017,0.22812980808701352,GEE:S2_SR_HARMONIZED
pn_sierra_nevada_senderismo_cerro_huenes_010,Cerro Huenes,senderismo,2024,10,2024-10-01,0.630484958206814,0.21986963110273727,0.289657411339808,0.44708725869240906,0.822317373683222,0.22534573853438655,GEE:S2_SR_HARMONIZED
pn_sierra_nevada_senderismo_el_aguadero_011,El Aguadero,senderismo,2024,10,2024-10-01,0.46700765921464477,0.1478451831006425,0.23949273014397984,0.2988285663265861,0.6426465167633949,0.1979485975162363,GEE:S2_SR_HARMONIZED
pn_sierra_nevada_senderismo_haza_larguilla_012,Haza Larguilla,senderismo,2024,10,2024-10-01,0.26169221022096717,-0.1038906570380355,0.12972609918034983,0.18921588527773406,0.3264893412946433,0.09661755773947389,GEE:S2_SR_HARMONIZED
pn_sierra_nevada_senderismo_hoya_del_portillo_refugio_poqueira_013,Hoya del Portillo - Refugio Poqueira,senderismo,2024,10,2024-10-01,0.3534237107429316,0.11302527619903413,0.18580727513502887,0.22860105683514761,0.40059116162862246,0.19876156490020816,GEE:S2_SR_HARMONIZED
pn_sierra_nevada_senderismo_jerez_del_marquesado_postero_alto_014,Jerez del Marquesado - Postero Alto,senderismo,2024,10,2024-10-01,0.4760358951019892,0.19422550364316132,0.2223643193388755,0.28301103920820975,0.6619785923587679,0.22326293265248212,GEE:S2_SR_HARMONIZED
pn_sierra_nevada_senderismo_ragua_aldeire_015,Ragua - Aldeire,senderismo,2024,10,2024-10-01,0.48870486675070574,0.18610472407355036,0.26186906294112205,0.2795936187089373,0.6894448199329745,0.22753477197478764,GEE:S2_SR_HARMONIZED
pn_sierra_nevada_senderismo_transnevada_invierno_016,TRANSNEVADA INVIERNO,senderismo,2024,10,2024-10-01,0.42635387535153796,0.12217062151733592,0.21562811507246052,0.2539060762175848,0.5898549313529545,0.20984629027591983,GEE:S2_SR_HARMONIZED
pn_sierra_nevada_senderismo_transnevada_verano_017,TRANSNEVADA VERANO,senderismo,2024,10,2024-10-01,0.43060565796441613,0.12910631470154105,0.218985383315442,0.25391480575923525,0.5977675629870444,0.21190402108411643,GEE:S2_SR_HARMONIZED
pn_sierra_nevada_senderismo_transnevada_ra_guejar_sierra_pena_partida_018,Transnevada RA - Güejar Sierra - Peña Partida,senderismo,2024,10,2024-10-01,0.34324106241121566,0.05910284242222305,0.1994136996466651,0.19733319571488522,0.46285008732159133,0.181380119673544,GEE:S2_SR_HARMONIZED
pn_sierra_nevada_senderismo_transnevada_rb_lanteira_postero_alto_lanteira_019,Transnevada RB - Lanteira - Postero Alto - Lanteira,senderismo,2024,10,2024-10-01,0.4822479966153209,0.19234377780817108,0.23430203197424704,0.3318573067303298,0.636537677286255,0.20224154106360645,GEE:S2_SR_HARMONIZED
pn_sierra_nevada_senderismo_transnevada_re_bayarcal_laguna_seca_020,Transnevada RE - Bayarcal - Laguna Seca,senderismo,2024,10,2024-10-01,0.4794463958752221,0.17966383662419036,0.2233272674947827,0.3144874387022421,0.6425657334427041,0.19931175039566384,GEE:S2_SR_HARMONIZED
pn_sierra_nevada_senderismo_la_cebadilla_021,La Cebadilla,senderismo,2024,10,2024-10-01,0.4711080999420834,0.10783152349659315,0.2568996932434235,0.27524297914502516,0.6620580449708297,0.21972209388562913,GEE:S2_SR_HARMONIZED
pn_sierra_nevada_senderismo_la_silleta_022,La Silleta,senderismo,2024,10,2024-10-01,0.4252393366622905,0.014344300723759527,0.1876400806292024,0.24664743967901995,0.6131948455035738,0.210233975678586,GEE:S2_SR_HARMONIZED
pn_sierra_nevada_senderismo_lanjaron_tello_023,Lanjaron - Tello,senderismo,2024,10,2024-10-01,0.42034229569566567,0.030024529662585366,0.20841343275930582,0.22851166884719903,0.6000635689003514,0.225901143117512,GEE:S2_SR_HARMONIZED
pn_sierra_nevada_senderismo_molinos_de_isfalada_024,Molinos de Isfalada,senderismo,2024,10,2024-10-01,0.3236907870387366,0.040216985274111806,0.1557865674617109,0.16030905300234943,0.4649892659900396,0.20735240987817619,GEE:S2_SR_HARMONIZED
pn_sierra_nevada_senderismo_monterrey_025,Monterrey,senderismo,2024,10,2024-10-01,0.5179462850606948,0.15533693787926675,0.26214667650196577,0.3692782353880838,0.6659975618492194,0.18739962727796936,GEE:S2_SR_HARMONIZED
pn_sierra_nevada_senderismo_puente_palo_026,Puente Palo,senderismo,2024,10,2024-10-01,0.587153675499316,0.23758975880445954,0.3089746701827612,0.5062267690841074,0.6935645919169048,0.13138801784310575,GEE:S2_SR_HARMONIZED
pn_sierra_nevada_senderismo_ragua_hoyos_de_pura_027,Ragua - Hoyos de Pura,senderismo,2024,10,2024-10-01,0.534494622884322,0.26378792760946557,0.28253512275226816,0.48690571387608844,0.6658464476804843,0.19693104427472427,GEE:S2_SR_HARMONIZED
pn_sierra_nevada_senderismo_ragua_lagunilla_seca_028,Ragua - Lagunilla Seca,senderismo,2024,10,2024-10-01,0.45679775745186507,0.18420118160942464,0.25537399399890603,0.32605819209694287,0.595662127172566,0.17164619424049093,GEE:S2_SR_HARMONIZED
pn_sierra_nevada_senderismo_rio_alhama_029,Río Alhama,senderismo,2024,10,2024-10-01,0.38742274529340165,0.07307756390974039,0.19577538891803015,0.1777242402217052,0.5681957692101405,0.24556075027792817,GEE:S2_SR_HARMONIZED
pn_sierra_nevada_senderismo_rio_bermejo_030,Río Bermejo,senderismo,2024,10,2024-10-01,0.46280903562595854,0.16229654121976905,0.21963902950362882,0.3532185419782812,0.5762656693415957,0.16994868276402128,GEE:S2_SR_HARMONIZED
pn_sierra_nevada_senderismo_rio_grande_de_los_berchules_031,Río Grande de los Berchules,senderismo,2024,10,2024-10-01,0.4121216764541443,0.09368163391244422,0.21230596996274623,0.20696154584989562,0.5976766872981084,0.23340224724829134,GEE:S2_SR_HARMONIZED
pn_sierra_nevada_senderismo_trevelez_siete_lagunas_032,Trevélez - Siete Lagunas,senderismo,2024,10,2024-10-01,0.39373634333500035,0.09998503179772056,0.2197155785200812,0.22844036759346814,0.5452830308778813,0.219784726774811,GEE:S2_SR_HARMONIZED
pn_sierra_nevada_senderismo_ubeire_033,Ubeire,senderismo,2024,10,2024-10-01,0.5748405474800037,0.16999034758784565,0.26065283710600434,0.45480746017453555,0.6970216763800616,0.1603532944277595,GEE:S2_SR_HARMONIZED
pn_sierra_nevada_senderismo_sulayr_034,SULAYR,senderismo,2024,10,2024-10-01,0.4658819364217803,0.15480645495228298,0.2431741487866842,0.2929991196249533,0.644492363025413,0.21171273025375098,GEE:S2_SR_HARMONIZED
pn_sierra_nevada_senderismo_carril_cicloturista_la_zubia_cumbres_verdes_035,CARRIL CICLOTURISTA LA ZUBIA-CUMBRES VERDES,senderismo,2024,10,2024-10-01,0.5262886422510237,0.03704321360154083,0.20578999065433634,0.4275155380371748,0.6542228385848877,0.18071136555669284,GEE:S2_SR_HARMONIZED
pn_sierra_nevada_senderismo_dehesa_del_camarate_036,Dehesa del Camarate,senderismo,2024,10,2024-10-01,0.5605931450460324,0.16666797318628648,0.29884477088817163,0.40840286316344826,0.7164840708349426,0.18624669336509134,GEE:S2_SR_HARMONIZED
pn_sierra_nevada_senderismo_pueblos_del_poqueira_037,PUEBLOS DEL POQUEIRA,senderismo,2024,10,2024-10-01,0.4832755678104511,0.11292765904858734,0.265278238973705,0.3181767595451367,0.6499074362565164,0.21061505927991409,GEE:S2_SR_HARMONIZED
pn_sierra_nevada_senderismo_ragua_barranco_del_hornillo_038,Ragua - Barranco del Hornillo,senderismo,2024,10,2024-10-01,0.644407150695232,0.28036672136459,0.3067754004407941,0.5301968750746354,0.7512531479199728,0.1522398318163372,GEE:S2_SR_HARMONIZED
pn_sierra_nevada_ciclismo_transnevada_rf_valor_fuente_de_las_primeras_agua_039,Transnevada RF - Valor - Fuente de las Primeras Aguas,ciclismo,2024,10,2024-10-01,0.40159030660636175,0.06660645044630199,0.17421519860739068,0.2147286023711606,0.5898711170815185,0.21242863905705986,GEE:S2_SR_HARMONIZED
pn_sierra_nevada_ciclismo_transnevada_rg_yegen_mecina_bombaron_yegen_040,Transnevada RG - Yegen - Mecina Bombaron - Yegen,ciclismo,2024,10,2024-10-01,0.345848239069159,0.05337268948886367,0.15369422740297767,0.17576343339701578,0.49609848309206656,0.21977143355357073,GEE:S2_SR_HARMONIZED
pn_sierra_nevada_ciclismo_transnevada_rh_capileira_refugio_poqueira_041,Transnevada RH - Capileira - Refugio Poqueira,ciclismo,2024,10,2024-10-01,0.3365696871431754,0.12568693185413662,0.17254292094735585,0.18548562865080861,0.45895396969849955,0.2048539181512436,GEE:S2_SR_HARMONIZED
pn_sierra_nevada_ciclismo_transnevada_rj_portugos_barranco_bermejo_portugo_042,Transnevada RJ - Portugos - Barranco Bermejo - Portugos,ciclismo,2024,10,2024-10-01,0.42718691722735513,0.15433426692170849,0.1904222976258082,0.30294834311705976,0.5409858348914093,0.16531145934161132,GEE:S2_SR_HARMONIZED
pn_sierra_nevada_ciclismo_transnevada_rk_padre_eterno_ar_puente_palo_padre_043,Transnevada RK - Padre Eterno - AR Puente Palo - Padre Eterno,ciclismo,2024,10,2024-10-01,0.3229584006368947,0.046680481980182674,0.17796617333047807,0.1933367237975884,0.4277270992361871,0.16229711128881824,GEE:S2_SR_HARMONIZED
pn_sierra_nevada_ciclismo_transnevada_rc_abrucena_la_polarda_044,Transnevada RC - Abrucena - La Polarda,ciclismo,2024,10,2024-10-01,0.4262611026033245,0.1531063441899832,0.2168202290968889,0.23267946251976865,0.6191067776813911,0.21077241871314784,GEE:S2_SR_HARMONIZED
pn_sierra_nevada_ciclismo_transnevada_rd_laujar_andarax_loma_raspa_laujar__045,Transnevada RD - Laujar Andarax - Loma Raspa - Laujar Andarax,ciclismo,2024,10,2024-10-01,0.4071721540323389,0.12416950080828747,0.20721461363233268,0.22058398651724045,0.599542414878623,0.2158704574698488,GEE:S2_SR_HARMONIZED
pn_sierra_nevada_ciclismo_transnevada_ri_niguelas_la_rinconada_niguelas_046,Transnevada RI - Niguelas - La Rinconada - Niguelas,ciclismo,2024,10,2024-10-01,0.31915431400696986,0.04666603455484258,0.1844245292199054,0.2011932017163712,0.4040720228294354,0.162335629910351,GEE:S2_SR_HARMONIZED
pn_sierra_nevada_ciclismo_transnevada_invierno_047,TRANSNEVADA INVIERNO,ciclismo,2024,10,2024-10-01,0.42635387535153796,0.12217062151733592,0.21562811507246052,0.2539060762175848,0.5898549313529545,0.20984629027591983,GEE:S2_SR_HARMONIZED
pn_sierra_nevada_ciclismo_transnevada_verano_048,TRANSNEVADA VERANO,ciclismo,2024,10,2024-10-01,0.43060565796441613,0.12910631470154105,0.218985383315442,0.25391480575923525,0.5977675629870444,0.21190402108411643,GEE:S2_SR_HARMONIZED
pn_sierra_nevada_ciclismo_transnevada_ra_guejar_sierra_pena_partida_049,Transnevada RA - Güejar Sierra - Peña Partida,ciclismo,2024,10,2024-10-01,0.34324106241121566,0.05910284242222305,0.1994136996466651,0.19733319571488522,0.46285008732159133,0.181380119673544,GEE:S2_SR_HARMONIZED
pn_sierra_nevada_ciclismo_transnevada_rb_lanteira_postero_alto_lanteira_050,Transnevada RB - Lanteira - Postero Alto - Lanteira,ciclismo,2024,10,2024-10-01,0.4822479966153209,0.19234377780817108,0.23430203197424704,0.3318573067303298,0.636537677286255,0.20224154106360645,GEE:S2_SR_HARMONIZED
pn_sierra_nevada_ciclismo_transnevada_re_bayarcal_laguna_seca_051,Transnevada RE - Bayarcal - Laguna Seca,ciclismo,2024,10,2024-10-01,0.4794463958752221,0.17966383662419036,0.2233272674947827,0.3144874387022421,0.6425657334427041,0.19931175039566384,GEE:S2_SR_HARMONIZED
pn_sierra_nevada_ciclismo_carril_cicloturista_la_zubia_cumbres_verdes_052,CARRIL CICLOTURISTA LA ZUBIA-CUMBRES VERDES,ciclismo,2024,10,2024-10-01,0.5262886422510237,0.03704321360154083,0.20578999065433634,0.4275155380371748,0.6542228385848877,0.18071136555669284,GEE:S2_SR_HARMONIZED
pn_sierra_nevada_senderismo_transnevada_rf_valor_fuente_de_las_primeras_agua_000,Transnevada RF - Valor - Fuente de las Primeras Aguas,senderismo,2024,11,2024-11-01,0.46172215834018926,0.09865699751653857,0.18904488520748428,0.29303938116850897,0.6444852300770809,0.20214524606040646,GEE:S2_SR_HARMONIZED
pn_sierra_nevada_senderismo_transnevada_rg_yegen_mecina_bombaron_yegen_001,Transnevada RG - Yegen - Mecina Bombaron - Yegen,senderismo,2024,11,2024-11-01,0.392419797463037,0.07711767884713484,0.17371062678169838,0.22259184642782806,0.5584368795981342,0.21570448961163285,GEE:S2_SR_HARMONIZED
pn_sierra_nevada_senderismo_transnevada_rh_capileira_refugio_poqueira_002,Transnevada RH - Capileira - Refugio Poqueira,senderismo,2024,11,2024-11-01,0.41137673773422845,0.14228883651897245,0.18693387812032525,0.22468394556960936,0.6389936627539914,0.24030522065780138,GEE:S2_SR_HARMONIZED
pn_sierra_nevada_senderismo_transnevada_rj_portugos_barranco_bermejo_portugo_003,Transnevada RJ - Portugos - Barranco Bermejo - Portugos,senderismo,2024,11,2024-11-01,0.4780843765885133,0.1471053595034697,0.21404918133666445,0.35354253590396917,0.6113450326112055,0.17458243680333627,GEE:S2_SR_HARMONIZED
pn_sierra_nevada_senderismo_transnevada_rk_padre_eterno_ar_puente_palo_padre_004,Transnevada RK - Padre Eterno - AR Puente Palo - Padre Eterno,senderismo,2024,11,2024-11-01,0.38787505469078676,0.04762132503294464,0.1982961981226545,0.2558623423059439,0.4980901776456497,0.1677779089992089,GEE:S2_SR_HARMONIZED
pn_sierra_nevada_senderismo_transnevada_rc_abrucena_la_polarda_005,Transnevada RC - Abrucena - La Polarda,senderismo,2024,11,2024-11-01,0.5438464921228454,0.19066037136277916,0.22555039179987668,0.32438851353716486,0.75398643255817,0.24490773630260396,GEE:S2_SR_HARMONIZED
pn_sierra_nevada_senderismo_transnevada_rd_laujar_andarax_loma_raspa_laujar__006,Transnevada RD - Laujar Andarax - Loma Raspa - Laujar Andarax,senderismo,2024,11,2024-11-01,0.457716088937973,0.1479006376444192,0.20433992956882188,0.2754837008634783,0.6541794347546951,0.22010401513841937,GEE:S2_SR_HARMONIZED
pn_sierra_nevada_senderismo_transnevada_ri_niguelas_la_rinconada_niguelas_007,Transnevada RI - Niguelas - La Rinconada - Niguelas,senderismo,2024,11,2024-11-01,0.3619656961971605,0.06589497424519898,0.19642294433195173,0.24809201937691563,0.4550978572184225,0.15336522005989506,GEE:S2_SR_HARMONIZED
pn_sierra_nevada_senderismo_acequias_del_poqueira_008,Acequias del Poqueira,senderismo,2024,11,2024-11-01,0.439421062582526,0.09640640049202276,0.23573045196647338,0.3029423712882626,0.552895652089385,0.17671309464878182,GEE:S2_SR_HARMONIZED
pn_sierra_nevada_senderismo_canal_de_la_espartera_arenales_del_trevenque_009,Canal de la Espartera - Arenales del Trevenque,senderismo,2024,11,2024-11-01,0.46008274808016,0.12322085133855157,0.22041909932821008,0.2755408006620742,0.6661616146167326,0.22943734157160756,GEE:S2_SR_HARMONIZED
pn_sierra_nevada_senderismo_cerro_huenes_010,Cerro Huenes,senderismo,2024,11,2024-11-01,0.6472651328241875,0.25733061945003355,0.295681053444137,0.49783204414467286,0.8066580371327915,0.1984398029406265,GEE:S2_SR_HARMONIZED
pn_sierra_nevada_senderismo_el_aguadero_011,El Aguadero,senderismo,2024,11,2024-11-01,0.5315608676181591,0.18149862334912792,0.23984427643729933,0.36136083032146915,0.7130197451869025,0.20120536521266846,GEE:S2_SR_HARMONIZED
pn_sierra_nevada_senderismo_haza_larguilla_012,Haza Larguilla,senderismo,2024,11,2024-11-01,0.31222448869638614,-0.05823193523921602,0.15111446248390234,0.23681103670398743,0.37763082286036737,0.09544637670101332,GEE:S2_SR_HARMONIZED
pn_sierra_nevada_senderismo_hoya_del_portillo_refugio_poqueira_013,Hoya del Portillo - Refugio Poqueira,senderismo,2024,11,2024-11-01,0.40332748743931185,0.1263230800796238,0.19625026747548796,0.26384090329805626,0.4626778443894478,0.21626644216796861,GEE:S2_SR_HARMONIZED
pn_sierra_nevada_senderismo_jerez_del_marquesado_postero_alto_014,Jerez del Marquesado - Postero Alto,senderismo,2024,11,2024-11-01,0.5514382122526431,0.2343165366575854,0.23963848009258565,0.38090052686819603,0.7401755642195138,0.21840594409851952,GEE:S2_SR_HARMONIZED
pn_sierra_nevada_senderismo_ragua_aldeire_015,Ragua - Aldeire,senderismo,2024,11,2024-11-01,0.5577247389093222,0.2083929127936839,0.2728168242482244,0.37906715316543965,0.777014065241682,0.22460217682664044,GEE:S2_SR_HARMONIZED
pn_sierra_nevada_senderismo_transnevada_invierno_016,TRANSNEVADA INVIERNO,senderismo,2024,11,2024-11-01,0.486672712004723,0.13987428124549064,0.22179264883905728,0.3007988052893357,0.6759018028753571,0.22105033043618338,GEE:S2_SR_HARMONIZED
pn_sierra_nevada_senderismo_transnevada_verano_017,TRANSNEVADA VERANO,senderismo,2024,11,2024-11-01,0.4922606000367829,0.14791196820172642,0.22564331180375727,0.3085783747097712,0.6835220375898176,0.22374307609872038,GEE:S2_SR_HARMONIZED
pn_sierra_nevada_senderismo_transnevada_ra_guejar_sierra_pena_partida_018,Transnevada RA - Güejar Sierra - Peña Partida,senderismo,2024,11,2024-11-01,0.35229125161835756,0.03136143968858666,0.19418073629744978,0.2558631423060766,0.4316636548136318,0.13254833701606616,GEE:S2_SR_HARMONIZED
pn_sierra_nevada_senderismo_transnevada_rb_lanteira_postero_alto_lanteira_019,Transnevada RB - Lanteira - Postero Alto - Lanteira,senderismo,2024,11,2024-11-01,0.5752417995684903,0.24010829250882282,0.2514019380664952,0.4179321059134849,0.7459530984762158,0.21181430332594284,GEE:S2_SR_HARMONIZED
pn_sierra_nevada_senderismo_transnevada_re_bayarcal_laguna_seca_020,Transnevada RE - Bayarcal - Laguna Seca,senderismo,2024,11,2024-11-01,0.5581829691968673,0.21712804275950634,0.2336476933793522,0.3709951932687828,0.753931969186619,0.2250449072779989,GEE:S2_SR_HARMONIZED
pn_sierra_nevada_senderismo_la_cebadilla_021,La Cebadilla,senderismo,2024,11,2024-11-01,0.49290695831514514,0.09365383519465982,0.26096146374400647,0.38837357866219063,0.5918579446552691,0.14938831332000566,GEE:S2_SR_HARMONIZED
pn_sierra_nevada_senderismo_la_silleta_022,La Silleta,senderismo,2024,11,2024-11-01,0.47040986208875574,0.06936769075005153,0.21255726651787213,0.31438057904450056,0.6425344474852785,0.2005276746600051,GEE:S2_SR_HARMONIZED
pn_sierra_nevada_senderismo_lanjaron_tello_023,Lanjaron - Tello,senderismo,2024,11,2024-11-01,0.4595449134914247,0.04876337521098539,0.24403197058992002,0.31813822891082394,0.595635451949924,0.15965357700988714,GEE:S2_SR_HARMONIZED
pn_sierra_nevada_senderismo_molinos_de_isfalada_024,Molinos de Isfalada,senderismo,2024,11,2024-11-01,0.37703693379905634,0.07171703626759417,0.16075717738666365,0.2382217260836137,0.5040362879837758,0.17984532103784365,GEE:S2_SR_HARMONIZED
pn_sierra_nevada_senderismo_monterrey_025,Monterrey,senderismo,2024,11,2024-11-01,0.5715957484880786,0.18049267999696106,0.2544178767844115,0.4279675890500346,0.7364104766192019,0.18713515806758374,GEE:S2_SR_HARMONIZED
pn_sierra_nevada_senderismo_puente_palo_026,Puente Palo,senderismo,2024,11,2024-11-01,0.6387967116104372,0.24761437262742922,0.2946816760108212,0.5606756982153671,0.7400815152454954,0.1272949302102641,GEE:S2_SR_HARMONIZED
pn_sierra_nevada_senderismo_ragua_hoyos_de_pura_027,Ragua - Hoyos de Pura,senderismo,2024,11,2024-11-01,0.6494138682728616,0.3240460486760989,0.2989334768650829,0.6273839392889453,0.7911528236311971,0.22000797858209323,GEE:S2_SR_HARMONIZED
pn_sierra_nevada_senderismo_ragua_lagunilla_seca_028,Ragua - Lagunilla Seca,senderismo,2024,11,2024-11-01,0.5290365944216311,0.18667027319691945,0.25287330947861053,0.36524740399054056,0.7556815235758818,0.2031020855559573,GEE:S2_SR_HARMONIZED
pn_sierra_nevada_senderismo_rio_alhama_029,Río Alhama,senderismo,2024,11,2024-11-01,0.45332827277198734,0.07832972864323079,0.20358645100260855,0.27724399899094193,0.605279209142087,0.21923423028574882,GEE:S2_SR_HARMONIZED
pn_sierra_nevada_senderismo_rio_bermejo_030,Río Bermejo,senderismo,2024,11,2024-11-01,0.5082333064715163,0.13942120377742973,0.23176193875840864,0.42797276718668,0.6232576369570761,0.15633522615239004,GEE:S2_SR_HARMONIZED
pn_sierra_nevada_senderismo_rio_grande_de_los_berchules_031,Río Grande de los Berchules,senderismo,2024,11,2024-11-01,0.4960309130165187,0.1106025357941499,0.21593954599344778,0.30840805572468527,0.6596997795393225,0.22681884026543345,GEE:S2_SR_HARMONIZED
pn_sierra_nevada_senderismo_trevelez_siete_lagunas_032,Trevélez - Siete Lagunas,senderismo,2024,11,2024-11-01,0.4282428260258509,0.10422332884638685,0.21865332081705657,0.2755073482676116,0.5527745342942135,0.19030458412420073,GEE:S2_SR_HARMONIZED
pn_sierra_nevada_senderismo_ubeire_033,Ubeire,senderismo,2024,11,2024-11-01,0.6548817057235039,0.19493623605737095,0.261770806164045,0.549068865703625,0.7600116425010718,0.14818669500816295,GEE:S2_SR_HARMONIZED
pn_sierra_nevada_senderismo_sulayr_034,SULAYR,senderismo,2024,11,2024-11-01,0.516762917984645,0.15647019600342787,0.23885394859995285,0.33989461567401263,0.7226459176007882,0.22092891813292095,GEE:S2_SR_HARMONIZED
pn_sierra_nevada_senderismo_carril_cicloturista_la_zubia_cumbres_verdes_035,CARRIL CICLOTURISTA LA ZUBIA-CUMBRES VERDES,senderismo,2024,11,2024-11-01,0.582177669444454,0.11733305409541968,0.23345381616214034,0.5254771498651771,0.677933585476655,0.14653351092928302,GEE:S2_SR_HARMONIZED
pn_sierra_nevada_senderismo_dehesa_del_camarate_036,Dehesa del Camarate,senderismo,2024,11,2024-11-01,0.4824030969397489,0.034559374144095614,0.20867615045617494,0.3846157915089242,0.5407966417729139,0.14661452051957266,GEE:S2_SR_HARMONIZED
pn_sierra_nevada_senderismo_pueblos_del_poqueira_037,PUEBLOS DEL POQUEIRA,senderismo,2024,11,2024-11-01,0.5341624178550676,0.11380428467094596,0.27843555000629083,0.470750616264739,0.646485754362406,0.16547175365748565,GEE:S2_SR_HARMONIZED
pn_sierra_nevada_senderismo_ragua_barranco_del_hornillo_038,Ragua - Barranco del Hornillo,senderismo,2024,11,2024-11-01,0.730245203712329,0.34506014817733494,0.31699787284140735,0.6613610287507375,0.8224874580997512,0.12969720691896966,GEE:S2_SR_HARMONIZED
pn_sierra_nevada_ciclismo_transnevada_rf_valor_fuente_de_las_primeras_agua_039,Transnevada RF - Valor - Fuente de las Primeras Aguas,ciclismo,2024,11,2024-11-01,0.46172215834018926,0.09865699751653857,0.18904488520748428,0.29303938116850897,0.6444852300770809,0.20214524606040646,GEE:S2_SR_HARMONIZED
pn_sierra_nevada_ciclismo_transnevada_rg_yegen_mecina_bombaron_yegen_040,Transnevada RG - Yegen - Mecina Bombaron - Yegen,ciclismo,2024,11,2024-11-01,0.392419797463037,0.07711767884713484,0.17371062678169838,0.22259184642782806,0.5584368795981342,0.21570448961163285,GEE:S2_SR_HARMONIZED
pn_sierra_nevada_ciclismo_transnevada_rh_capileira_refugio_poqueira_041,Transnevada RH - Capileira - Refugio Poqueira,ciclismo,2024,11,2024-11-01,0.41137673773422845,0.14228883651897245,0.18693387812032525,0.22468394556960936,0.6389936627539914,0.24030522065780138,GEE:S2_SR_HARMONIZED
pn_sierra_nevada_ciclismo_transnevada_rj_portugos_barranco_bermejo_portugo_042,Transnevada RJ - Portugos - Barranco Bermejo - Portugos,ciclismo,2024,11,2024-11-01,0.4780843765885133,0.1471053595034697,0.21404918133666445,0.35354253590396917,0.6113450326112055,0.17458243680333627,GEE:S2_SR_HARMONIZED
pn_sierra_nevada_ciclismo_transnevada_rk_padre_eterno_ar_puente_palo_padre_043,Transnevada RK - Padre Eterno - AR Puente Palo - Padre Eterno,ciclismo,2024,11,2024-11-01,0.38787505469078676,0.04762132503294464,0.1982961981226545,0.2558623423059439,0.4980901776456497,0.1677779089992089,GEE:S2_SR_HARMONIZED
pn_sierra_nevada_ciclismo_transnevada_rc_abrucena_la_polarda_044,Transnevada RC - Abrucena - La Polarda,ciclismo,2024,11,2024-11-01,0.5438464921228454,0.19066037136277916,0.22555039179987668,0.32438851353716486,0.75398643255817,0.24490773630260396,GEE:S2_SR_HARMONIZED
pn_sierra_nevada_ciclismo_transnevada_rd_laujar_andarax_loma_raspa_laujar__045,Transnevada RD - Laujar Andarax - Loma Raspa - Laujar Andarax,ciclismo,2024,11,2024-11-01,0.457716088937973,0.1479006376444192,0.20433992956882188,0.2754837008634783,0.6541794347546951,0.22010401513841937,GEE:S2_SR_HARMONIZED
pn_sierra_nevada_ciclismo_transnevada_ri_niguelas_la_rinconada_niguelas_046,Transnevada RI - Niguelas - La Rinconada - Niguelas,ciclismo,2024,11,2024-11-01,0.3619656961971605,0.06589497424519898,0.19642294433195173,0.24809201937691563,0.4550978572184225,0.15336522005989506,GEE:S2_SR_HARMONIZED
pn_sierra_nevada_ciclismo_transnevada_invierno_047,TRANSNEVADA INVIERNO,ciclismo,2024,11,2024-11-01,0.486672712004723,0.13987428124549064,0.22179264883905728,0.3007988052893357,0.6759018028753571,0.22105033043618338,GEE:S2_SR_HARMONIZED
pn_sierra_nevada_ciclismo_transnevada_verano_048,TRANSNEVADA VERANO,ciclismo,2024,11,2024-11-01,0.4922606000367829,0.14791196820172642,0.22564331180375727,0.3085783747097712,0.6835220375898176,0.22374307609872038,GEE:S2_SR_HARMONIZED
pn_sierra_nevada_ciclismo_transnevada_ra_guejar_sierra_pena_partida_049,Transnevada RA - Güejar Sierra - Peña Partida,ciclismo,2024,11,2024-11-01,0.35229125161835756,0.03136143968858666,0.19418073629744978,0.2558631423060766,0.4316636548136318,0.13254833701606616,GEE:S2_SR_HARMONIZED
pn_sierra_nevada_ciclismo_transnevada_rb_lanteira_postero_alto_lanteira_050,Transnevada RB - Lanteira - Postero Alto - Lanteira,ciclismo,2024,11,2024-11-01,0.5752417995684903,0.24010829250882282,0.2514019380664952,0.4179321059134849,0.7459530984762158,0.21181430332594284,GEE:S2_SR_HARMONIZED
pn_sierra_nevada_ciclismo_transnevada_re_bayarcal_laguna_seca_051,Transnevada RE - Bayarcal - Laguna Seca,ciclismo,2024,11,2024-11-01,0.5581829691968673,0.21712804275950634,0.2336476933793522,0.3709951932687828,0.753931969186619,0.2250449072779989,GEE:S2_SR_HARMONIZED
pn_sierra_nevada_ciclismo_carril_cicloturista_la_zubia_cumbres_verdes_052,CARRIL CICLOTURISTA LA ZUBIA-CUMBRES VERDES,ciclismo,2024,11,2024-11-01,0.582177669444454,0.11733305409541968,0.23345381616214034,0.5254771498651771,0.677933585476655,0.14653351092928302,GEE:S2_SR_HARMONIZED
pn_sierra_nevada_senderismo_transnevada_rf_valor_fuente_de_las_primeras_agua_000,Transnevada RF - Valor - Fuente de las Primeras Aguas,senderismo,2024,12,2024-12-01,0.47226307688219754,0.10620646086516232,0.19917330486675394,0.3104856545332728,0.6500824448179224,0.19388542011660578,GEE:S2_SR_HARMONIZED
pn_sierra_nevada_senderismo_transnevada_rg_yegen_mecina_bombaron_yegen_001,Transnevada RG - Yegen - Mecina Bombaron - Yegen,senderismo,2024,12,2024-12-01,0.3976269114285948,0.08351362724283677,0.17981874853156704,0.2324285604983958,0.5528898740273805,0.20995734626324147,GEE:S2_SR_HARMONIZED
pn_sierra_nevada_senderismo_transnevada_rh_capileira_refugio_poqueira_002,Transnevada RH - Capileira - Refugio Poqueira,senderismo,2024,12,2024-12-01,0.4165080834464283,0.14119401535588075,0.18846837265179658,0.22839994570596076,0.6427684157476511,0.24063997372753895,GEE:S2_SR_HARMONIZED
pn_sierra_nevada_senderismo_transnevada_rj_portugos_barranco_bermejo_portugo_003,Transnevada RJ - Portugos - Barranco Bermejo - Portugos,senderismo,2024,12,2024-12-01,0.4729219706157592,0.12965883846529602,0.20837660166489336,0.33800885903467526,0.6112751675346407,0.17984760586970547,GEE:S2_SR_HARMONIZED
pn_sierra_nevada_senderismo_transnevada_rk_padre_eterno_ar_puente_palo_padre_004,Transnevada RK - Padre Eterno - AR Puente Palo - Padre Eterno,senderismo,2024,12,2024-12-01,0.39668057872863444,0.041347978170662526,0.19907620108735813,0.2794963823898659,0.4823790445212208,0.16051184658040488,GEE:S2_SR_HARMONIZED
pn_sierra_nevada_senderismo_transnevada_rc_abrucena_la_polarda_005,Transnevada RC - Abrucena - La Polarda,senderismo,2024,12,2024-12-01,0.5547149794011027,0.21905648960235777,0.23057009660261782,0.3475124409521889,0.7540782593623014,0.23041745479602774,GEE:S2_SR_HARMONIZED
pn_sierra_nevada_senderismo_transnevada_rd_laujar_andarax_loma_raspa_laujar__006,Transnevada RD - Laujar Andarax - Loma Raspa - Laujar Andarax,senderismo,2024,12,2024-12-01,0.4582715785523185,0.1555874739537881,0.20997729099136261,0.28715130547355694,0.6464180824721103,0.21068121242665228,GEE:S2_SR_HARMONIZED
pn_sierra_nevada_senderismo_transnevada_ri_niguelas_la_rinconada_niguelas_007,Transnevada RI - Niguelas - La Rinconada - Niguelas,senderismo,2024,12,2024-12-01,0.3977435209291205,0.0649607589342087,0.1959268239383324,0.2677091351057602,0.5059732146068305,0.17302012946742612,GEE:S2_SR_HARMONIZED
pn_sierra_nevada_senderismo_acequias_del_poqueira_008,Acequias del Poqueira,senderismo,2024,12,2024-12-01,0.4582917857990758,0.08866583606026884,0.23492374104293234,0.3222113847249179,0.5602032474290274,0.17595554989854556,GEE:S2_SR_HARMONIZED
pn_sierra_nevada_senderismo_canal_de_la_espartera_arenales_del_trevenque_009,Canal de la Espartera - Arenales del Trevenque,senderismo,2024,12,2024-12-01,0.49579528176937954,0.12261418152600095,0.21934482778866896,0.30285907628329656,0.7209654631252302,0.24454601198674839,GEE:S2_SR_HARMONIZED
pn_sierra_nevada_senderismo_cerro_huenes_010,Cerro Huenes,senderismo,2024,12,2024-12-01,0.7025176334728538,0.2653932099289906,0.29049568064665615,0.5369525034661575,0.8613192494119664,0.21691004487406795,GEE:S2_SR_HARMONIZED
pn_sierra_nevada_senderismo_el_aguadero_011,El Aguadero,senderismo,2024,12,2024-12-01,0.5352641214985253,0.1936610924867821,0.24576316363697512,0.37319335726076935,0.7088913593445684,0.19420529883508508,GEE:S2_SR_HARMONIZED
pn_sierra_nevada_senderismo_haza_larguilla_012,Haza Larguilla,senderismo,2024,12,2024-12-01,0.32710876007532064,-0.05090821172044784,0.15956361247115688,0.2557522279368211,0.3924438425164619,0.09254064416791498,GEE:S2_SR_HARMONIZED
pn_sierra_nevada_senderismo_hoya_del_portillo_refugio_poqueira_013,Hoya del Portillo - Refugio Poqueira,senderismo,2024,12,2024-12-01,0.4220672615824035,0.12728994947320715,0.1989614256873351,0.2754218213339155,0.5256835384283236,0.22245980660694833,GEE:S2_SR_HARMONIZED
pn_sierra_nevada_senderismo_jerez_del_marquesado_postero_alto_014,Jerez del Marquesado - Postero Alto,senderismo,2024,12,2024-12-01,0.5529150436607289,0.24810190300857354,0.24446494129485094,0.38481560256871433,0.7442099512403423,0.22028734944832654,GEE:S2_SR_HARMONIZED
pn_sierra_nevada_senderismo_ragua_aldeire_015,Ragua - Aldeire,senderismo,2024,12,2024-12-01,0.5649411614502777,0.22900132104962287,0.27808604072456544,0.38701770289227483,0.785191300537381,0.22257766934285872,GEE:S2_SR_HARMONIZED
pn_sierra_nevada_senderismo_transnevada_invierno_016,TRANSNEVADA INVIERNO,senderismo,2024,12,2024-12-01,0.49696498029498776,0.146006662165033,0.222014875206321,0.31641257776016535,0.6836422615301027,0.21967917348605992,GEE:S2_SR_HARMONIZED
pn_sierra_nevada_senderismo_transnevada_verano_017,TRANSNEVADA VERANO,senderismo,2024,12,2024-12-01,0.5028186762406702,0.1548897344285105,0.22573165859874147,0.3164282609903749,0.6992607444316838,0.22255372609253568,GEE:S2_SR_HARMONIZED
pn_sierra_nevada_senderismo_transnevada_ra_guejar_sierra_pena_partida_018,Transnevada RA - Güejar Sierra - Peña Partida,senderismo,2024,12,2024-12-01,0.35555116256802,0.021099251285191013,0.18861428790821672,0.2598577385389657,0.43152954710023433,0.1361627222327403,GEE:S2_SR_HARMONIZED
pn_sierra_nevada_senderismo_transnevada_rb_lanteira_postero_alto_lanteira_019,Transnevada RB - Lanteira - Postero Alto - Lanteira,senderismo,2024,12,2024-12-01,0.5849390796295155,0.2640859971048502,0.2560157405837071,0.4258701568428381,0.7615359310628984,0.2166141244590332,GEE:S2_SR_HARMONIZED
pn_sierra_nevada_senderismo_transnevada_re_bayarcal_laguna_seca_020,Transnevada RE - Bayarcal - Laguna Seca,senderismo,2024,12,2024-12-01,0.5602155631239374,0.22482668289149974,0.23997525640484277,0.3791340773964045,0.7538824186197407,0.2217818300423375,GEE:S2_SR_HARMONIZED
pn_sierra_nevada_senderismo_la_cebadilla_021,La Cebadilla,senderismo,2024,12,2024-12-01,0.4925151631952634,0.068155594048821,0.249271473508706,0.3967427592351741,0.5799605998668262,0.14470019792902186,GEE:S2_SR_HARMONIZED
pn_sierra_nevada_senderismo_la_silleta_022,La Silleta,senderismo,2024,12,2024-12-01,0.5200660906249279,0.09126387130878981,0.21088217164242604,0.33173477805572965,0.7074492992984295,0.22104531899131502,GEE:S2_SR_HARMONIZED
pn_sierra_nevada_senderismo_lanjaron_tello_023,Lanjaron - Tello,senderismo,2024,12,2024-12-01,0.5058457949640536,0.07273196938591275,0.270583211994617,0.44324851711056823,0.5723266743516189,0.09461417921328834,GEE:S2_SR_HARMONIZED
pn_sierra_nevada_senderismo_molinos_de_isfalada_024,Molinos de Isfalada,senderismo,2024,12,2024-12-01,0.3877782123252696,0.08601815003438691,0.17544966910809648,0.26376017340885594,0.5023408386883212,0.16663361380406114,GEE:S2_SR_HARMONIZED
pn_sierra_nevada_senderismo_monterrey_025,Monterrey,senderismo,2024,12,2024-12-01,0.5619772658104324,0.18037205190991656,0.25527623113263853,0.4197104019079077,0.7246323137575247,0.17977910856180282,GEE:S2_SR_HARMONIZED
pn_sierra_nevada_senderismo_puente_palo_026,Puente Palo,senderismo,2024,12,2024-12-01,0.6559110110080629,0.2312824520972876,0.2851128752600597,0.5602874728966386,0.7636938532332198,0.136389827862014,GEE:S2_SR_HARMONIZED
pn_sierra_nevada_senderismo_ragua_hoyos_de_pura_027,Ragua - Hoyos de Pura,senderismo,2024,12,2024-12-01,0.6539813736705222,0.34270179126872796,0.30419299025465724,0.6335251927375793,0.7911364805535978,0.21980903150845477,GEE:S2_SR_HARMONIZED
pn_sierra_nevada_senderismo_ragua_lagunilla_seca_028,Ragua - Lagunilla Seca,senderismo,2024,12,2024-12-01,0.525316086231278,0.1978756517309946,0.2623406848139027,0.3611896642799144,0.7556506017648872,0.20351459221157958,GEE:S2_SR_HARMONIZED
pn_sierra_nevada_senderismo_rio_alhama_029,Río Alhama,senderismo,2024,12,2024-12-01,0.47501183984961115,0.07835436314876056,0.20812258974339098,0.292843114097109,0.6208022547596916,0.232025578012563,GEE:S2_SR_HARMONIZED
pn_sierra_nevada_senderismo_rio_bermejo_030,Río Bermejo,senderismo,2024,12,2024-12-01,0.49249146983884373,0.10612319875643451,0.2236147266338462,0.404522880569092,0.6032071175144104,0.15431978413941402,GEE:S2_SR_HARMONIZED
pn_sierra_nevada_senderismo_rio_grande_de_los_berchules_031,Río Grande de los Berchules,senderismo,2024,12,2024-12-01,0.49841446796900424,0.11344400373416831,0.21630820669591497,0.331717442750346,0.629312515102952,0.21630261383723756,GEE:S2_SR_HARMONIZED
pn_sierra_nevada_senderismo_trevelez_siete_lagunas_032,Trevélez - Siete Lagunas,senderismo,2024,12,2024-12-01,0.39755490451804576,0.0772527443252796,0.2024018500038085,0.261357571096389,0.5270328691174243,0.18694676765181578,GEE:S2_SR_HARMONIZED
pn_sierra_nevada_senderismo_ubeire_033,Ubeire,senderismo,2024,12,2024-12-01,0.6502689345776609,0.2000053246079985,0.2598677635883516,0.5447578846104151,0.7554345704097621,0.13881299487544946,GEE:S2_SR_HARMONIZED
pn_sierra_nevada_senderismo_sulayr_034,SULAYR,senderismo,2024,12,2024-12-01,0.5227827959835696,0.158147473845576,0.23456689953663037,0.34771194273757383,0.7227848065061184,0.21913229482577112,GEE:S2_SR_HARMONIZED
pn_sierra_nevada_senderismo_carril_cicloturista_la_zubia_cumbres_verdes_035,CARRIL CICLOTURISTA LA ZUBIA-CUMBRES VERDES,senderismo,2024,12,2024-12-01,0.6010298361666253,0.1292464202953274,0.24630758954486298,0.5372317136043594,0.6930125600027525,0.14582810675640762,GEE:S2_SR_HARMONIZED
pn_sierra_nevada_senderismo_dehesa_del_camarate_036,Dehesa del Camarate,senderismo,2024,12,2024-12-01,0.4836542402415776,0.01386597356341312,0.1948790934985299,0.37646198199981573,0.5447157451992348,0.16143779626001686,GEE:S2_SR_HARMONIZED
pn_sierra_nevada_senderismo_pueblos_del_poqueira_037,PUEBLOS DEL POQUEIRA,senderismo,2024,12,2024-12-01,0.5275060228261045,0.09253785298444384,0.27724918297960627,0.4786792131811502,0.6307799908038437,0.16158814126038504,GEE:S2_SR_HARMONIZED
pn_sierra_nevada_senderismo_ragua_barranco_del_hornillo_038,Ragua - Barranco del Hornillo,senderismo,2024,12,2024-12-01,0.7267108677198765,0.36005283458945064,0.3225647302417119,0.6565347909927368,0.8183163784020867,0.13145237169240412,GEE:S2_SR_HARMONIZED
pn_sierra_nevada_ciclismo_transnevada_rf_valor_fuente_de_las_primeras_agua_039,Transnevada RF - Valor - Fuente de las Primeras Aguas,ciclismo,2024,12,2024-12-01,0.47226307688219754,0.10620646086516232,0.19917330486675394,0.3104856545332728,0.6500824448179224,0.19388542011660578,GEE:S2_SR_HARMONIZED
pn_sierra_nevada_ciclismo_transnevada_rg_yegen_mecina_bombaron_yegen_040,Transnevada RG - Yegen - Mecina Bombaron - Yegen,ciclismo,2024,12,2024-12-01,0.3976269114285948,0.08351362724283677,0.17981874853156704,0.2324285604983958,0.5528898740273805,0.20995734626324147,GEE:S2_SR_HARMONIZED
pn_sierra_nevada_ciclismo_transnevada_rh_capileira_refugio_poqueira_041,Transnevada RH - Capileira - Refugio Poqueira,ciclismo,2024,12,2024-12-01,0.4165080834464283,0.14119401535588075,0.18846837265179658,0.22839994570596076,0.6427684157476511,0.24063997372753895,GEE:S2_SR_HARMONIZED
pn_sierra_nevada_ciclismo_transnevada_rj_portugos_barranco_bermejo_portugo_042,Transnevada RJ - Portugos - Barranco Bermejo - Portugos,ciclismo,2024,12,2024-12-01,0.4729219706157592,0.12965883846529602,0.20837660166489336,0.33800885903467526,0.6112751675346407,0.17984760586970547,GEE:S2_SR_HARMONIZED
pn_sierra_nevada_ciclismo_transnevada_rk_padre_eterno_ar_puente_palo_padre_043,Transnevada RK - Padre Eterno - AR Puente Palo - Padre Eterno,ciclismo,2024,12,2024-12-01,0.39668057872863444,0.041347978170662526,0.19907620108735813,0.2794963823898659,0.4823790445212208,0.16051184658040488,GEE:S2_SR_HARMONIZED
pn_sierra_nevada_ciclismo_transnevada_rc_abrucena_la_polarda_044,Transnevada RC - Abrucena - La Polarda,ciclismo,2024,12,2024-12-01,0.5547149794011027,0.21905648960235777,0.23057009660261782,0.3475124409521889,0.7540782593623014,0.23041745479602774,GEE:S2_SR_HARMONIZED
pn_sierra_nevada_ciclismo_transnevada_rd_laujar_andarax_loma_raspa_laujar__045,Transnevada RD - Laujar Andarax - Loma Raspa - Laujar Andarax,ciclismo,2024,12,2024-12-01,0.4582715785523185,0.1555874739537881,0.20997729099136261,0.28715130547355694,0.6464180824721103,0.21068121242665228,GEE:S2_SR_HARMONIZED
pn_sierra_nevada_ciclismo_transnevada_ri_niguelas_la_rinconada_niguelas_046,Transnevada RI - Niguelas - La Rinconada - Niguelas,ciclismo,2024,12,2024-12-01,0.3977435209291205,0.0649607589342087,0.1959268239383324,0.2677091351057602,0.5059732146068305,0.17302012946742612,GEE:S2_SR_HARMONIZED
pn_sierra_nevada_ciclismo_transnevada_invierno_047,TRANSNEVADA INVIERNO,ciclismo,2024,12,2024-12-01,0.49696498029498776,0.146006662165033,0.222014875206321,0.31641257776016535,0.6836422615301027,0.21967917348605992,GEE:S2_SR_HARMONIZED
pn_sierra_nevada_ciclismo_transnevada_verano_048,TRANSNEVADA VERANO,ciclismo,2024,12,2024-12-01,0.5028186762406702,0.1548897344285105,0.22573165859874147,0.3164282609903749,0.6992607444316838,0.22255372609253568,GEE:S2_SR_HARMONIZED
pn_sierra_nevada_ciclismo_transnevada_ra_guejar_sierra_pena_partida_049,Transnevada RA - Güejar Sierra - Peña Partida,ciclismo,2024,12,2024-12-01,0.35555116256802,0.021099251285191013,0.18861428790821672,0.2598577385389657,0.43152954710023433,0.1361627222327403,GEE:S2_SR_HARMONIZED
pn_sierra_nevada_ciclismo_transnevada_rb_lanteira_postero_alto_lanteira_050,Transnevada RB - Lanteira - Postero Alto - Lanteira,ciclismo,2024,12,2024-12-01,0.5849390796295155,0.2640859971048502,0.2560157405837071,0.4258701568428381,0.7615359310628984,0.2166141244590332,GEE:S2_SR_HARMONIZED
pn_sierra_nevada_ciclismo_transnevada_re_bayarcal_laguna_seca_051,Transnevada RE - Bayarcal - Laguna Seca,ciclismo,2024,12,2024-12-01,0.5602155631239374,0.22482668289149974,0.23997525640484277,0.3791340773964045,0.7538824186197407,0.2217818300423375,GEE:S2_SR_HARMONIZED
pn_sierra_nevada_ciclismo_carril_cicloturista_la_zubia_cumbres_verdes_052,CARRIL CICLOTURISTA LA ZUBIA-CUMBRES VERDES,ciclismo,2024,12,2024-12-01,0.6010298361666253,0.1292464202953274,0.24630758954486298,0.5372317136043594,0.6930125600027525,0.14582810675640762,GEE:S2_SR_HARMONIZED
pn_sierra_nevada_senderismo_transnevada_rf_valor_fuente_de_las_primeras_agua_000,Transnevada RF - Valor - Fuente de las Primeras Aguas,senderismo,2025,1,2025-01-01,0.451958454307486,0.11611575434396579,0.19379285200911803,0.2834105003572574,0.6308957881072753,0.19550621679401323,GEE:S2_SR_HARMONIZED
pn_sierra_nevada_senderismo_transnevada_rg_yegen_mecina_bombaron_yegen_001,Transnevada RG - Yegen - Mecina Bombaron - Yegen,senderismo,2025,1,2025-01-01,0.38448669332462104,0.09693155001832007,0.18124153295503373,0.22851244958445374,0.5253648329452801,0.20245898972304757,GEE:S2_SR_HARMONIZED
pn_sierra_nevada_senderismo_transnevada_rh_capileira_refugio_poqueira_002,Transnevada RH - Capileira - Refugio Poqueira,senderismo,2025,1,2025-01-01,0.37853032808453013,0.15415425555111678,0.19079100718750613,0.20126900515733487,0.5565598368415979,0.2323527018960088,GEE:S2_SR_HARMONIZED
pn_sierra_nevada_senderismo_transnevada_rj_portugos_barranco_bermejo_portugo_003,Transnevada RJ - Portugos - Barranco Bermejo - Portugos,senderismo,2025,1,2025-01-01,0.46825355842055005,0.1463069148154193,0.21168294946812682,0.33805729793580497,0.5955254951203893,0.17945811950026924,GEE:S2_SR_HARMONIZED
pn_sierra_nevada_senderismo_transnevada_rk_padre_eterno_ar_puente_palo_padre_004,Transnevada RK - Padre Eterno - AR Puente Palo - Padre Eterno,senderismo,2025,1,2025-01-01,0.37090987374845097,0.05485004328346637,0.20399065619932016,0.26370668954727833,0.45101767694113404,0.14506870316264062,GEE:S2_SR_HARMONIZED
pn_sierra_nevada_senderismo_transnevada_rc_abrucena_la_polarda_005,Transnevada RC - Abrucena - La Polarda,senderismo,2025,1,2025-01-01,0.5034672045921278,0.1943742462267411,0.231015609573071,0.31602198173176277,0.6756473010214801,0.21502313773661835,GEE:S2_SR_HARMONIZED
pn_sierra_nevada_senderismo_transnevada_rd_laujar_andarax_loma_raspa_laujar__006,Transnevada RD - Laujar Andarax - Loma Raspa - Laujar Andarax,senderismo,2025,1,2025-01-01,0.4247297399459554,0.1498438776621388,0.20874990225069265,0.2754503284461764,0.5724387589106881,0.19078469408140813,GEE:S2_SR_HARMONIZED
pn_sierra_nevada_senderismo_transnevada_ri_niguelas_la_rinconada_niguelas_007,Transnevada RI - Niguelas - La Rinconada - Niguelas,senderismo,2025,1,2025-01-01,0.35594544977360704,0.09478121724409524,0.1928530539625471,0.2518421722337437,0.4314340421498965,0.14755618612136878,GEE:S2_SR_HARMONIZED
pn_sierra_nevada_senderismo_acequias_del_poqueira_008,Acequias del Poqueira,senderismo,2025,1,2025-01-01,0.3606183331349256,0.09846264811455699,0.23271392214723466,0.26361483977471856,0.4352759059163137,0.14190575697375896,GEE:S2_SR_HARMONIZED
pn_sierra_nevada_senderismo_canal_de_la_espartera_arenales_del_trevenque_009,Canal de la Espartera - Arenales del Trevenque,senderismo,2025,1,2025-01-01,0.48349790541137433,0.13290136878989142,0.22293688381244775,0.29271505330492054,0.6996761838330465,0.23466370259350425,GEE:S2_SR_HARMONIZED
pn_sierra_nevada_senderismo_cerro_huenes_010,Cerro Huenes,senderismo,2025,1,2025-01-01,0.6711928973807013,0.28012460775336345,0.2918174190944494,0.5096592518564137,0.8379364748690808,0.20988955134416892,GEE:S2_SR_HARMONIZED
pn_sierra_nevada_senderismo_el_aguadero_011,El Aguadero,senderismo,2025,1,2025-01-01,0.5066843993484595,0.18435134754046906,0.24867001622178492,0.3534416333995748,0.6815378004453827,0.1844744461200068,GEE:S2_SR_HARMONIZED
pn_sierra_nevada_senderismo_haza_larguilla_012,Haza Larguilla,senderismo,2025,1,2025-01-01,0.3240634878607477,-0.04268131747332565,0.15943424469561415,0.2662781700491905,0.3896668650838382,0.08779694536218163,GEE:S2_SR_HARMONIZED
pn_sierra_nevada_senderismo_hoya_del_portillo_refugio_poqueira_013,Hoya del Portillo - Refugio Poqueira,senderismo,2025,1,2025-01-01,0.38038237553360255,0.16835059204228323,0.20305876765817227,0.24043301347115312,0.42795406999262336,0.21103203976910254,GEE:S2_SR_HARMONIZED
pn_sierra_nevada_senderismo_jerez_del_marquesado_postero_alto_014,Jerez del Marquesado - Postero Alto,senderismo,2025,1,2025-01-01,0.5107726736169003,0.23455147739906043,0.2375849577679742,0.34982977630953777,0.6932378455673293,0.20548996492398955,GEE:S2_SR_HARMONIZED
pn_sierra_nevada_senderismo_ragua_aldeire_015,Ragua - Aldeire,senderismo,2025,1,2025-01-01,0.5513690130801215,0.22485350302250184,0.28034996292545333,0.3654961480816996,0.7714416335859637,0.22562008351513357,GEE:S2_SR_HARMONIZED
pn_sierra_nevada_senderismo_transnevada_invierno_016,TRANSNEVADA INVIERNO,senderismo,2025,1,2025-01-01,0.46654035201418687,0.157043770049737,0.22581400521034287,0.300781310701766,0.628929977629438,0.20974893129003064,GEE:S2_SR_HARMONIZED
pn_sierra_nevada_senderismo_transnevada_verano_017,TRANSNEVADA VERANO,senderismo,2025,1,2025-01-01,0.4736882438734639,0.16449097095592327,0.2291973053989104,0.3007686461112434,0.6445388002473424,0.2134967963929692,GEE:S2_SR_HARMONIZED
pn_sierra_nevada_senderismo_transnevada_ra_guejar_sierra_pena_partida_018,Transnevada RA - Güejar Sierra - Peña Partida,senderismo,2025,1,2025-01-01,0.30339816073510706,0.056889979090976935,0.1830418368244184,0.2091939987376029,0.3730584597921772,0.13670910968780053,GEE:S2_SR_HARMONIZED
pn_sierra_nevada_senderismo_transnevada_rb_lanteira_postero_alto_lanteira_019,Transnevada RB - Lanteira - Postero Alto - Lanteira,senderismo,2025,1,2025-01-01,0.5241477738050087,0.2485990645884979,0.2542626141731707,0.3867012184831519,0.6756207802314147,0.19246312022659676,GEE:S2_SR_HARMONIZED
pn_sierra_nevada_senderismo_transnevada_re_bayarcal_laguna_seca_020,Transnevada RE - Bayarcal - Laguna Seca,senderismo,2025,1,2025-01-01,0.5312535079628468,0.24085059710625556,0.24787336415480865,0.3631680757633482,0.7071967826350526,0.20776675805550038,GEE:S2_SR_HARMONIZED
pn_sierra_nevada_senderismo_la_cebadilla_021,La Cebadilla,senderismo,2025,1,2025-01-01,0.3674432448181436,0.07749340239315036,0.22732162808692052,0.27550933489211643,0.44721792701905705,0.1248397619887371,GEE:S2_SR_HARMONIZED
pn_sierra_nevada_senderismo_la_silleta_022,La Silleta,senderismo,2025,1,2025-01-01,0.5107607789496673,0.10633193691374213,0.21089373689629307,0.3317483980843407,0.6916749803253532,0.212455813741125,GEE:S2_SR_HARMONIZED
pn_sierra_nevada_senderismo_lanjaron_tello_023,Lanjaron - Tello,senderismo,2025,1,2025-01-01,0.5009721303205626,0.07044414867263726,0.2733568500171535,0.4319354176563614,0.5683116688312072,0.09872725959842536,GEE:S2_SR_HARMONIZED
pn_sierra_nevada_senderismo_molinos_de_isfalada_024,Molinos de Isfalada,senderismo,2025,1,2025-01-01,0.379536007704429,0.08632884987446804,0.17468204943685703,0.25569915894758377,0.49033086187042607,0.15980236289004401,GEE:S2_SR_HARMONIZED
pn_sierra_nevada_senderismo_monterrey_025,Monterrey,senderismo,2025,1,2025-01-01,0.5417648017738572,0.1659874279604637,0.25183735481937686,0.39625931563698785,0.7051499120561046,0.1773224163590021,GEE:S2_SR_HARMONIZED
pn_sierra_nevada_senderismo_puente_palo_026,Puente Palo,senderismo,2025,1,2025-01-01,0.5766107919773077,0.2482477518552422,0.3015739555266179,0.4938488459723671,0.6504998530671925,0.12936512508638237,GEE:S2_SR_HARMONIZED
pn_sierra_nevada_senderismo_ragua_hoyos_de_pura_027,Ragua - Hoyos de Pura,senderismo,2025,1,2025-01-01,0.574661415637346,0.2964772883636399,0.2792080322704841,0.5129920735650355,0.7557357052961985,0.20632519647374975,GEE:S2_SR_HARMONIZED
pn_sierra_nevada_senderismo_ragua_lagunilla_seca_028,Ragua - Lagunilla Seca,senderismo,2025,1,2025-01-01,0.4920059630527434,0.2061030132200298,0.25774606110841836,0.33226289532005127,0.6839951272996976,0.2051093210735499,GEE:S2_SR_HARMONIZED
pn_sierra_nevada_senderismo_rio_alhama_029,Río Alhama,senderismo,2025,1,2025-01-01,0.4557780339462946,0.07339339135322628,0.20202328550281462,0.28503007150912424,0.589812880976403,0.2311737389761029,GEE:S2_SR_HARMONIZED
pn_sierra_nevada_senderismo_rio_bermejo_030,Río Bermejo,senderismo,2025,1,2025-01-01,0.4868268838798136,0.11822035121392097,0.22171454006211055,0.40012323554008167,0.5881511888587304,0.1478909921939824,GEE:S2_SR_HARMONIZED
pn_sierra_nevada_senderismo_rio_grande_de_los_berchules_031,Río Grande de los Berchules,senderismo,2025,1,2025-01-01,0.47080706503163444,0.11933583449497565,0.22420732801165888,0.3296035199913928,0.5837685525210187,0.18665039090663074,GEE:S2_SR_HARMONIZED
pn_sierra_nevada_senderismo_trevelez_siete_lagunas_032,Trevélez - Siete Lagunas,senderismo,2025,1,2025-01-01,0.34639188555747,0.06799600107326773,0.18669311896950336,0.24803777788409603,0.4512299143612099,0.14601347325241298,GEE:S2_SR_HARMONIZED
pn_sierra_nevada_senderismo_ubeire_033,Ubeire,senderismo,2025,1,2025-01-01,0.6391322211923339,0.1981928325660356,0.28202160765279455,0.5292666504478373,0.7479843044579079,0.13927201426600525,GEE:S2_SR_HARMONIZED
pn_sierra_nevada_senderismo_sulayr_034,SULAYR,senderismo,2025,1,2025-01-01,0.47453631451320566,0.17464617282039524,0.23817447397192198,0.308644324081001,0.64446386796876,0.20790952437828567,GEE:S2_SR_HARMONIZED
pn_sierra_nevada_senderismo_carril_cicloturista_la_zubia_cumbres_verdes_035,CARRIL CICLOTURISTA LA ZUBIA-CUMBRES VERDES,senderismo,2025,1,2025-01-01,0.6141310728031225,0.15099149205826928,0.2430771381775296,0.5686159009556119,0.6973300309476906,0.13671519404149077,GEE:S2_SR_HARMONIZED
pn_sierra_nevada_senderismo_dehesa_del_camarate_036,Dehesa del Camarate,senderismo,2025,1,2025-01-01,0.397361340099087,0.05262569990628216,0.1772148050579749,0.2951047370592988,0.4511674114161853,0.16331808680791038,GEE:S2_SR_HARMONIZED
pn_sierra_nevada_senderismo_pueblos_del_poqueira_037,PUEBLOS DEL POQUEIRA,senderismo,2025,1,2025-01-01,0.4734350671618629,0.06939178979594597,0.26390220396170677,0.3847925432075564,0.5839893173030285,0.15745413978267206,GEE:S2_SR_HARMONIZED
pn_sierra_nevada_senderismo_ragua_barranco_del_hornillo_038,Ragua - Barranco del Hornillo,senderismo,2025,1,2025-01-01,0.6390158666869341,0.3234734292322306,0.2927472964769988,0.4753818213939667,0.7985607683330922,0.17848654405969896,GEE:S2_SR_HARMONIZED
pn_sierra_nevada_ciclismo_transnevada_rf_valor_fuente_de_las_primeras_agua_039,Transnevada RF - Valor - Fuente de las Primeras Aguas,ciclismo,2025,1,2025-01-01,0.451958454307486,0.11611575434396579,0.19379285200911803,0.2834105003572574,0.6308957881072753,0.19550621679401323,GEE:S2_SR_HARMONIZED
pn_sierra_nevada_ciclismo_transnevada_rg_yegen_mecina_bombaron_yegen_040,Transnevada RG - Yegen - Mecina Bombaron - Yegen,ciclismo,2025,1,2025-01-01,0.38448669332462104,0.09693155001832007,0.18124153295503373,0.22851244958445374,0.5253648329452801,0.20245898972304757,GEE:S2_SR_HARMONIZED
pn_sierra_nevada_ciclismo_transnevada_rh_capileira_refugio_poqueira_041,Transnevada RH - Capileira - Refugio Poqueira,ciclismo,2025,1,2025-01-01,0.37853032808453013,0.15415425555111678,0.19079100718750613,0.20126900515733487,0.5565598368415979,0.2323527018960088,GEE:S2_SR_HARMONIZED
pn_sierra_nevada_ciclismo_transnevada_rj_portugos_barranco_bermejo_portugo_042,Transnevada RJ - Portugos - Barranco Bermejo - Portugos,ciclismo,2025,1,2025-01-01,0.46825355842055005,0.1463069148154193,0.21168294946812682,0.33805729793580497,0.5955254951203893,0.17945811950026924,GEE:S2_SR_HARMONIZED
pn_sierra_nevada_ciclismo_transnevada_rk_padre_eterno_ar_puente_palo_padre_043,Transnevada RK - Padre Eterno - AR Puente Palo - Padre Eterno,ciclismo,2025,1,2025-01-01,0.37090987374845097,0.05485004328346637,0.20399065619932016,0.26370668954727833,0.45101767694113404,0.14506870316264062,GEE:S2_SR_HARMONIZED
pn_sierra_nevada_ciclismo_transnevada_rc_abrucena_la_polarda_044,Transnevada RC - Abrucena - La Polarda,ciclismo,2025,1,2025-01-01,0.5034672045921278,0.1943742462267411,0.231015609573071,0.31602198173176277,0.6756473010214801,0.21502313773661835,GEE:S2_SR_HARMONIZED
pn_sierra_nevada_ciclismo_transnevada_rd_laujar_andarax_loma_raspa_laujar__045,Transnevada RD - Laujar Andarax - Loma Raspa - Laujar Andarax,ciclismo,2025,1,2025-01-01,0.4247297399459554,0.1498438776621388,0.20874990225069265,0.2754503284461764,0.5724387589106881,0.19078469408140813,GEE:S2_SR_HARMONIZED
pn_sierra_nevada_ciclismo_transnevada_ri_niguelas_la_rinconada_niguelas_046,Transnevada RI - Niguelas - La Rinconada - Niguelas,ciclismo,2025,1,2025-01-01,0.35594544977360704,0.09478121724409524,0.1928530539625471,0.2518421722337437,0.4314340421498965,0.14755618612136878,GEE:S2_SR_HARMONIZED
pn_sierra_nevada_ciclismo_transnevada_invierno_047,TRANSNEVADA INVIERNO,ciclismo,2025,1,2025-01-01,0.46654035201418687,0.157043770049737,0.22581400521034287,0.300781310701766,0.628929977629438,0.20974893129003064,GEE:S2_SR_HARMONIZED
pn_sierra_nevada_ciclismo_transnevada_verano_048,TRANSNEVADA VERANO,ciclismo,2025,1,2025-01-01,0.4736882438734639,0.16449097095592327,0.2291973053989104,0.3007686461112434,0.6445388002473424,0.2134967963929692,GEE:S2_SR_HARMONIZED
pn_sierra_nevada_ciclismo_transnevada_ra_guejar_sierra_pena_partida_049,Transnevada RA - Güejar Sierra - Peña Partida,ciclismo,2025,1,2025-01-01,0.30339816073510706,0.056889979090976935,0.1830418368244184,0.2091939987376029,0.3730584597921772,0.13670910968780053,GEE:S2_SR_HARMONIZED
pn_sierra_nevada_ciclismo_transnevada_rb_lanteira_postero_alto_lanteira_050,Transnevada RB - Lanteira - Postero Alto - Lanteira,ciclismo,2025,1,2025-01-01,0.5241477738050087,0.2485990645884979,0.2542626141731707,0.3867012184831519,0.6756207802314147,0.19246312022659676,GEE:S2_SR_HARMONIZED
pn_sierra_nevada_ciclismo_transnevada_re_bayarcal_laguna_seca_051,Transnevada RE - Bayarcal - Laguna Seca,ciclismo,2025,1,2025-01-01,0.5312535079628468,0.24085059710625556,0.24787336415480865,0.3631680757633482,0.7071967826350526,0.20776675805550038,GEE:S2_SR_HARMONIZED
pn_sierra_nevada_ciclismo_carril_cicloturista_la_zubia_cumbres_verdes_052,CARRIL CICLOTURISTA LA ZUBIA-CUMBRES VERDES,ciclismo,2025,1,2025-01-01,0.6141310728031225,0.15099149205826928,0.2430771381775296,0.5686159009556119,0.6973300309476906,0.13671519404149077,GEE:S2_SR_HARMONIZED
pn_sierra_nevada_senderismo_transnevada_rf_valor_fuente_de_las_primeras_agua_000,Transnevada RF - Valor - Fuente de las Primeras Aguas,senderismo,2025,2,2025-02-01,0.4416801392528796,0.12207405355146053,0.1934601073097086,0.26968191041527045,0.620756696762276,0.20221549337384911,GEE:S2_SR_HARMONIZED
pn_sierra_nevada_senderismo_transnevada_rg_yegen_mecina_bombaron_yegen_001,Transnevada RG - Yegen - Mecina Bombaron - Yegen,senderismo,2025,2,2025-02-01,0.3757117937102849,0.08551104977758463,0.17650758384921006,0.2146987713208007,0.5038473438447916,0.20508013962187543,GEE:S2_SR_HARMONIZED
pn_sierra_nevada_senderismo_transnevada_rh_capileira_refugio_poqueira_002,Transnevada RH - Capileira - Refugio Poqueira,senderismo,2025,2,2025-02-01,0.3675499833514288,0.17284040860037506,0.17918135841058475,0.1758409188110071,0.5822390586170452,0.24519650354566505,GEE:S2_SR_HARMONIZED
pn_sierra_nevada_senderismo_transnevada_rj_portugos_barranco_bermejo_portugo_003,Transnevada RJ - Portugos - Barranco Bermejo - Portugos,senderismo,2025,2,2025-02-01,0.45982280880679705,0.1206963583660519,0.20262646028345763,0.3143111975866388,0.6074334891282838,0.19185829917605204,GEE:S2_SR_HARMONIZED
pn_sierra_nevada_senderismo_transnevada_rk_padre_eterno_ar_puente_palo_padre_004,Transnevada RK - Padre Eterno - AR Puente Palo - Padre Eterno,senderismo,2025,2,2025-02-01,0.38265815732047626,0.036137465008246716,0.1931125992711402,0.26749558973187854,0.4664838546114837,0.1640935064472882,GEE:S2_SR_HARMONIZED
pn_sierra_nevada_senderismo_transnevada_rc_abrucena_la_polarda_005,Transnevada RC - Abrucena - La Polarda,senderismo,2025,2,2025-02-01,0.4783057364589427,0.1826527755671908,0.23006245385190988,0.29108963263206034,0.6542782315061464,0.21203679194406158,GEE:S2_SR_HARMONIZED
pn_sierra_nevada_senderismo_transnevada_rd_laujar_andarax_loma_raspa_laujar__006,Transnevada RD - Laujar Andarax - Loma Raspa - Laujar Andarax,senderismo,2025,2,2025-02-01,0.4339730496837029,0.1304770845831221,0.19801063251204754,0.25969777190077586,0.6191151698449098,0.2158014236806338,GEE:S2_SR_HARMONIZED
pn_sierra_nevada_senderismo_transnevada_ri_niguelas_la_rinconada_niguelas_007,Transnevada RI - Niguelas - La Rinconada - Niguelas,senderismo,2025,2,2025-02-01,0.3673974215481532,0.06689354801568274,0.1898461076838751,0.2380822438153392,0.46488093196949887,0.17811250157384403,GEE:S2_SR_HARMONIZED
pn_sierra_nevada_senderismo_acequias_del_poqueira_008,Acequias del Poqueira,senderismo,2025,2,2025-02-01,0.4063273923986587,0.08483743489395458,0.21950007676074118,0.2635651830172217,0.4979790956342243,0.18836477055968365,GEE:S2_SR_HARMONIZED
pn_sierra_nevada_senderismo_canal_de_la_espartera_arenales_del_trevenque_009,Canal de la Espartera - Arenales del Trevenque,senderismo,2025,2,2025-02-01,0.46474180883426947,0.11411250449854098,0.22046060710120782,0.27526464073534207,0.6781048519802594,0.23642960864865575,GEE:S2_SR_HARMONIZED
pn_sierra_nevada_senderismo_cerro_huenes_010,Cerro Huenes,senderismo,2025,2,2025-02-01,0.6630016225138212,0.25998218829176956,0.30591098220061824,0.5094748245419634,0.8301198777561145,0.2059716692381781,GEE:S2_SR_HARMONIZED
pn_sierra_nevada_senderismo_el_aguadero_011,El Aguadero,senderismo,2025,2,2025-02-01,0.49758133136829985,0.1678591350961561,0.2367197897576746,0.33384543829856045,0.6815130248942065,0.1931879329607943,GEE:S2_SR_HARMONIZED
pn_sierra_nevada_senderismo_haza_larguilla_012,Haza Larguilla,senderismo,2025,2,2025-02-01,0.3091947670302761,-0.06447967025354746,0.1547277649121198,0.23592211097456067,0.3770169139081404,0.094796017639447,GEE:S2_SR_HARMONIZED
pn_sierra_nevada_senderismo_hoya_del_portillo_refugio_poqueira_013,Hoya del Portillo - Refugio Poqueira,senderismo,2025,2,2025-02-01,0.31617219005555525,0.19069520766735776,0.1859572871300367,0.17000374305196234,0.365117872358039,0.2201607388414054,GEE:S2_SR_HARMONIZED
pn_sierra_nevada_senderismo_jerez_del_marquesado_postero_alto_014,Jerez del Marquesado - Postero Alto,senderismo,2025,2,2025-02-01,0.49973180581594706,0.20508248847460736,0.22716453994183236,0.3300362306440043,0.6895087227701573,0.2137749321984316,GEE:S2_SR_HARMONIZED
pn_sierra_nevada_senderismo_ragua_aldeire_015,Ragua - Aldeire,senderismo,2025,2,2025-02-01,0.5051744278206214,0.20981278877095988,0.26867853546286596,0.2931251427704255,0.7224290278446593,0.23536081152746946,GEE:S2_SR_HARMONIZED
pn_sierra_nevada_senderismo_transnevada_invierno_016,TRANSNEVADA INVIERNO,senderismo,2025,2,2025-02-01,0.45765783316163644,0.12919996287769503,0.2179243681035616,0.29294745627885493,0.6289668842543651,0.21058943523845072,GEE:S2_SR_HARMONIZED
pn_sierra_nevada_senderismo_transnevada_verano_017,TRANSNEVADA VERANO,senderismo,2025,2,2025-02-01,0.45904599865410084,0.1415165826511975,0.2216974159978323,0.2851894826503411,0.6289876382759753,0.21203451557331873,GEE:S2_SR_HARMONIZED
pn_sierra_nevada_senderismo_transnevada_ra_guejar_sierra_pena_partida_018,Transnevada RA - Güejar Sierra - Peña Partida,senderismo,2025,2,2025-02-01,0.31863274141773806,0.012504392694638244,0.1759847024567317,0.23249467670394036,0.38477421168875026,0.1297468535858907,GEE:S2_SR_HARMONIZED
pn_sierra_nevada_senderismo_transnevada_rb_lanteira_postero_alto_lanteira_019,Transnevada RB - Lanteira - Postero Alto - Lanteira,senderismo,2025,2,2025-02-01,0.5148718305105575,0.21417041596958264,0.24285832450260542,0.36516986085029884,0.6816771826779721,0.19934537620399626,GEE:S2_SR_HARMONIZED
pn_sierra_nevada_senderismo_transnevada_re_bayarcal_laguna_seca_020,Transnevada RE - Bayarcal - Laguna Seca,senderismo,2025,2,2025-02-01,0.5322560050834058,0.22213437057791266,0.23231837491683116,0.32395637119366116,0.738088810917414,0.2330147081675745,GEE:S2_SR_HARMONIZED
pn_sierra_nevada_senderismo_la_cebadilla_021,La Cebadilla,senderismo,2025,2,2025-02-01,0.458722903492768,0.04377891883724873,0.23596712115071716,0.3730774395464475,0.5291480071495107,0.1437033522047398,GEE:S2_SR_HARMONIZED
pn_sierra_nevada_senderismo_la_silleta_022,La Silleta,senderismo,2025,2,2025-02-01,0.5007984973619594,0.07092383752978595,0.21538138018374103,0.3398957178759659,0.6834376596348174,0.20973490060457017,GEE:S2_SR_HARMONIZED
pn_sierra_nevada_senderismo_lanjaron_tello_023,Lanjaron - Tello,senderismo,2025,2,2025-02-01,0.5273175508551683,0.07227978522718871,0.2858278566972453,0.4668424607243296,0.5915885749867028,0.09657931890271738,GEE:S2_SR_HARMONIZED
pn_sierra_nevada_senderismo_molinos_de_isfalada_024,Molinos de Isfalada,senderismo,2025,2,2025-02-01,0.397149375292559,0.08859152393020614,0.17730955721483582,0.27689572922680356,0.4964150423192101,0.16578564671863089,GEE:S2_SR_HARMONIZED
pn_sierra_nevada_senderismo_monterrey_025,Monterrey,senderismo,2025,2,2025-02-01,0.5453985394524953,0.15516767434700204,0.24040809249056502,0.38842247285427056,0.716858788725136,0.1937278790889399,GEE:S2_SR_HARMONIZED
pn_sierra_nevada_senderismo_puente_palo_026,Puente Palo,senderismo,2025,2,2025-02-01,0.655407314702385,0.23311195565222603,0.2921596371765489,0.5604063526641122,0.7677778802456706,0.1408516688570264,GEE:S2_SR_HARMONIZED
pn_sierra_nevada_senderismo_ragua_hoyos_de_pura_027,Ragua - Hoyos de Pura,senderismo,2025,2,2025-02-01,0.5937665283049418,0.3349511884436543,0.30619973353837426,0.5458860993385315,0.7519554509585645,0.22570765039958676,GEE:S2_SR_HARMONIZED
pn_sierra_nevada_senderismo_ragua_lagunilla_seca_028,Ragua - Lagunilla Seca,senderismo,2025,2,2025-02-01,0.39897997494098414,0.23760554116445554,0.24215925391648657,0.24415440183629628,0.5957690330293117,0.20901570350412996,GEE:S2_SR_HARMONIZED
pn_sierra_nevada_senderismo_rio_alhama_029,Río Alhama,senderismo,2025,2,2025-02-01,0.44474274106050793,0.06251395504724189,0.2062843865593308,0.290899702366252,0.568262820826768,0.20608808496606615,GEE:S2_SR_HARMONIZED
pn_sierra_nevada_senderismo_rio_bermejo_030,Río Bermejo,senderismo,2025,2,2025-02-01,0.47754503898174566,0.09706752265491764,0.21730824132555515,0.3808639079421114,0.5877595822890892,0.1584312796848981,GEE:S2_SR_HARMONIZED
pn_sierra_nevada_senderismo_rio_grande_de_los_berchules_031,Río Grande de los Berchules,senderismo,2025,2,2025-02-01,0.4759523479286849,0.10444667305352393,0.22093420820255485,0.30656116414178236,0.61559532708568,0.21478405649239818,GEE:S2_SR_HARMONIZED
pn_sierra_nevada_senderismo_trevelez_siete_lagunas_032,Trevélez - Siete Lagunas,senderismo,2025,2,2025-02-01,0.3554816265626448,0.07152623318587319,0.19013572047901606,0.24021866489857502,0.45113274598916536,0.16074159031794602,GEE:S2_SR_HARMONIZED
pn_sierra_nevada_senderismo_ubeire_033,Ubeire,senderismo,2025,2,2025-02-01,0.6237420889862352,0.17519921127549498,0.2625772703802019,0.5177659149117794,0.7204069636192793,0.1375478026961242,GEE:S2_SR_HARMONIZED
pn_sierra_nevada_senderismo_sulayr_034,SULAYR,senderismo,2025,2,2025-02-01,0.4637550888205417,0.16073128639571335,0.23124300429838066,0.2929762127585249,0.6524399245984801,0.21593845379220014,GEE:S2_SR_HARMONIZED
pn_sierra_nevada_senderismo_carril_cicloturista_la_zubia_cumbres_verdes_035,CARRIL CICLOTURISTA LA ZUBIA-CUMBRES VERDES,senderismo,2025,2,2025-02-01,0.5932002638419159,0.0959469770077982,0.23911863756885382,0.5297006309540022,0.6893701741717628,0.14774027080104304,GEE:S2_SR_HARMONIZED
pn_sierra_nevada_senderismo_dehesa_del_camarate_036,Dehesa del Camarate,senderismo,2025,2,2025-02-01,0.40692635274412803,0.021178339835299983,0.1868579218954895,0.32226536477166723,0.47473569679256944,0.13260125603222594,GEE:S2_SR_HARMONIZED
pn_sierra_nevada_senderismo_pueblos_del_poqueira_037,PUEBLOS DEL POQUEIRA,senderismo,2025,2,2025-02-01,0.4864582460719891,0.05889475319106991,0.2531047350218367,0.4315908384160648,0.5838486078997314,0.15858427951175916,GEE:S2_SR_HARMONIZED
pn_sierra_nevada_senderismo_ragua_barranco_del_hornillo_038,Ragua - Barranco del Hornillo,senderismo,2025,2,2025-02-01,0.5940696229302226,0.4074194089813427,0.2937077323614549,0.46015988290309906,0.7787619183115051,0.19678534521378924,GEE:S2_SR_HARMONIZED
pn_sierra_nevada_ciclismo_transnevada_rf_valor_fuente_de_las_primeras_agua_039,Transnevada RF - Valor - Fuente de las Primeras Aguas,ciclismo,2025,2,2025-02-01,0.4416801392528796,0.12207405355146053,0.1934601073097086,0.26968191041527045,0.620756696762276,0.20221549337384911,GEE:S2_SR_HARMONIZED
pn_sierra_nevada_ciclismo_transnevada_rg_yegen_mecina_bombaron_yegen_040,Transnevada RG - Yegen - Mecina Bombaron - Yegen,ciclismo,2025,2,2025-02-01,0.3757117937102849,0.08551104977758463,0.17650758384921006,0.2146987713208007,0.5038473438447916,0.20508013962187543,GEE:S2_SR_HARMONIZED
pn_sierra_nevada_ciclismo_transnevada_rh_capileira_refugio_poqueira_041,Transnevada RH - Capileira - Refugio Poqueira,ciclismo,2025,2,2025-02-01,0.3675499833514288,0.17284040860037506,0.17918135841058475,0.1758409188110071,0.5822390586170452,0.24519650354566505,GEE:S2_SR_HARMONIZED
pn_sierra_nevada_ciclismo_transnevada_rj_portugos_barranco_bermejo_portugo_042,Transnevada RJ - Portugos - Barranco Bermejo - Portugos,ciclismo,2025,2,2025-02-01,0.45982280880679705,0.1206963583660519,0.20262646028345763,0.3143111975866388,0.6074334891282838,0.19185829917605204,GEE:S2_SR_HARMONIZED
pn_sierra_nevada_ciclismo_transnevada_rk_padre_eterno_ar_puente_palo_padre_043,Transnevada RK - Padre Eterno - AR Puente Palo - Padre Eterno,ciclismo,2025,2,2025-02-01,0.38265815732047626,0.036137465008246716,0.1931125992711402,0.26749558973187854,0.4664838546114837,0.1640935064472882,GEE:S2_SR_HARMONIZED
pn_sierra_nevada_ciclismo_transnevada_rc_abrucena_la_polarda_044,Transnevada RC - Abrucena - La Polarda,ciclismo,2025,2,2025-02-01,0.4783057364589427,0.1826527755671908,0.23006245385190988,0.29108963263206034,0.6542782315061464,0.21203679194406158,GEE:S2_SR_HARMONIZED
pn_sierra_nevada_ciclismo_transnevada_rd_laujar_andarax_loma_raspa_laujar__045,Transnevada RD - Laujar Andarax - Loma Raspa - Laujar Andarax,ciclismo,2025,2,2025-02-01,0.4339730496837029,0.1304770845831221,0.19801063251204754,0.25969777190077586,0.6191151698449098,0.2158014236806338,GEE:S2_SR_HARMONIZED
pn_sierra_nevada_ciclismo_transnevada_ri_niguelas_la_rinconada_niguelas_046,Transnevada RI - Niguelas - La Rinconada - Niguelas,ciclismo,2025,2,2025-02-01,0.3673974215481532,0.06689354801568274,0.1898461076838751,0.2380822438153392,0.46488093196949887,0.17811250157384403,GEE:S2_SR_HARMONIZED
pn_sierra_nevada_ciclismo_transnevada_invierno_047,TRANSNEVADA INVIERNO,ciclismo,2025,2,2025-02-01,0.45765783316163644,0.12919996287769503,0.2179243681035616,0.29294745627885493,0.6289668842543651,0.21058943523845072,GEE:S2_SR_HARMONIZED
pn_sierra_nevada_ciclismo_transnevada_verano_048,TRANSNEVADA VERANO,ciclismo,2025,2,2025-02-01,0.45904599865410084,0.1415165826511975,0.2216974159978323,0.2851894826503411,0.6289876382759753,0.21203451557331873,GEE:S2_SR_HARMONIZED
pn_sierra_nevada_ciclismo_transnevada_ra_guejar_sierra_pena_partida_049,Transnevada RA - Güejar Sierra - Peña Partida,ciclismo,2025,2,2025-02-01,0.31863274141773806,0.012504392694638244,0.1759847024567317,0.23249467670394036,0.38477421168875026,0.1297468535858907,GEE:S2_SR_HARMONIZED
pn_sierra_nevada_ciclismo_transnevada_rb_lanteira_postero_alto_lanteira_050,Transnevada RB - Lanteira - Postero Alto - Lanteira,ciclismo,2025,2,2025-02-01,0.5148718305105575,0.21417041596958264,0.24285832450260542,0.36516986085029884,0.6816771826779721,0.19934537620399626,GEE:S2_SR_HARMONIZED
pn_sierra_nevada_ciclismo_transnevada_re_bayarcal_laguna_seca_051,Transnevada RE - Bayarcal - Laguna Seca,ciclismo,2025,2,2025-02-01,0.5322560050834058,0.22213437057791266,0.23231837491683116,0.32395637119366116,0.738088810917414,0.2330147081675745,GEE:S2_SR_HARMONIZED
pn_sierra_nevada_ciclismo_carril_cicloturista_la_zubia_cumbres_verdes_052,CARRIL CICLOTURISTA LA ZUBIA-CUMBRES VERDES,ciclismo,2025,2,2025-02-01,0.5932002638419159,0.0959469770077982,0.23911863756885382,0.5297006309540022,0.6893701741717628,0.14774027080104304,GEE:S2_SR_HARMONIZED
pn_sierra_nevada_senderismo_transnevada_rf_valor_fuente_de_las_primeras_agua_000,Transnevada RF - Valor - Fuente de las Primeras Aguas,senderismo,2025,3,2025-03-01,0.3984169534724775,0.07988132331949406,0.19613566633235852,0.25382951413337523,0.5351289329614348,0.18030912826590217,GEE:S2_SR_HARMONIZED
pn_sierra_nevada_senderismo_transnevada_rg_yegen_mecina_bombaron_yegen_001,Transnevada RG - Yegen - Mecina Bombaron - Yegen,senderismo,2025,3,2025-03-01,0.34587420944405883,0.060389552189986116,0.181041876207341,0.20701816549611923,0.4569909284796543,0.18079580760396657,GEE:S2_SR_HARMONIZED
pn_sierra_nevada_senderismo_transnevada_rh_capileira_refugio_poqueira_002,Transnevada RH - Capileira - Refugio Poqueira,senderismo,2025,3,2025-03-01,0.43724670322452086,0.20310625990125164,0.2317102798818303,0.24617876746565392,0.637369741677144,0.2185234142302561,GEE:S2_SR_HARMONIZED
pn_sierra_nevada_senderismo_transnevada_rj_portugos_barranco_bermejo_portugo_003,Transnevada RJ - Portugos - Barranco Bermejo - Portugos,senderismo,2025,3,2025-03-01,0.4051247616631397,0.09597551196340326,0.2086944291550778,0.2636078730168517,0.5451861161010112,0.18115159884924398,GEE:S2_SR_HARMONIZED
pn_sierra_nevada_senderismo_transnevada_rk_padre_eterno_ar_puente_palo_padre_004,Transnevada RK - Padre Eterno - AR Puente Palo - Padre Eterno,senderismo,2025,3,2025-03-01,0.35578473942188626,0.02529582152957649,0.20535717579741497,0.2518772628282141,0.4396119217692838,0.14373880727675079,GEE:S2_SR_HARMONIZED
pn_sierra_nevada_senderismo_transnevada_rc_abrucena_la_polarda_005,Transnevada RC - Abrucena - La Polarda,senderismo,2025,3,2025-03-01,0.4387945189788343,0.13485945147835587,0.22679910998807032,0.2909091838634285,0.5956998269158023,0.17832711719002856,GEE:S2_SR_HARMONIZED
pn_sierra_nevada_senderismo_transnevada_rd_laujar_andarax_loma_raspa_laujar__006,Transnevada RD - Laujar Andarax - Loma Raspa - Laujar Andarax,senderismo,2025,3,2025-03-01,0.39072265802096084,0.10305141630594332,0.20378104154714927,0.24402936753978177,0.5408934024805223,0.18558791312849682,GEE:S2_SR_HARMONIZED
pn_sierra_nevada_senderismo_transnevada_ri_niguelas_la_rinconada_niguelas_007,Transnevada RI - Niguelas - La Rinconada - Niguelas,senderismo,2025,3,2025-03-01,0.34858152925289665,0.0366546805107433,0.1993571367836098,0.2323061445908087,0.44339280646146256,0.15686082754895883,GEE:S2_SR_HARMONIZED
pn_sierra_nevada_senderismo_acequias_del_poqueira_008,Acequias del Poqueira,senderismo,2025,3,2025-03-01,0.45576508104206687,0.06652455061015027,0.2506540215426388,0.334204916325642,0.5681959461145474,0.17028777252246377,GEE:S2_SR_HARMONIZED
pn_sierra_nevada_senderismo_canal_de_la_espartera_arenales_del_trevenque_009,Canal de la Espartera - Arenales del Trevenque,senderismo,2025,3,2025-03-01,0.42563292446921486,0.0813436392759695,0.22358493186892395,0.24801475703309603,0.6073636771234033,0.21839348779403064,GEE:S2_SR_HARMONIZED
pn_sierra_nevada_senderismo_cerro_huenes_010,Cerro Huenes,senderismo,2025,3,2025-03-01,0.5811248413797686,0.19757143550721915,0.29941495572266075,0.42762931144343114,0.7520380416105916,0.1913760530347926,GEE:S2_SR_HARMONIZED
pn_sierra_nevada_senderismo_el_aguadero_011,El Aguadero,senderismo,2025,3,2025-03-01,0.4543045989942546,0.11773401526623117,0.24142984447546423,0.3222889837175117,0.599611063669201,0.16568958397874106,GEE:S2_SR_HARMONIZED
pn_sierra_nevada_senderismo_haza_larguilla_012,Haza Larguilla,senderismo,2025,3,2025-03-01,0.3084388523414553,-0.07372310142802728,0.16191806018319088,0.23755501806735993,0.3809082556890813,0.09613429786025145,GEE:S2_SR_HARMONIZED
pn_sierra_nevada_senderismo_hoya_del_portillo_refugio_poqueira_013,Hoya del Portillo - Refugio Poqueira,senderismo,2025,3,2025-03-01,0.6869620417055465,0.5527238219063112,0.28545040898596674,0.5891144275665283,0.8262157505529663,0.1938825665902183,GEE:S2_SR_HARMONIZED
pn_sierra_nevada_senderismo_jerez_del_marquesado_postero_alto_014,Jerez del Marquesado - Postero Alto,senderismo,2025,3,2025-03-01,0.4356650798172377,0.1713774107692591,0.22135346979297704,0.2872165561086103,0.5958078295970176,0.19064345077391798,GEE:S2_SR_HARMONIZED
pn_sierra_nevada_senderismo_ragua_aldeire_015,Ragua - Aldeire,senderismo,2025,3,2025-03-01,0.5207728846105832,0.19604423501237556,0.27172159663370377,0.3393306545617482,0.6992087838080243,0.23758976626851677,GEE:S2_SR_HARMONIZED
pn_sierra_nevada_senderismo_transnevada_invierno_016,TRANSNEVADA INVIERNO,senderismo,2025,3,2025-03-01,0.4094830869691846,0.09574771561926583,0.21819568608772702,0.2695521771750876,0.5430100704629114,0.1813771922153695,GEE:S2_SR_HARMONIZED
pn_sierra_nevada_senderismo_transnevada_verano_017,TRANSNEVADA VERANO,senderismo,2025,3,2025-03-01,0.41278050649272346,0.09854586214229756,0.22215853920218073,0.2695624494830188,0.5507174493669769,0.1828093238403751,GEE:S2_SR_HARMONIZED
pn_sierra_nevada_senderismo_transnevada_ra_guejar_sierra_pena_partida_018,Transnevada RA - Güejar Sierra - Peña Partida,senderismo,2025,3,2025-03-01,0.32705024187408255,-0.012466920981841637,0.20241544184839097,0.2385637948636507,0.4020500573210989,0.1405674801334958,GEE:S2_SR_HARMONIZED
pn_sierra_nevada_senderismo_transnevada_rb_lanteira_postero_alto_lanteira_019,Transnevada RB - Lanteira - Postero Alto - Lanteira,senderismo,2025,3,2025-03-01,0.43186406211723277,0.15972380095932398,0.22652311298710961,0.2987966378100995,0.5762819057750996,0.17728440714358565,GEE:S2_SR_HARMONIZED
pn_sierra_nevada_senderismo_transnevada_re_bayarcal_laguna_seca_020,Transnevada RE - Bayarcal - Laguna Seca,senderismo,2025,3,2025-03-01,0.481816814001107,0.19993667063249274,0.23764229005184123,0.3321331310975268,0.6367642419757136,0.19232865026393958,GEE:S2_SR_HARMONIZED
pn_sierra_nevada_senderismo_la_cebadilla_021,La Cebadilla,senderismo,2025,3,2025-03-01,0.42568956982267686,0.04918709842795146,0.2710476855718863,0.35371215324141814,0.4982765658180219,0.12547924751615314,GEE:S2_SR_HARMONIZED
pn_sierra_nevada_senderismo_la_silleta_022,La Silleta,senderismo,2025,3,2025-03-01,0.4477689270177549,0.04345976208167535,0.2295389704334413,0.3244379968395315,0.5899903141161746,0.17091976095555925,GEE:S2_SR_HARMONIZED
pn_sierra_nevada_senderismo_lanjaron_tello_023,Lanjaron - Tello,senderismo,2025,3,2025-03-01,0.5415065696862051,0.0883620009935115,0.3330225236299382,0.4903355374167723,0.6074074500606204,0.09054036550458737,GEE:S2_SR_HARMONIZED
pn_sierra_nevada_senderismo_molinos_de_isfalada_024,Molinos de Isfalada,senderismo,2025,3,2025-03-01,0.4192500818289617,0.12085321942826455,0.2241734269023246,0.3145848638289878,0.5215482587570246,0.14415241997701142,GEE:S2_SR_HARMONIZED
pn_sierra_nevada_senderismo_monterrey_025,Monterrey,senderismo,2025,3,2025-03-01,0.48434118763636935,0.11165134511807491,0.24786172725637032,0.3694010633649553,0.6189919666260416,0.153821346736036,GEE:S2_SR_HARMONIZED
pn_sierra_nevada_senderismo_puente_palo_026,Puente Palo,senderismo,2025,3,2025-03-01,0.5924570670002041,0.1971000581631488,0.32729223623119563,0.5057204692349111,0.68570810850833,0.12342707069606682,GEE:S2_SR_HARMONIZED
pn_sierra_nevada_senderismo_ragua_hoyos_de_pura_027,Ragua - Hoyos de Pura,senderismo,2025,3,2025-03-01,0.6248824250520079,0.4105569863995864,0.3436110692862453,0.6234224160485017,0.706180362802648,0.15683519706022161,GEE:S2_SR_HARMONIZED
pn_sierra_nevada_senderismo_ragua_lagunilla_seca_028,Ragua - Lagunilla Seca,senderismo,2025,3,2025-03-01,0.31893847616926513,0.6640366624353241,0.0055964444867620455,-0.08855171890194768,0.6345852917306761,0.3340258710378374,GEE:S2_SR_HARMONIZED
pn_sierra_nevada_senderismo_rio_alhama_029,Río Alhama,senderismo,2025,3,2025-03-01,0.41753225349079415,0.07666940840155514,0.22481630846009582,0.30276412428369925,0.5176402640988355,0.166532076892989,GEE:S2_SR_HARMONIZED
pn_sierra_nevada_senderismo_rio_bermejo_030,Río Bermejo,senderismo,2025,3,2025-03-01,0.44045664354930547,0.08365901671536603,0.23460563234202572,0.33793099294846574,0.5529264323796208,0.15402318649140767,GEE:S2_SR_HARMONIZED
pn_sierra_nevada_senderismo_rio_grande_de_los_berchules_031,Río Grande de los Berchules,senderismo,2025,3,2025-03-01,0.46644809743630766,0.11750721130739702,0.2678402809654739,0.32244761536223887,0.6072741601636584,0.1796368541937787,GEE:S2_SR_HARMONIZED
pn_sierra_nevada_senderismo_trevelez_siete_lagunas_032,Trevélez - Siete Lagunas,senderismo,2025,3,2025-03-01,0.36501502654282236,0.052761459639866407,0.21510461192811034,0.29108997511963514,0.45103976904252807,0.12883051952606245,GEE:S2_SR_HARMONIZED
pn_sierra_nevada_senderismo_ubeire_033,Ubeire,senderismo,2025,3,2025-03-01,0.5354067524122714,0.1413848467759759,0.2511650325333973,0.45898359854185355,0.6071800096931551,0.10895774300828318,GEE:S2_SR_HARMONIZED
pn_sierra_nevada_senderismo_sulayr_034,SULAYR,senderismo,2025,3,2025-03-01,0.44293340620043786,0.11595522277161695,0.2322342116967237,0.30079450773699,0.5899087970060088,0.19344450002876407,GEE:S2_SR_HARMONIZED
pn_sierra_nevada_senderismo_carril_cicloturista_la_zubia_cumbres_verdes_035,CARRIL CICLOTURISTA LA ZUBIA-CUMBRES VERDES,senderismo,2025,3,2025-03-01,0.540851459375722,0.04087395427125562,0.23094304675220148,0.4748110260063867,0.6348097503531905,0.1383769030108448,GEE:S2_SR_HARMONIZED
pn_sierra_nevada_senderismo_dehesa_del_camarate_036,Dehesa del Camarate,senderismo,2025,3,2025-03-01,0.3774547818421013,0.03712034221339412,0.2122139532304252,0.2950688927831646,0.4353653506268209,0.11803693615271235,GEE:S2_SR_HARMONIZED
pn_sierra_nevada_senderismo_pueblos_del_poqueira_037,PUEBLOS DEL POQUEIRA,senderismo,2025,3,2025-03-01,0.4949653577550356,0.09279200955991133,0.30785887506712406,0.4394356929625893,0.5954742439998947,0.1674924226447339,GEE:S2_SR_HARMONIZED
pn_sierra_nevada_senderismo_ragua_barranco_del_hornillo_038,Ragua - Barranco del Hornillo,senderismo,2025,3,2025-03-01,0.6713567274596878,0.4691717165732827,0.3117562538363324,0.6926180124282837,0.7559322118759155,0.1581333923338074,GEE:S2_SR_HARMONIZED
pn_sierra_nevada_ciclismo_transnevada_rf_valor_fuente_de_las_primeras_agua_039,Transnevada RF - Valor - Fuente de las Primeras Aguas,ciclismo,2025,3,2025-03-01,0.3984169534724775,0.07988132331949406,0.19613566633235852,0.25382951413337523,0.5351289329614348,0.18030912826590217,GEE:S2_SR_HARMONIZED
pn_sierra_nevada_ciclismo_transnevada_rg_yegen_mecina_bombaron_yegen_040,Transnevada RG - Yegen - Mecina Bombaron - Yegen,ciclismo,2025,3,2025-03-01,0.34587420944405883,0.060389552189986116,0.181041876207341,0.20701816549611923,0.4569909284796543,0.18079580760396657,GEE:S2_SR_HARMONIZED
pn_sierra_nevada_ciclismo_transnevada_rh_capileira_refugio_poqueira_041,Transnevada RH - Capileira - Refugio Poqueira,ciclismo,2025,3,2025-03-01,0.43724670322452086,0.20310625990125164,0.2317102798818303,0.24617876746565392,0.637369741677144,0.2185234142302561,GEE:S2_SR_HARMONIZED
pn_sierra_nevada_ciclismo_transnevada_rj_portugos_barranco_bermejo_portugo_042,Transnevada RJ - Portugos - Barranco Bermejo - Portugos,ciclismo,2025,3,2025-03-01,0.4051247616631397,0.09597551196340326,0.2086944291550778,0.2636078730168517,0.5451861161010112,0.18115159884924398,GEE:S2_SR_HARMONIZED
pn_sierra_nevada_ciclismo_transnevada_rk_padre_eterno_ar_puente_palo_padre_043,Transnevada RK - Padre Eterno - AR Puente Palo - Padre Eterno,ciclismo,2025,3,2025-03-01,0.35578473942188626,0.02529582152957649,0.20535717579741497,0.2518772628282141,0.4396119217692838,0.14373880727675079,GEE:S2_SR_HARMONIZED
pn_sierra_nevada_ciclismo_transnevada_rc_abrucena_la_polarda_044,Transnevada RC - Abrucena - La Polarda,ciclismo,2025,3,2025-03-01,0.4387945189788343,0.13485945147835587,0.22679910998807032,0.2909091838634285,0.5956998269158023,0.17832711719002856,GEE:S2_SR_HARMONIZED
pn_sierra_nevada_ciclismo_transnevada_rd_laujar_andarax_loma_raspa_laujar__045,Transnevada RD - Laujar Andarax - Loma Raspa - Laujar Andarax,ciclismo,2025,3,2025-03-01,0.39072265802096084,0.10305141630594332,0.20378104154714927,0.24402936753978177,0.5408934024805223,0.18558791312849682,GEE:S2_SR_HARMONIZED
pn_sierra_nevada_ciclismo_transnevada_ri_niguelas_la_rinconada_niguelas_046,Transnevada RI - Niguelas - La Rinconada - Niguelas,ciclismo,2025,3,2025-03-01,0.34858152925289665,0.0366546805107433,0.1993571367836098,0.2323061445908087,0.44339280646146256,0.15686082754895883,GEE:S2_SR_HARMONIZED
pn_sierra_nevada_ciclismo_transnevada_invierno_047,TRANSNEVADA INVIERNO,ciclismo,2025,3,2025-03-01,0.4094830869691846,0.09574771561926583,0.21819568608772702,0.2695521771750876,0.5430100704629114,0.1813771922153695,GEE:S2_SR_HARMONIZED
pn_sierra_nevada_ciclismo_transnevada_verano_048,TRANSNEVADA VERANO,ciclismo,2025,3,2025-03-01,0.41278050649272346,0.09854586214229756,0.22215853920218073,0.2695624494830188,0.5507174493669769,0.1828093238403751,GEE:S2_SR_HARMONIZED
pn_sierra_nevada_ciclismo_transnevada_ra_guejar_sierra_pena_partida_049,Transnevada RA - Güejar Sierra - Peña Partida,ciclismo,2025,3,2025-03-01,0.32705024187408255,-0.012466920981841637,0.20241544184839097,0.2385637948636507,0.4020500573210989,0.1405674801334958,GEE:S2_SR_HARMONIZED
pn_sierra_nevada_ciclismo_transnevada_rb_lanteira_postero_alto_lanteira_050,Transnevada RB - Lanteira - Postero Alto - Lanteira,ciclismo,2025,3,2025-03-01,0.43186406211723277,0.15972380095932398,0.22652311298710961,0.2987966378100995,0.5762819057750996,0.17728440714358565,GEE:S2_SR_HARMONIZED
pn_sierra_nevada_ciclismo_transnevada_re_bayarcal_laguna_seca_051,Transnevada RE - Bayarcal - Laguna Seca,ciclismo,2025,3,2025-03-01,0.481816814001107,0.19993667063249274,0.23764229005184123,0.3321331310975268,0.6367642419757136,0.19232865026393958,GEE:S2_SR_HARMONIZED
pn_sierra_nevada_ciclismo_carril_cicloturista_la_zubia_cumbres_verdes_052,CARRIL CICLOTURISTA LA ZUBIA-CUMBRES VERDES,ciclismo,2025,3,2025-03-01,0.540851459375722,0.04087395427125562,0.23094304675220148,0.4748110260063867,0.6348097503531905,0.1383769030108448,GEE:S2_SR_HARMONIZED
pn_sierra_nevada_senderismo_transnevada_rf_valor_fuente_de_las_primeras_agua_000,Transnevada RF - Valor - Fuente de las Primeras Aguas,senderismo,2025,4,2025-04-01,0.4105191803076316,0.09687187726312552,0.22086762812951596,0.2949160497399686,0.5331623523343132,0.1527460074657014,GEE:S2_SR_HARMONIZED
pn_sierra_nevada_senderismo_transnevada_rg_yegen_mecina_bombaron_yegen_001,Transnevada RG - Yegen - Mecina Bombaron - Yegen,senderismo,2025,4,2025-04-01,0.3450981939130571,0.07901787526645825,0.19898092570224896,0.22854446368246142,0.45108854280633304,0.1591631170199904,GEE:S2_SR_HARMONIZED
pn_sierra_nevada_senderismo_transnevada_rh_capileira_refugio_poqueira_002,Transnevada RH - Capileira - Refugio Poqueira,senderismo,2025,4,2025-04-01,0.3499328980200911,0.14681114177730153,0.20222301882668373,0.19331773525588047,0.5214358194592321,0.19100945902335076,GEE:S2_SR_HARMONIZED
pn_sierra_nevada_senderismo_transnevada_rj_portugos_barranco_bermejo_portugo_003,Transnevada RJ - Portugos - Barranco Bermejo - Portugos,senderismo,2025,4,2025-04-01,0.4004326847100187,0.1107879085484907,0.22683048782284612,0.2756073804317132,0.521389527301405,0.1667867619827343,GEE:S2_SR_HARMONIZED
pn_sierra_nevada_senderismo_transnevada_rk_padre_eterno_ar_puente_palo_padre_004,Transnevada RK - Padre Eterno - AR Puente Palo - Padre Eterno,senderismo,2025,4,2025-04-01,0.3751078689450286,0.0403103795367086,0.23499740043795944,0.275321951185572,0.46283868786108423,0.13543921485797764,GEE:S2_SR_HARMONIZED
pn_sierra_nevada_senderismo_transnevada_rc_abrucena_la_polarda_005,Transnevada RC - Abrucena - La Polarda,senderismo,2025,4,2025-04-01,0.41781088038851066,0.12652502463589543,0.2399579151518872,0.30284768028535325,0.5410228432866795,0.15076385027580913,GEE:S2_SR_HARMONIZED
pn_sierra_nevada_senderismo_transnevada_rd_laujar_andarax_loma_raspa_laujar__006,Transnevada RD - Laujar Andarax - Loma Raspa - Laujar Andarax,senderismo,2025,4,2025-04-01,0.39010180932124866,0.09877245439606826,0.2260222329617559,0.2441382551000014,0.5411048983517233,0.17900693835517192,GEE:S2_SR_HARMONIZED
pn_sierra_nevada_senderismo_transnevada_ri_niguelas_la_rinconada_niguelas_007,Transnevada RI - Niguelas - La Rinconada - Niguelas,senderismo,2025,4,2025-04-01,0.32717755631394874,0.056092574184866406,0.21373506587690938,0.22841795466669354,0.4122465443388197,0.1370363283598274,GEE:S2_SR_HARMONIZED
pn_sierra_nevada_senderismo_acequias_del_poqueira_008,Acequias del Poqueira,senderismo,2025,4,2025-04-01,0.37466332440958877,0.07073857630010752,0.2528703589350368,0.27143943796256775,0.4628337372958002,0.1303525262505488,GEE:S2_SR_HARMONIZED
pn_sierra_nevada_senderismo_canal_de_la_espartera_arenales_del_trevenque_009,Canal de la Espartera - Arenales del Trevenque,senderismo,2025,4,2025-04-01,0.3971225409194826,0.06912296250656093,0.23025320491438633,0.23620286555876513,0.560655866941655,0.20337766874341046,GEE:S2_SR_HARMONIZED
pn_sierra_nevada_senderismo_cerro_huenes_010,Cerro Huenes,senderismo,2025,4,2025-04-01,0.5270530638330451,0.16015860437070187,0.30175446337907513,0.3846439421049042,0.6814467512403409,0.17630411134179133,GEE:S2_SR_HARMONIZED
pn_sierra_nevada_senderismo_el_aguadero_011,El Aguadero,senderismo,2025,4,2025-04-01,0.4430671858534478,0.10742065705255503,0.2531969436488375,0.3260576226227134,0.5687921291234473,0.14892677695600195,GEE:S2_SR_HARMONIZED
pn_sierra_nevada_senderismo_haza_larguilla_012,Haza Larguilla,senderismo,2025,4,2025-04-01,0.3111938716113554,-0.06423549826959378,0.17689292222862296,0.2240932040793054,0.388597666149507,0.09764394022752217,GEE:S2_SR_HARMONIZED
pn_sierra_nevada_senderismo_hoya_del_portillo_refugio_poqueira_013,Hoya del Portillo - Refugio Poqueira,senderismo,2025,4,2025-04-01,0.2851661560360021,0.16336450144479767,0.16504536324276825,0.17019898249099638,0.3730242333549255,0.19158308173114488,GEE:S2_SR_HARMONIZED
pn_sierra_nevada_senderismo_jerez_del_marquesado_postero_alto_014,Jerez del Marquesado - Postero Alto,senderismo,2025,4,2025-04-01,0.4268899550114084,0.15713751071678939,0.2297252670273313,0.27938475268074875,0.5761569337463942,0.18371272885647622,GEE:S2_SR_HARMONIZED
pn_sierra_nevada_senderismo_ragua_aldeire_015,Ragua - Aldeire,senderismo,2025,4,2025-04-01,0.5087444499682678,0.1696074634215565,0.28350864756776906,0.35716796397993505,0.6853109551031177,0.19828520313711848,GEE:S2_SR_HARMONIZED
pn_sierra_nevada_senderismo_transnevada_invierno_016,TRANSNEVADA INVIERNO,senderismo,2025,4,2025-04-01,0.3933160327160893,0.0933432382967976,0.23131051743573305,0.2694828154529063,0.5117440129159109,0.1634351328878596,GEE:S2_SR_HARMONIZED
pn_sierra_nevada_senderismo_transnevada_verano_017,TRANSNEVADA VERANO,senderismo,2025,4,2025-04-01,0.39698631805749773,0.10142815674568702,0.2347156068707938,0.26948665143204176,0.5194832382555112,0.16608475206455794,GEE:S2_SR_HARMONIZED
pn_sierra_nevada_senderismo_transnevada_ra_guejar_sierra_pena_partida_018,Transnevada RA - Güejar Sierra - Peña Partida,senderismo,2025,4,2025-04-01,0.31291180926176626,0.045588967605386194,0.20016407589087856,0.2244684812990572,0.39265088908820805,0.1509757111509788,GEE:S2_SR_HARMONIZED
pn_sierra_nevada_senderismo_transnevada_rb_lanteira_postero_alto_lanteira_019,Transnevada RB - Lanteira - Postero Alto - Lanteira,senderismo,2025,4,2025-04-01,0.41154541022814445,0.13747785176655836,0.2287087076600878,0.279329556474572,0.5448184138063268,0.17330972369530268,GEE:S2_SR_HARMONIZED
pn_sierra_nevada_senderismo_transnevada_re_bayarcal_laguna_seca_020,Transnevada RE - Bayarcal - Laguna Seca,senderismo,2025,4,2025-04-01,0.4352104969619207,0.15888380841564026,0.2270433246814793,0.29881351920208477,0.5801037758208384,0.17122358926247552,GEE:S2_SR_HARMONIZED
pn_sierra_nevada_senderismo_la_cebadilla_021,La Cebadilla,senderismo,2025,4,2025-04-01,0.4382472786757135,0.10121963305236524,0.3115705315075764,0.36897835910409155,0.5134343292458918,0.1170979112458634,GEE:S2_SR_HARMONIZED
pn_sierra_nevada_senderismo_la_silleta_022,La Silleta,senderismo,2025,4,2025-04-01,0.42625746845286083,0.03294041654261197,0.23173139089115158,0.31831418343477674,0.5448268410097208,0.14605548478701777,GEE:S2_SR_HARMONIZED
pn_sierra_nevada_senderismo_lanjaron_tello_023,Lanjaron - Tello,senderismo,2025,4,2025-04-01,0.5745539012502673,0.1738392967595234,0.40220072170604865,0.5290481745947833,0.6270746693917053,0.08056606411453873,GEE:S2_SR_HARMONIZED
pn_sierra_nevada_senderismo_molinos_de_isfalada_024,Molinos de Isfalada,senderismo,2025,4,2025-04-01,0.44630860078722695,0.135068716524173,0.25760395650912554,0.33370297956517037,0.5565124302806752,0.15570887523874657,GEE:S2_SR_HARMONIZED
pn_sierra_nevada_senderismo_monterrey_025,Monterrey,senderismo,2025,4,2025-04-01,0.4865020825112909,0.10661688468674405,0.27012690148119206,0.38443991996324434,0.6073159976086385,0.1440865288104564,GEE:S2_SR_HARMONIZED
pn_sierra_nevada_senderismo_puente_palo_026,Puente Palo,senderismo,2025,4,2025-04-01,0.5592803627874383,0.17854195517205024,0.3187459365469482,0.4939709528567201,0.631130102444345,0.10259200625692515,GEE:S2_SR_HARMONIZED
pn_sierra_nevada_senderismo_ragua_hoyos_de_pura_027,Ragua - Hoyos de Pura,senderismo,2025,4,2025-04-01,0.5698853674759319,0.24311714198706558,0.3002738030550694,0.5293255845705668,0.7248670275970341,0.21275359571423325,GEE:S2_SR_HARMONIZED
pn_sierra_nevada_senderismo_ragua_lagunilla_seca_028,Ragua - Lagunilla Seca,senderismo,2025,4,2025-04-01,0.407178161946005,0.1699120031696188,0.22239593403837962,0.2832182202503327,0.5761842325148585,0.19039495941222753,GEE:S2_SR_HARMONIZED
pn_sierra_nevada_senderismo_rio_alhama_029,Río Alhama,senderismo,2025,4,2025-04-01,0.4230628148944351,0.0848276198413576,0.2473965120956473,0.30294266794998165,0.5372448786454997,0.17341341760019907,GEE:S2_SR_HARMONIZED
pn_sierra_nevada_senderismo_rio_bermejo_030,Río Bermejo,senderismo,2025,4,2025-04-01,0.44789801384539896,0.1143345301509841,0.2580468989798078,0.34172650908441776,0.5687110172784332,0.1586139267423563,GEE:S2_SR_HARMONIZED
pn_sierra_nevada_senderismo_rio_grande_de_los_berchules_031,Río Grande de los Berchules,senderismo,2025,4,2025-04-01,0.48515850520091297,0.15965205353251963,0.3107853082534411,0.35351309389291513,0.6189808047281249,0.16356642875961225,GEE:S2_SR_HARMONIZED
pn_sierra_nevada_senderismo_trevelez_siete_lagunas_032,Trevélez - Siete Lagunas,senderismo,2025,4,2025-04-01,0.38901184697545554,0.14780176790821822,0.19435358877931688,0.29553414311110926,0.5252064216580409,0.2037272467139178,GEE:S2_SR_HARMONIZED
pn_sierra_nevada_senderismo_ubeire_033,Ubeire,senderismo,2025,4,2025-04-01,0.509873834968395,0.14337299868500517,0.2695002343237352,0.43556381961446905,0.5764199015466175,0.10200408255229297,GEE:S2_SR_HARMONIZED
pn_sierra_nevada_senderismo_sulayr_034,SULAYR,senderismo,2025,4,2025-04-01,0.4187056752218039,0.10644512165460322,0.24486835294253334,0.2929729420036357,0.5429397131401514,0.16737781183376285,GEE:S2_SR_HARMONIZED
pn_sierra_nevada_senderismo_carril_cicloturista_la_zubia_cumbres_verdes_035,CARRIL CICLOTURISTA LA ZUBIA-CUMBRES VERDES,senderismo,2025,4,2025-04-01,0.4743976223806504,0.023769019271279872,0.23039516215279987,0.4160476354843221,0.5488873353459341,0.11783325266302026,GEE:S2_SR_HARMONIZED
pn_sierra_nevada_senderismo_dehesa_del_camarate_036,Dehesa del Camarate,senderismo,2025,4,2025-04-01,0.4193568268882677,0.0651065326491612,0.24559267966064388,0.34149316131778407,0.4823673215783538,0.1136624341725744,GEE:S2_SR_HARMONIZED
pn_sierra_nevada_senderismo_pueblos_del_poqueira_037,PUEBLOS DEL POQUEIRA,senderismo,2025,4,2025-04-01,0.5199097802329774,0.15656681311008402,0.36551864702864184,0.47072958974904017,0.6269373119030326,0.17006626018743493,GEE:S2_SR_HARMONIZED
pn_sierra_nevada_senderismo_ragua_barranco_del_hornillo_038,Ragua - Barranco del Hornillo,senderismo,2025,4,2025-04-01,0.6346905069173998,0.2246984569006707,0.29952862062453695,0.5179537161252098,0.7553527168455353,0.1552951165622905,GEE:S2_SR_HARMONIZED
pn_sierra_nevada_ciclismo_transnevada_rf_valor_fuente_de_las_primeras_agua_039,Transnevada RF - Valor - Fuente de las Primeras Aguas,ciclismo,2025,4,2025-04-01,0.4105191803076316,0.09687187726312552,0.22086762812951596,0.2949160497399686,0.5331623523343132,0.1527460074657014,GEE:S2_SR_HARMONIZED
pn_sierra_nevada_ciclismo_transnevada_rg_yegen_mecina_bombaron_yegen_040,Transnevada RG - Yegen - Mecina Bombaron - Yegen,ciclismo,2025,4,2025-04-01,0.3450981939130571,0.07901787526645825,0.19898092570224896,0.22854446368246142,0.45108854280633304,0.1591631170199904,GEE:S2_SR_HARMONIZED
pn_sierra_nevada_ciclismo_transnevada_rh_capileira_refugio_poqueira_041,Transnevada RH - Capileira - Refugio Poqueira,ciclismo,2025,4,2025-04-01,0.3499328980200911,0.14681114177730153,0.20222301882668373,0.19331773525588047,0.5214358194592321,0.19100945902335076,GEE:S2_SR_HARMONIZED
pn_sierra_nevada_ciclismo_transnevada_rj_portugos_barranco_bermejo_portugo_042,Transnevada RJ - Portugos - Barranco Bermejo - Portugos,ciclismo,2025,4,2025-04-01,0.4004326847100187,0.1107879085484907,0.22683048782284612,0.2756073804317132,0.521389527301405,0.1667867619827343,GEE:S2_SR_HARMONIZED
pn_sierra_nevada_ciclismo_transnevada_rk_padre_eterno_ar_puente_palo_padre_043,Transnevada RK - Padre Eterno - AR Puente Palo - Padre Eterno,ciclismo,2025,4,2025-04-01,0.3751078689450286,0.0403103795367086,0.23499740043795944,0.275321951185572,0.46283868786108423,0.13543921485797764,GEE:S2_SR_HARMONIZED
pn_sierra_nevada_ciclismo_transnevada_rc_abrucena_la_polarda_044,Transnevada RC - Abrucena - La Polarda,ciclismo,2025,4,2025-04-01,0.41781088038851066,0.12652502463589543,0.2399579151518872,0.30284768028535325,0.5410228432866795,0.15076385027580913,GEE:S2_SR_HARMONIZED
pn_sierra_nevada_ciclismo_transnevada_rd_laujar_andarax_loma_raspa_laujar__045,Transnevada RD - Laujar Andarax - Loma Raspa - Laujar Andarax,ciclismo,2025,4,2025-04-01,0.39010180932124866,0.09877245439606826,0.2260222329617559,0.2441382551000014,0.5411048983517233,0.17900693835517192,GEE:S2_SR_HARMONIZED
pn_sierra_nevada_ciclismo_transnevada_ri_niguelas_la_rinconada_niguelas_046,Transnevada RI - Niguelas - La Rinconada - Niguelas,ciclismo,2025,4,2025-04-01,0.32717755631394874,0.056092574184866406,0.21373506587690938,0.22841795466669354,0.4122465443388197,0.1370363283598274,GEE:S2_SR_HARMONIZED
pn_sierra_nevada_ciclismo_transnevada_invierno_047,TRANSNEVADA INVIERNO,ciclismo,2025,4,2025-04-01,0.3933160327160893,0.0933432382967976,0.23131051743573305,0.2694828154529063,0.5117440129159109,0.1634351328878596,GEE:S2_SR_HARMONIZED
pn_sierra_nevada_ciclismo_transnevada_verano_048,TRANSNEVADA VERANO,ciclismo,2025,4,2025-04-01,0.39698631805749773,0.10142815674568702,0.2347156068707938,0.26948665143204176,0.5194832382555112,0.16608475206455794,GEE:S2_SR_HARMONIZED
pn_sierra_nevada_ciclismo_transnevada_ra_guejar_sierra_pena_partida_049,Transnevada RA - Güejar Sierra - Peña Partida,ciclismo,2025,4,2025-04-01,0.31291180926176626,0.045588967605386194,0.20016407589087856,0.2244684812990572,0.39265088908820805,0.1509757111509788,GEE:S2_SR_HARMONIZED
pn_sierra_nevada_ciclismo_transnevada_rb_lanteira_postero_alto_lanteira_050,Transnevada RB - Lanteira - Postero Alto - Lanteira,ciclismo,2025,4,2025-04-01,0.41154541022814445,0.13747785176655836,0.2287087076600878,0.279329556474572,0.5448184138063268,0.17330972369530268,GEE:S2_SR_HARMONIZED
pn_sierra_nevada_ciclismo_transnevada_re_bayarcal_laguna_seca_051,Transnevada RE - Bayarcal - Laguna Seca,ciclismo,2025,4,2025-04-01,0.4352104969619207,0.15888380841564026,0.2270433246814793,0.29881351920208477,0.5801037758208384,0.17122358926247552,GEE:S2_SR_HARMONIZED
pn_sierra_nevada_ciclismo_carril_cicloturista_la_zubia_cumbres_verdes_052,CARRIL CICLOTURISTA LA ZUBIA-CUMBRES VERDES,ciclismo,2025,4,2025-04-01,0.4743976223806504,0.023769019271279872,0.23039516215279987,0.4160476354843221,0.5488873353459341,0.11783325266302026,GEE:S2_SR_HARMONIZED
pn_sierra_nevada_senderismo_transnevada_rf_valor_fuente_de_las_primeras_agua_000,Transnevada RF - Valor - Fuente de las Primeras Aguas,senderismo,2025,5,2025-05-01,0.45703394188532526,0.1174428962653914,0.2571974175318053,0.33982690826427503,0.5820136964190359,0.16233500399430967,GEE:S2_SR_HARMONIZED
pn_sierra_nevada_senderismo_transnevada_rg_yegen_mecina_bombaron_yegen_001,Transnevada RG - Yegen - Mecina Bombaron - Yegen,senderismo,2025,5,2025-05-01,0.39609179961975277,0.09831611611500352,0.23944589019292803,0.26965894593250683,0.5115640531247463,0.17338154537752568,GEE:S2_SR_HARMONIZED
pn_sierra_nevada_senderismo_transnevada_rh_capileira_refugio_poqueira_002,Transnevada RH - Capileira - Refugio Poqueira,senderismo,2025,5,2025-05-01,0.3736746618656096,0.09762059545631205,0.21234157230003906,0.21681685808642978,0.5330834618129302,0.20121471030940485,GEE:S2_SR_HARMONIZED
pn_sierra_nevada_senderismo_transnevada_rj_portugos_barranco_bermejo_portugo_003,Transnevada RJ - Portugos - Barranco Bermejo - Portugos,senderismo,2025,5,2025-05-01,0.4528698071178012,0.14729630172454403,0.2712715083410953,0.3337604385194098,0.5760958608784017,0.17127211959411,GEE:S2_SR_HARMONIZED
pn_sierra_nevada_senderismo_transnevada_rk_padre_eterno_ar_puente_palo_padre_004,Transnevada RK - Padre Eterno - AR Puente Palo - Padre Eterno,senderismo,2025,5,2025-05-01,0.4017462845168112,0.07455697528277079,0.2647956733401516,0.29096231792759747,0.4979703374351389,0.1510397349410816,GEE:S2_SR_HARMONIZED
pn_sierra_nevada_senderismo_transnevada_rc_abrucena_la_polarda_005,Transnevada RC - Abrucena - La Polarda,senderismo,2025,5,2025-05-01,0.43789824011291556,0.13789012519061938,0.2600728015787799,0.3067335420275807,0.5763036059365423,0.16878761733657627,GEE:S2_SR_HARMONIZED
pn_sierra_nevada_senderismo_transnevada_rd_laujar_andarax_loma_raspa_laujar__006,Transnevada RD - Laujar Andarax - Loma Raspa - Laujar Andarax,senderismo,2025,5,2025-05-01,0.41330729926859305,0.12318200643554782,0.25382798447662613,0.2636627276037652,0.564530360518074,0.1917273636563375,GEE:S2_SR_HARMONIZED
pn_sierra_nevada_senderismo_transnevada_ri_niguelas_la_rinconada_niguelas_007,Transnevada RI - Niguelas - La Rinconada - Niguelas,senderismo,2025,5,2025-05-01,0.39162295043699,0.0805620042505138,0.25978046831450385,0.2752355094978078,0.4980355202576783,0.15931178709234856,GEE:S2_SR_HARMONIZED
pn_sierra_nevada_senderismo_acequias_del_poqueira_008,Acequias del Poqueira,senderismo,2025,5,2025-05-01,0.48228398321675353,0.13726659865764063,0.3339475168321668,0.36919177697338657,0.5956267884169354,0.1554540471035116,GEE:S2_SR_HARMONIZED
pn_sierra_nevada_senderismo_canal_de_la_espartera_arenales_del_trevenque_009,Canal de la Espartera - Arenales del Trevenque,senderismo,2025,5,2025-05-01,0.43496069501671897,0.08351972945253298,0.266531476617118,0.25193026477678415,0.6228529805098388,0.22746894542470644,GEE:S2_SR_HARMONIZED
pn_sierra_nevada_senderismo_cerro_huenes_010,Cerro Huenes,senderismo,2025,5,2025-05-01,0.5442036970196527,0.15559025714843053,0.32587451576481535,0.4041015542463511,0.7013550454787648,0.1790085003402321,GEE:S2_SR_HARMONIZED
pn_sierra_nevada_senderismo_el_aguadero_011,El Aguadero,senderismo,2025,5,2025-05-01,0.4709278159154436,0.13521510234912731,0.28278109909336746,0.3497802371359443,0.5994856143397084,0.16174306372814617,GEE:S2_SR_HARMONIZED
pn_sierra_nevada_senderismo_haza_larguilla_012,Haza Larguilla,senderismo,2025,5,2025-05-01,0.3646559413246748,-0.011504376928939393,0.22433085215667165,0.2481327842582356,0.45904220800819334,0.1379736409876912,GEE:S2_SR_HARMONIZED
pn_sierra_nevada_senderismo_hoya_del_portillo_refugio_poqueira_013,Hoya del Portillo - Refugio Poqueira,senderismo,2025,5,2025-05-01,0.3710287839294158,0.03822961582716836,0.20648253202861772,0.2560876053412802,0.4549339411947257,0.17696206223804276,GEE:S2_SR_HARMONIZED
pn_sierra_nevada_senderismo_jerez_del_marquesado_postero_alto_014,Jerez del Marquesado - Postero Alto,senderismo,2025,5,2025-05-01,0.4412829740283733,0.16159156831437976,0.24883046290585886,0.2751169079822313,0.6036526227317588,0.19356460998388555,GEE:S2_SR_HARMONIZED
pn_sierra_nevada_senderismo_ragua_aldeire_015,Ragua - Aldeire,senderismo,2025,5,2025-05-01,0.5751048693342286,0.21509464332765024,0.34298420116636397,0.4241875153338568,0.7401308016766498,0.19839753705083746,GEE:S2_SR_HARMONIZED
pn_sierra_nevada_senderismo_transnevada_invierno_016,TRANSNEVADA INVIERNO,senderismo,2025,5,2025-05-01,0.44081890984750455,0.1197630216411472,0.26984257507596954,0.3086423979339828,0.5742498885127815,0.17904443362249606,GEE:S2_SR_HARMONIZED
pn_sierra_nevada_senderismo_transnevada_verano_017,TRANSNEVADA VERANO,senderismo,2025,5,2025-05-01,0.44414001655505597,0.12311123784296595,0.27185035469395363,0.3086229564700998,0.5820060217955784,0.1813455896003734,GEE:S2_SR_HARMONIZED
pn_sierra_nevada_senderismo_transnevada_ra_guejar_sierra_pena_partida_018,Transnevada RA - Güejar Sierra - Peña Partida,senderismo,2025,5,2025-05-01,0.38925066129914815,0.07590425798172121,0.26809482543718,0.2755135207230003,0.4903957751324369,0.16077091007668126,GEE:S2_SR_HARMONIZED
pn_sierra_nevada_senderismo_transnevada_rb_lanteira_postero_alto_lanteira_019,Transnevada RB - Lanteira - Postero Alto - Lanteira,senderismo,2025,5,2025-05-01,0.42283284604168264,0.1353693079911036,0.2435925394182617,0.2832847014727977,0.5645713596792696,0.17977004907278277,GEE:S2_SR_HARMONIZED
pn_sierra_nevada_senderismo_transnevada_re_bayarcal_laguna_seca_020,Transnevada RE - Bayarcal - Laguna Seca,senderismo,2025,5,2025-05-01,0.49577465882095806,0.17317048912331723,0.2717892130807533,0.34973090432487297,0.6503198714787212,0.1853053923924911,GEE:S2_SR_HARMONIZED
pn_sierra_nevada_senderismo_la_cebadilla_021,La Cebadilla,senderismo,2025,5,2025-05-01,0.5417394110330468,0.1709413803495833,0.3907092294629387,0.41627557247803826,0.669754281954812,0.1747761384872346,GEE:S2_SR_HARMONIZED
pn_sierra_nevada_senderismo_la_silleta_022,La Silleta,senderismo,2025,5,2025-05-01,0.4227894855766383,0.029788994167031277,0.24151510350570257,0.3081373584864685,0.5506867592542611,0.1540069836550701,GEE:S2_SR_HARMONIZED
pn_sierra_nevada_senderismo_lanjaron_tello_023,Lanjaron - Tello,senderismo,2025,5,2025-05-01,0.6403712927498246,0.2271864869779921,0.4510151567217911,0.5216229615235997,0.7674994585025559,0.14882181512729073,GEE:S2_SR_HARMONIZED
pn_sierra_nevada_senderismo_molinos_de_isfalada_024,Molinos de Isfalada,senderismo,2025,5,2025-05-01,0.4935964054472498,0.19625070416944793,0.3129225140524149,0.3570359380230871,0.6118316968984474,0.18875713317258183,GEE:S2_SR_HARMONIZED
pn_sierra_nevada_senderismo_monterrey_025,Monterrey,senderismo,2025,5,2025-05-01,0.5117144097316828,0.13446743843912765,0.3079839189814251,0.39670332357390237,0.6269284882097258,0.16214099351904807,GEE:S2_SR_HARMONIZED
pn_sierra_nevada_senderismo_puente_palo_026,Puente Palo,senderismo,2025,5,2025-05-01,0.6142057248896403,0.2091738816466602,0.37031749418064047,0.5529674762781237,0.6931808199029237,0.11651487688852574,GEE:S2_SR_HARMONIZED
pn_sierra_nevada_senderismo_ragua_hoyos_de_pura_027,Ragua - Hoyos de Pura,senderismo,2025,5,2025-05-01,0.5804690157549601,0.2316133207685419,0.30478218542440233,0.5567105183516784,0.7246743747657914,0.20555061430555618,GEE:S2_SR_HARMONIZED
pn_sierra_nevada_senderismo_ragua_lagunilla_seca_028,Ragua - Lagunilla Seca,senderismo,2025,5,2025-05-01,0.4819599544698279,0.12342845987585817,0.26350324080609894,0.36931287111459077,0.6111458890643662,0.14879483939618232,GEE:S2_SR_HARMONIZED
pn_sierra_nevada_senderismo_rio_alhama_029,Río Alhama,senderismo,2025,5,2025-05-01,0.440319866698968,0.11522867109026294,0.2740700970059376,0.3089220197337659,0.5588559128258677,0.1884860552695888,GEE:S2_SR_HARMONIZED
pn_sierra_nevada_senderismo_rio_bermejo_030,Río Bermejo,senderismo,2025,5,2025-05-01,0.5246665391499807,0.17694371903848294,0.3236537794339128,0.40012802222620736,0.6622944453665417,0.20028174678589783,GEE:S2_SR_HARMONIZED
pn_sierra_nevada_senderismo_rio_grande_de_los_berchules_031,Río Grande de los Berchules,senderismo,2025,5,2025-05-01,0.5426827205988589,0.19850031653695668,0.3629559728349901,0.3886411784852897,0.697584839190394,0.19461372903814503,GEE:S2_SR_HARMONIZED
pn_sierra_nevada_senderismo_trevelez_siete_lagunas_032,Trevélez - Siete Lagunas,senderismo,2025,5,2025-05-01,0.42155670496227465,0.11178862626813858,0.2712160712200449,0.2771461736037097,0.5977707490208833,0.21574688963537036,GEE:S2_SR_HARMONIZED
pn_sierra_nevada_senderismo_ubeire_033,Ubeire,senderismo,2025,5,2025-05-01,0.5815899568608165,0.20676718759230503,0.3396266579434688,0.47495116493333,0.6934830993440739,0.142245271654305,GEE:S2_SR_HARMONIZED
pn_sierra_nevada_senderismo_sulayr_034,SULAYR,senderismo,2025,5,2025-05-01,0.5004244576130811,0.15168565337851225,0.3059603791513113,0.3711510386278288,0.6445931712502004,0.17728479713880943,GEE:S2_SR_HARMONIZED
pn_sierra_nevada_senderismo_carril_cicloturista_la_zubia_cumbres_verdes_035,CARRIL CICLOTURISTA LA ZUBIA-CUMBRES VERDES,senderismo,2025,5,2025-05-01,0.46070772008935224,-0.02700414808546827,0.22007558951907613,0.37713440058813075,0.5564074325385501,0.13387277025216615,GEE:S2_SR_HARMONIZED
pn_sierra_nevada_senderismo_dehesa_del_camarate_036,Dehesa del Camarate,senderismo,2025,5,2025-05-01,0.5775620736504093,0.18556594760409711,0.3796225908955353,0.4785619282003373,0.673608877854614,0.143087999436508,GEE:S2_SR_HARMONIZED
pn_sierra_nevada_senderismo_pueblos_del_poqueira_037,PUEBLOS DEL POQUEIRA,senderismo,2025,5,2025-05-01,0.5947129861386276,0.21636333330952978,0.4347177487680885,0.4707039776870332,0.7714569354976535,0.22352449672597224,GEE:S2_SR_HARMONIZED
pn_sierra_nevada_senderismo_ragua_barranco_del_hornillo_038,Ragua - Barranco del Hornillo,senderismo,2025,5,2025-05-01,0.6473768767243763,0.21868536367022257,0.3139514460729685,0.557342238456164,0.7557101891741305,0.14233743258662845,GEE:S2_SR_HARMONIZED
pn_sierra_nevada_ciclismo_transnevada_rf_valor_fuente_de_las_primeras_agua_039,Transnevada RF - Valor - Fuente de las Primeras Aguas,ciclismo,2025,5,2025-05-01,0.45703394188532526,0.1174428962653914,0.2571974175318053,0.33982690826427503,0.5820136964190359,0.16233500399430967,GEE:S2_SR_HARMONIZED
pn_sierra_nevada_ciclismo_transnevada_rg_yegen_mecina_bombaron_yegen_040,Transnevada RG - Yegen - Mecina Bombaron - Yegen,ciclismo,2025,5,2025-05-01,0.39609179961975277,0.09831611611500352,0.23944589019292803,0.26965894593250683,0.5115640531247463,0.17338154537752568,GEE:S2_SR_HARMONIZED
pn_sierra_nevada_ciclismo_transnevada_rh_capileira_refugio_poqueira_041,Transnevada RH - Capileira - Refugio Poqueira,ciclismo,2025,5,2025-05-01,0.3736746618656096,0.09762059545631205,0.21234157230003906,0.21681685808642978,0.5330834618129302,0.20121471030940485,GEE:S2_SR_HARMONIZED
pn_sierra_nevada_ciclismo_transnevada_rj_portugos_barranco_bermejo_portugo_042,Transnevada RJ - Portugos - Barranco Bermejo - Portugos,ciclismo,2025,5,2025-05-01,0.4528698071178012,0.14729630172454403,0.2712715083410953,0.3337604385194098,0.5760958608784017,0.17127211959411,GEE:S2_SR_HARMONIZED
pn_sierra_nevada_ciclismo_transnevada_rk_padre_eterno_ar_puente_palo_padre_043,Transnevada RK - Padre Eterno - AR Puente Palo - Padre Eterno,ciclismo,2025,5,2025-05-01,0.4017462845168112,0.07455697528277079,0.2647956733401516,0.29096231792759747,0.4979703374351389,0.1510397349410816,GEE:S2_SR_HARMONIZED
pn_sierra_nevada_ciclismo_transnevada_rc_abrucena_la_polarda_044,Transnevada RC - Abrucena - La Polarda,ciclismo,2025,5,2025-05-01,0.43789824011291556,0.13789012519061938,0.2600728015787799,0.3067335420275807,0.5763036059365423,0.16878761733657627,GEE:S2_SR_HARMONIZED
pn_sierra_nevada_ciclismo_transnevada_rd_laujar_andarax_loma_raspa_laujar__045,Transnevada RD - Laujar Andarax - Loma Raspa - Laujar Andarax,ciclismo,2025,5,2025-05-01,0.41330729926859305,0.12318200643554782,0.25382798447662613,0.2636627276037652,0.564530360518074,0.1917273636563375,GEE:S2_SR_HARMONIZED
pn_sierra_nevada_ciclismo_transnevada_ri_niguelas_la_rinconada_niguelas_046,Transnevada RI - Niguelas - La Rinconada - Niguelas,ciclismo,2025,5,2025-05-01,0.39162295043699,0.0805620042505138,0.25978046831450385,0.2752355094978078,0.4980355202576783,0.15931178709234856,GEE:S2_SR_HARMONIZED
pn_sierra_nevada_ciclismo_transnevada_invierno_047,TRANSNEVADA INVIERNO,ciclismo,2025,5,2025-05-01,0.44081890984750455,0.1197630216411472,0.26984257507596954,0.3086423979339828,0.5742498885127815,0.17904443362249606,GEE:S2_SR_HARMONIZED
pn_sierra_nevada_ciclismo_transnevada_verano_048,TRANSNEVADA VERANO,ciclismo,2025,5,2025-05-01,0.44414001655505597,0.12311123784296595,0.27185035469395363,0.3086229564700998,0.5820060217955784,0.1813455896003734,GEE:S2_SR_HARMONIZED
pn_sierra_nevada_ciclismo_transnevada_ra_guejar_sierra_pena_partida_049,Transnevada RA - Güejar Sierra - Peña Partida,ciclismo,2025,5,2025-05-01,0.38925066129914815,0.07590425798172121,0.26809482543718,0.2755135207230003,0.4903957751324369,0.16077091007668126,GEE:S2_SR_HARMONIZED
pn_sierra_nevada_ciclismo_transnevada_rb_lanteira_postero_alto_lanteira_050,Transnevada RB - Lanteira - Postero Alto - Lanteira,ciclismo,2025,5,2025-05-01,0.42283284604168264,0.1353693079911036,0.2435925394182617,0.2832847014727977,0.5645713596792696,0.17977004907278277,GEE:S2_SR_HARMONIZED
pn_sierra_nevada_ciclismo_transnevada_re_bayarcal_laguna_seca_051,Transnevada RE - Bayarcal - Laguna Seca,ciclismo,2025,5,2025-05-01,0.49577465882095806,0.17317048912331723,0.2717892130807533,0.34973090432487297,0.6503198714787212,0.1853053923924911,GEE:S2_SR_HARMONIZED
pn_sierra_nevada_ciclismo_carril_cicloturista_la_zubia_cumbres_verdes_052,CARRIL CICLOTURISTA LA ZUBIA-CUMBRES VERDES,ciclismo,2025,5,2025-05-01,0.46070772008935224,-0.02700414808546827,0.22007558951907613,0.37713440058813075,0.5564074325385501,0.13387277025216615,GEE:S2_SR_HARMONIZED
pn_sierra_nevada_senderismo_transnevada_rf_valor_fuente_de_las_primeras_agua_000,Transnevada RF - Valor - Fuente de las Primeras Aguas,senderismo,2025,6,2025-06-01,0.44674832035647555,0.1301291248943502,0.26531450036454096,0.2986215942715416,0.5917261998541912,0.17670379213517678,GEE:S2_SR_HARMONIZED
pn_sierra_nevada_senderismo_transnevada_rg_yegen_mecina_bombaron_yegen_001,Transnevada RG - Yegen - Mecina Bombaron - Yegen,senderismo,2025,6,2025-06-01,0.3718781772139301,0.09243378073288477,0.23267915472881773,0.23624679358466727,0.4943075462807229,0.17518710405544113,GEE:S2_SR_HARMONIZED
pn_sierra_nevada_senderismo_transnevada_rh_capileira_refugio_poqueira_002,Transnevada RH - Capileira - Refugio Poqueira,senderismo,2025,6,2025-06-01,0.37831289195932283,0.12326924307775257,0.22971121105764644,0.24412634410854037,0.5175372896542015,0.18175438258090237,GEE:S2_SR_HARMONIZED
pn_sierra_nevada_senderismo_transnevada_rj_portugos_barranco_bermejo_portugo_003,Transnevada RJ - Portugos - Barranco Bermejo - Portugos,senderismo,2025,6,2025-06-01,0.43956754827362626,0.13605624160855187,0.27218840230017577,0.3185069510898694,0.5645820457351394,0.16208157061211256,GEE:S2_SR_HARMONIZED
pn_sierra_nevada_senderismo_transnevada_rk_padre_eterno_ar_puente_palo_padre_004,Transnevada RK - Padre Eterno - AR Puente Palo - Padre Eterno,senderismo,2025,6,2025-06-01,0.356252399611515,0.041037836498043635,0.23781317269182514,0.23247797081153052,0.45892987621578635,0.15593619313935284,GEE:S2_SR_HARMONIZED
pn_sierra_nevada_senderismo_transnevada_rc_abrucena_la_polarda_005,Transnevada RC - Abrucena - La Polarda,senderismo,2025,6,2025-06-01,0.3925239328841534,0.11301464795680535,0.24624805110497286,0.2714718337381453,0.5097505303698293,0.14750326108788855,GEE:S2_SR_HARMONIZED
pn_sierra_nevada_senderismo_transnevada_rd_laujar_andarax_loma_raspa_laujar__006,Transnevada RD - Laujar Andarax - Loma Raspa - Laujar Andarax,senderismo,2025,6,2025-06-01,0.3952673219401881,0.10675225550106542,0.24687093734856028,0.255957354239104,0.5369352294182989,0.18188630584964888,GEE:S2_SR_HARMONIZED
pn_sierra_nevada_senderismo_transnevada_ri_niguelas_la_rinconada_niguelas_007,Transnevada RI - Niguelas - La Rinconada - Niguelas,senderismo,2025,6,2025-06-01,0.3602470746827318,0.07955086927403586,0.25334476572107106,0.2520219382156302,0.4551374384915085,0.14707206964206865,GEE:S2_SR_HARMONIZED
pn_sierra_nevada_senderismo_acequias_del_poqueira_008,Acequias del Poqueira,senderismo,2025,6,2025-06-01,0.46937717231594595,0.14427119941806552,0.3397049020710512,0.33791872829039266,0.5997348695521549,0.1697387682623271,GEE:S2_SR_HARMONIZED
pn_sierra_nevada_senderismo_canal_de_la_espartera_arenales_del_trevenque_009,Canal de la Espartera - Arenales del Trevenque,senderismo,2025,6,2025-06-01,0.40904413560910236,0.0731313421601739,0.25439572022969004,0.23207752934413917,0.5879852028911078,0.218970364371942,GEE:S2_SR_HARMONIZED
pn_sierra_nevada_senderismo_cerro_huenes_010,Cerro Huenes,senderismo,2025,6,2025-06-01,0.5097086349600884,0.13547138596966465,0.31134517667859357,0.36907465817609136,0.6582852043568037,0.17319581518437427,GEE:S2_SR_HARMONIZED
pn_sierra_nevada_senderismo_el_aguadero_011,El Aguadero,senderismo,2025,6,2025-06-01,0.44137327846584284,0.11366810866036178,0.2801802877574464,0.3262685226153535,0.560594107944937,0.15431130321591718,GEE:S2_SR_HARMONIZED
pn_sierra_nevada_senderismo_haza_larguilla_012,Haza Larguilla,senderismo,2025,6,2025-06-01,0.3027612185801036,-0.038865671798728706,0.18319930950269622,0.21288187521948385,0.37760949865901333,0.10385453591750415,GEE:S2_SR_HARMONIZED
pn_sierra_nevada_senderismo_hoya_del_portillo_refugio_poqueira_013,Hoya del Portillo - Refugio Poqueira,senderismo,2025,6,2025-06-01,0.41031683850767126,0.11522525077299256,0.2527639285818922,0.3105734836465894,0.4786293005627368,0.1592808848543362,GEE:S2_SR_HARMONIZED
pn_sierra_nevada_senderismo_jerez_del_marquesado_postero_alto_014,Jerez del Marquesado - Postero Alto,senderismo,2025,6,2025-06-01,0.42352796612149324,0.1505604195981715,0.24239702942213381,0.25205820622200065,0.591950670588098,0.19845865983929423,GEE:S2_SR_HARMONIZED
pn_sierra_nevada_senderismo_ragua_aldeire_015,Ragua - Aldeire,senderismo,2025,6,2025-06-01,0.5477958931026584,0.20938385218512384,0.33427505431763477,0.36910515411666317,0.7323156426857625,0.2061718185784723,GEE:S2_SR_HARMONIZED
pn_sierra_nevada_senderismo_transnevada_invierno_016,TRANSNEVADA INVIERNO,senderismo,2025,6,2025-06-01,0.42092005558439943,0.11383463270810604,0.2667861208347325,0.28524651675376245,0.5508294889713745,0.1760889702545969,GEE:S2_SR_HARMONIZED
pn_sierra_nevada_senderismo_transnevada_verano_017,TRANSNEVADA VERANO,senderismo,2025,6,2025-06-01,0.4238630066618151,0.11673887934577452,0.26798541645583224,0.28524242703476144,0.5586306017441867,0.17842156258910355,GEE:S2_SR_HARMONIZED
pn_sierra_nevada_senderismo_transnevada_ra_guejar_sierra_pena_partida_018,Transnevada RA - Güejar Sierra - Peña Partida,senderismo,2025,6,2025-06-01,0.3596552162660062,0.05958389567492797,0.2506860620554356,0.24422700089693417,0.4512558845980321,0.15763929444420108,GEE:S2_SR_HARMONIZED
pn_sierra_nevada_senderismo_transnevada_rb_lanteira_postero_alto_lanteira_019,Transnevada RB - Lanteira - Postero Alto - Lanteira,senderismo,2025,6,2025-06-01,0.41670619535697045,0.13123693861324146,0.24251263254623523,0.27940528735342907,0.5605889813755879,0.1821393107814961,GEE:S2_SR_HARMONIZED
pn_sierra_nevada_senderismo_transnevada_re_bayarcal_laguna_seca_020,Transnevada RE - Bayarcal - Laguna Seca,senderismo,2025,6,2025-06-01,0.4949552302900573,0.18583950154201767,0.28356242682802313,0.35740417538593094,0.6465569531279467,0.18045991339770878,GEE:S2_SR_HARMONIZED
pn_sierra_nevada_senderismo_la_cebadilla_021,La Cebadilla,senderismo,2025,6,2025-06-01,0.48198529971222026,0.12783170992033757,0.3482164954462747,0.3300755739838041,0.6309073132875407,0.19080756354745118,GEE:S2_SR_HARMONIZED
pn_sierra_nevada_senderismo_la_silleta_022,La Silleta,senderismo,2025,6,2025-06-01,0.3653082960459307,-8.254569465812081E-5,0.21355482241775448,0.24385058649601746,0.48628528251769015,0.14918090914103094,GEE:S2_SR_HARMONIZED
pn_sierra_nevada_senderismo_lanjaron_tello_023,Lanjaron - Tello,senderismo,2025,6,2025-06-01,0.4821321350691252,0.12067834180249926,0.36249320338490415,0.32612898020245296,0.6271019385911164,0.18685085746503916,GEE:S2_SR_HARMONIZED
pn_sierra_nevada_senderismo_molinos_de_isfalada_024,Molinos de Isfalada,senderismo,2025,6,2025-06-01,0.3911726515215142,0.11198319577661356,0.24092562872892373,0.26363500727128736,0.4864324104456214,0.17845060062997634,GEE:S2_SR_HARMONIZED
pn_sierra_nevada_senderismo_monterrey_025,Monterrey,senderismo,2025,6,2025-06-01,0.47578188441272795,0.10112079033944767,0.291114774389782,0.35738195660429534,0.5840512328515722,0.15992595666119913,GEE:S2_SR_HARMONIZED
pn_sierra_nevada_senderismo_puente_palo_026,Puente Palo,senderismo,2025,6,2025-06-01,0.5790179459054714,0.18371232276150024,0.3592853132666208,0.5057439580691727,0.6696240824696987,0.12309524938773884,GEE:S2_SR_HARMONIZED
pn_sierra_nevada_senderismo_ragua_hoyos_de_pura_027,Ragua - Hoyos de Pura,senderismo,2025,6,2025-06-01,0.5747104784962511,0.23419894908943129,0.31360829471866847,0.5422462331197935,0.7167282192982963,0.20211481349693886,GEE:S2_SR_HARMONIZED
pn_sierra_nevada_senderismo_ragua_lagunilla_seca_028,Ragua - Lagunilla Seca,senderismo,2025,6,2025-06-01,0.5200290057713993,0.1913577390736302,0.31517754009012017,0.4317718187550521,0.6269230120430715,0.12808755985754572,GEE:S2_SR_HARMONIZED
pn_sierra_nevada_senderismo_rio_alhama_029,Río Alhama,senderismo,2025,6,2025-06-01,0.37537452285245954,0.055761331434275245,0.2369558902455599,0.22849907003070816,0.4905790158632738,0.1955555427299742,GEE:S2_SR_HARMONIZED
pn_sierra_nevada_senderismo_rio_bermejo_030,Río Bermejo,senderismo,2025,6,2025-06-01,0.4938858862635566,0.1586611668661306,0.31764674478021426,0.3693140481160511,0.6266340220333851,0.18613979037205242,GEE:S2_SR_HARMONIZED
pn_sierra_nevada_senderismo_rio_grande_de_los_berchules_031,Río Grande de los Berchules,senderismo,2025,6,2025-06-01,0.46952447763105803,0.1489061462024036,0.31504934477260466,0.31045810094001736,0.6265943642330588,0.1938107306246551,GEE:S2_SR_HARMONIZED
pn_sierra_nevada_senderismo_trevelez_siete_lagunas_032,Trevélez - Siete Lagunas,senderismo,2025,6,2025-06-01,0.443479082903772,0.14801426309617016,0.30423680436703937,0.3027775082950345,0.5918864155263409,0.1995479033633458,GEE:S2_SR_HARMONIZED
pn_sierra_nevada_senderismo_ubeire_033,Ubeire,senderismo,2025,6,2025-06-01,0.5493664796490038,0.19277181735843038,0.3295772643355321,0.4392637609161996,0.6545097856749531,0.1451534050700589,GEE:S2_SR_HARMONIZED
pn_sierra_nevada_senderismo_sulayr_034,SULAYR,senderismo,2025,6,2025-06-01,0.48867790422626206,0.16044002434629193,0.31191404782825555,0.357382623537818,0.6230255974244181,0.17211922024691131,GEE:S2_SR_HARMONIZED
pn_sierra_nevada_senderismo_carril_cicloturista_la_zubia_cumbres_verdes_035,CARRIL CICLOTURISTA LA ZUBIA-CUMBRES VERDES,senderismo,2025,6,2025-06-01,0.41540060225501496,-0.050226987862072865,0.19929848895044713,0.33014494368470315,0.5135532953594868,0.13499439933053242,GEE:S2_SR_HARMONIZED
pn_sierra_nevada_senderismo_dehesa_del_camarate_036,Dehesa del Camarate,senderismo,2025,6,2025-06-01,0.5399846212811206,0.15327330545399312,0.3690348827524808,0.41202936119310074,0.6697589058288896,0.16899404671629456,GEE:S2_SR_HARMONIZED
pn_sierra_nevada_senderismo_pueblos_del_poqueira_037,PUEBLOS DEL POQUEIRA,senderismo,2025,6,2025-06-01,0.5233728136072232,0.15983827777012918,0.38365224352088945,0.3573833855174357,0.7092956681496542,0.2242251688629557,GEE:S2_SR_HARMONIZED
pn_sierra_nevada_senderismo_ragua_barranco_del_hornillo_038,Ragua - Barranco del Hornillo,senderismo,2025,6,2025-06-01,0.6454425336241296,0.2369337426126615,0.33110203042171055,0.5610229074954987,0.7476367517471164,0.1349411751392788,GEE:S2_SR_HARMONIZED
pn_sierra_nevada_ciclismo_transnevada_rf_valor_fuente_de_las_primeras_agua_039,Transnevada RF - Valor - Fuente de las Primeras Aguas,ciclismo,2025,6,2025-06-01,0.44674832035647555,0.1301291248943502,0.26531450036454096,0.2986215942715416,0.5917261998541912,0.17670379213517678,GEE:S2_SR_HARMONIZED
pn_sierra_nevada_ciclismo_transnevada_rg_yegen_mecina_bombaron_yegen_040,Transnevada RG - Yegen - Mecina Bombaron - Yegen,ciclismo,2025,6,2025-06-01,0.3718781772139301,0.09243378073288477,0.23267915472881773,0.23624679358466727,0.4943075462807229,0.17518710405544113,GEE:S2_SR_HARMONIZED
pn_sierra_nevada_ciclismo_transnevada_rh_capileira_refugio_poqueira_041,Transnevada RH - Capileira - Refugio Poqueira,ciclismo,2025,6,2025-06-01,0.37831289195932283,0.12326924307775257,0.22971121105764644,0.24412634410854037,0.5175372896542015,0.18175438258090237,GEE:S2_SR_HARMONIZED
pn_sierra_nevada_ciclismo_transnevada_rj_portugos_barranco_bermejo_portugo_042,Transnevada RJ - Portugos - Barranco Bermejo - Portugos,ciclismo,2025,6,2025-06-01,0.43956754827362626,0.13605624160855187,0.27218840230017577,0.3185069510898694,0.5645820457351394,0.16208157061211256,GEE:S2_SR_HARMONIZED
pn_sierra_nevada_ciclismo_transnevada_rk_padre_eterno_ar_puente_palo_padre_043,Transnevada RK - Padre Eterno - AR Puente Palo - Padre Eterno,ciclismo,2025,6,2025-06-01,0.356252399611515,0.041037836498043635,0.23781317269182514,0.23247797081153052,0.45892987621578635,0.15593619313935284,GEE:S2_SR_HARMONIZED
pn_sierra_nevada_ciclismo_transnevada_rc_abrucena_la_polarda_044,Transnevada RC - Abrucena - La Polarda,ciclismo,2025,6,2025-06-01,0.3925239328841534,0.11301464795680535,0.24624805110497286,0.2714718337381453,0.5097505303698293,0.14750326108788855,GEE:S2_SR_HARMONIZED
pn_sierra_nevada_ciclismo_transnevada_rd_laujar_andarax_loma_raspa_laujar__045,Transnevada RD - Laujar Andarax - Loma Raspa - Laujar Andarax,ciclismo,2025,6,2025-06-01,0.3952673219401881,0.10675225550106542,0.24687093734856028,0.255957354239104,0.5369352294182989,0.18188630584964888,GEE:S2_SR_HARMONIZED
pn_sierra_nevada_ciclismo_transnevada_ri_niguelas_la_rinconada_niguelas_046,Transnevada RI - Niguelas - La Rinconada - Niguelas,ciclismo,2025,6,2025-06-01,0.3602470746827318,0.07955086927403586,0.25334476572107106,0.2520219382156302,0.4551374384915085,0.14707206964206865,GEE:S2_SR_HARMONIZED
pn_sierra_nevada_ciclismo_transnevada_invierno_047,TRANSNEVADA INVIERNO,ciclismo,2025,6,2025-06-01,0.42092005558439943,0.11383463270810604,0.2667861208347325,0.28524651675376245,0.5508294889713745,0.1760889702545969,GEE:S2_SR_HARMONIZED
pn_sierra_nevada_ciclismo_transnevada_verano_048,TRANSNEVADA VERANO,ciclismo,2025,6,2025-06-01,0.4238630066618151,0.11673887934577452,0.26798541645583224,0.28524242703476144,0.5586306017441867,0.17842156258910355,GEE:S2_SR_HARMONIZED
pn_sierra_nevada_ciclismo_transnevada_ra_guejar_sierra_pena_partida_049,Transnevada RA - Güejar Sierra - Peña Partida,ciclismo,2025,6,2025-06-01,0.3596552162660062,0.05958389567492797,0.2506860620554356,0.24422700089693417,0.4512558845980321,0.15763929444420108,GEE:S2_SR_HARMONIZED
pn_sierra_nevada_ciclismo_transnevada_rb_lanteira_postero_alto_lanteira_050,Transnevada RB - Lanteira - Postero Alto - Lanteira,ciclismo,2025,6,2025-06-01,0.41670619535697045,0.13123693861324146,0.24251263254623523,0.27940528735342907,0.5605889813755879,0.1821393107814961,GEE:S2_SR_HARMONIZED
pn_sierra_nevada_ciclismo_transnevada_re_bayarcal_laguna_seca_051,Transnevada RE - Bayarcal - Laguna Seca,ciclismo,2025,6,2025-06-01,0.4949552302900573,0.18583950154201767,0.28356242682802313,0.35740417538593094,0.6465569531279467,0.18045991339770878,GEE:S2_SR_HARMONIZED
pn_sierra_nevada_ciclismo_carril_cicloturista_la_zubia_cumbres_verdes_052,CARRIL CICLOTURISTA LA ZUBIA-CUMBRES VERDES,ciclismo,2025,6,2025-06-01,0.41540060225501496,-0.050226987862072865,0.19929848895044713,0.33014494368470315,0.5135532953594868,0.13499439933053242,GEE:S2_SR_HARMONIZED
pn_sierra_nevada_senderismo_transnevada_rf_valor_fuente_de_las_primeras_agua_000,Transnevada RF - Valor - Fuente de las Primeras Aguas,senderismo,2025,7,2025-07-01,0.4255300609088916,0.12017981832157537,0.2469995858946531,0.2518718960942197,0.5997057025432414,0.20039210393030124,GEE:S2_SR_HARMONIZED
pn_sierra_nevada_senderismo_transnevada_rg_yegen_mecina_bombaron_yegen_001,Transnevada RG - Yegen - Mecina Bombaron - Yegen,senderismo,2025,7,2025-07-01,0.3479614799127232,0.07482486619193149,0.20882032021159178,0.19341304009838706,0.4863479846753935,0.19507972086564673,GEE:S2_SR_HARMONIZED
pn_sierra_nevada_senderismo_transnevada_rh_capileira_refugio_poqueira_002,Transnevada RH - Capileira - Refugio Poqueira,senderismo,2025,7,2025-07-01,0.36661809261499695,0.11908692190708846,0.21620251853886074,0.20101414314648786,0.5289177273128748,0.21175554908893277,GEE:S2_SR_HARMONIZED
pn_sierra_nevada_senderismo_transnevada_rj_portugos_barranco_bermejo_portugo_003,Transnevada RJ - Portugos - Barranco Bermejo - Portugos,senderismo,2025,7,2025-07-01,0.4299221693436183,0.1275354573335056,0.26191389346684324,0.2949279311382362,0.564490742239449,0.17206343931010643,GEE:S2_SR_HARMONIZED
pn_sierra_nevada_senderismo_transnevada_rk_padre_eterno_ar_puente_palo_padre_004,Transnevada RK - Padre Eterno - AR Puente Palo - Padre Eterno,senderismo,2025,7,2025-07-01,0.3393948468143861,0.026816137348932817,0.22454895735912858,0.19342430774269093,0.45129771309380395,0.17739026768863658,GEE:S2_SR_HARMONIZED
pn_sierra_nevada_senderismo_transnevada_rc_abrucena_la_polarda_005,Transnevada RC - Abrucena - La Polarda,senderismo,2025,7,2025-07-01,0.3823025983631402,0.1160727207210923,0.23506377682602694,0.24409870520802598,0.5135929033465135,0.16257194810361936,GEE:S2_SR_HARMONIZED
pn_sierra_nevada_senderismo_transnevada_rd_laujar_andarax_loma_raspa_laujar__006,Transnevada RD - Laujar Andarax - Loma Raspa - Laujar Andarax,senderismo,2025,7,2025-07-01,0.381278097176689,0.10154755859509383,0.23342023324544103,0.22856854752431924,0.5330462773770699,0.18933744082081452,GEE:S2_SR_HARMONIZED
pn_sierra_nevada_senderismo_transnevada_ri_niguelas_la_rinconada_niguelas_007,Transnevada RI - Niguelas - La Rinconada - Niguelas,senderismo,2025,7,2025-07-01,0.31780685850745516,0.04460895466188433,0.21729597598462033,0.20897468260864005,0.41216673318532626,0.14967050504861093,GEE:S2_SR_HARMONIZED
pn_sierra_nevada_senderismo_acequias_del_poqueira_008,Acequias del Poqueira,senderismo,2025,7,2025-07-01,0.42361319984781576,0.11310564859766217,0.3001881367766721,0.2675862063536751,0.5763350812408709,0.19600774660678874,GEE:S2_SR_HARMONIZED
pn_sierra_nevada_senderismo_canal_de_la_espartera_arenales_del_trevenque_009,Canal de la Espartera - Arenales del Trevenque,senderismo,2025,7,2025-07-01,0.3961322047339736,0.05472636465788864,0.23882875884865845,0.20088763807296203,0.5877966280543064,0.23656883239721124,GEE:S2_SR_HARMONIZED
pn_sierra_nevada_senderismo_cerro_huenes_010,Cerro Huenes,senderismo,2025,7,2025-07-01,0.5074048964420796,0.12625110678719226,0.2991635923488156,0.3379645457699518,0.6779658941343514,0.19418889155266217,GEE:S2_SR_HARMONIZED
pn_sierra_nevada_senderismo_el_aguadero_011,El Aguadero,senderismo,2025,7,2025-07-01,0.42852018966811145,0.1127827684832953,0.264467500163707,0.29883205850817207,0.5602797519960475,0.1651344566096503,GEE:S2_SR_HARMONIZED
pn_sierra_nevada_senderismo_haza_larguilla_012,Haza Larguilla,senderismo,2025,7,2025-07-01,0.24798411965850264,-0.09028271281335333,0.1503778900316371,0.1727232150733471,0.3094147737537111,0.09075780742209,GEE:S2_SR_HARMONIZED
pn_sierra_nevada_senderismo_hoya_del_portillo_refugio_poqueira_013,Hoya del Portillo - Refugio Poqueira,senderismo,2025,7,2025-07-01,0.39638086123371036,0.10536898616910013,0.23739551945116125,0.2716028735403524,0.47092301679919996,0.1878740788679511,GEE:S2_SR_HARMONIZED
pn_sierra_nevada_senderismo_jerez_del_marquesado_postero_alto_014,Jerez del Marquesado - Postero Alto,senderismo,2025,7,2025-07-01,0.41024872565888243,0.14075529116307176,0.22443065461609485,0.22481925156199345,0.5877995596788507,0.21276912028934067,GEE:S2_SR_HARMONIZED
pn_sierra_nevada_senderismo_ragua_aldeire_015,Ragua - Aldeire,senderismo,2025,7,2025-07-01,0.514114909962081,0.19488649155811907,0.3105480859623525,0.2948675862854892,0.7482298040126444,0.24468437754854733,GEE:S2_SR_HARMONIZED
pn_sierra_nevada_senderismo_transnevada_invierno_016,TRANSNEVADA INVIERNO,senderismo,2025,7,2025-07-01,0.40340011394426045,0.10148400031296205,0.2493438270711491,0.2538698045479695,0.5429709929203205,0.1921277099691037,GEE:S2_SR_HARMONIZED
pn_sierra_nevada_senderismo_transnevada_verano_017,TRANSNEVADA VERANO,senderismo,2025,7,2025-07-01,0.406590033612071,0.10621884488636987,0.25113092084671707,0.25390471872884257,0.5508250464204659,0.19588901612123666,GEE:S2_SR_HARMONIZED
pn_sierra_nevada_senderismo_transnevada_ra_guejar_sierra_pena_partida_018,Transnevada RA - Güejar Sierra - Peña Partida,senderismo,2025,7,2025-07-01,0.3219053958923123,0.033492628093572764,0.21983073981282575,0.18946990713608453,0.4278467817330436,0.17372918168971707,GEE:S2_SR_HARMONIZED
pn_sierra_nevada_senderismo_transnevada_rb_lanteira_postero_alto_lanteira_019,Transnevada RB - Lanteira - Postero Alto - Lanteira,senderismo,2025,7,2025-07-01,0.4081128287023563,0.12690125329815566,0.2306699756882619,0.2677343440847969,0.5566724401121489,0.19302422613426087,GEE:S2_SR_HARMONIZED
pn_sierra_nevada_senderismo_transnevada_re_bayarcal_laguna_seca_020,Transnevada RE - Bayarcal - Laguna Seca,senderismo,2025,7,2025-07-01,0.48103419248761387,0.18578308891032833,0.2709230068606259,0.31058895291314353,0.654027068697184,0.2026783475584728,GEE:S2_SR_HARMONIZED
pn_sierra_nevada_senderismo_la_cebadilla_021,La Cebadilla,senderismo,2025,7,2025-07-01,0.4429190135824255,0.09512565194639308,0.31429242688101444,0.26350050038288364,0.6072359356183415,0.21006751569183807,GEE:S2_SR_HARMONIZED
pn_sierra_nevada_senderismo_la_silleta_022,La Silleta,senderismo,2025,7,2025-07-01,0.34197272558202924,-0.024372171088900677,0.19384332297514315,0.22066706635198857,0.47056125861191433,0.15369051943743522,GEE:S2_SR_HARMONIZED
pn_sierra_nevada_senderismo_lanjaron_tello_023,Lanjaron - Tello,senderismo,2025,7,2025-07-01,0.42327546463237925,0.05981232126150175,0.30629876784290794,0.24778415024510564,0.5799068169794668,0.21157085647225315,GEE:S2_SR_HARMONIZED
pn_sierra_nevada_senderismo_molinos_de_isfalada_024,Molinos de Isfalada,senderismo,2025,7,2025-07-01,0.35568143479700565,0.09148409175168011,0.21900866484094986,0.22459322628677725,0.4510445043611899,0.1846514803234021,GEE:S2_SR_HARMONIZED
pn_sierra_nevada_senderismo_monterrey_025,Monterrey,senderismo,2025,7,2025-07-01,0.45789968330574504,0.10030677651062289,0.27274259739253925,0.33027043632674224,0.5723839151835014,0.16599742213096494,GEE:S2_SR_HARMONIZED
pn_sierra_nevada_senderismo_puente_palo_026,Puente Palo,senderismo,2025,7,2025-07-01,0.5882394167029718,0.2002688262038167,0.3670249035923733,0.5054620940190476,0.6933853289856206,0.13752673725415887,GEE:S2_SR_HARMONIZED
pn_sierra_nevada_senderismo_ragua_hoyos_de_pura_027,Ragua - Hoyos de Pura,senderismo,2025,7,2025-07-01,0.595177318413992,0.27796158231552043,0.33103488132065106,0.5210561399728478,0.7719005639588322,0.22961921218593676,GEE:S2_SR_HARMONIZED
pn_sierra_nevada_senderismo_ragua_lagunilla_seca_028,Ragua - Lagunilla Seca,senderismo,2025,7,2025-07-01,0.4619994749033842,0.17118654343364276,0.27735485004423965,0.3337007175348442,0.60746840779861,0.16875282169994055,GEE:S2_SR_HARMONIZED
pn_sierra_nevada_senderismo_rio_alhama_029,Río Alhama,senderismo,2025,7,2025-07-01,0.3388592936733062,0.0329472214571802,0.20836165223423656,0.16966787885572873,0.47426588166170597,0.2159585528076418,GEE:S2_SR_HARMONIZED
pn_sierra_nevada_senderismo_rio_bermejo_030,Río Bermejo,senderismo,2025,7,2025-07-01,0.4826421687111642,0.1448277785599281,0.3080281834750159,0.33455453210183017,0.6308694733963424,0.19236782845115033,GEE:S2_SR_HARMONIZED
pn_sierra_nevada_senderismo_rio_grande_de_los_berchules_031,Río Grande de los Berchules,senderismo,2025,7,2025-07-01,0.42739363413884346,0.11214891811458474,0.27495997079843865,0.2440614183640839,0.615243049061933,0.21251236008509333,GEE:S2_SR_HARMONIZED
pn_sierra_nevada_senderismo_trevelez_siete_lagunas_032,Trevélez - Siete Lagunas,senderismo,2025,7,2025-07-01,0.43261988823042763,0.13772588276613743,0.2929804661227557,0.2674247950734831,0.5993176386185115,0.21427527352612835,GEE:S2_SR_HARMONIZED
pn_sierra_nevada_senderismo_ubeire_033,Ubeire,senderismo,2025,7,2025-07-01,0.5306267155152022,0.1857868654963399,0.3193935946685347,0.41612113107341103,0.6306520457809409,0.15178955140984648,GEE:S2_SR_HARMONIZED
pn_sierra_nevada_senderismo_sulayr_034,SULAYR,senderismo,2025,7,2025-07-01,0.4654917710874539,0.14589777927358577,0.2899362605845133,0.3007881838487233,0.6289133927788156,0.1990250850288957,GEE:S2_SR_HARMONIZED
pn_sierra_nevada_senderismo_carril_cicloturista_la_zubia_cumbres_verdes_035,CARRIL CICLOTURISTA LA ZUBIA-CUMBRES VERDES,senderismo,2025,7,2025-07-01,0.3870347489613368,-0.06960244340706524,0.18203672048050185,0.3027066447970631,0.48209604007721063,0.13332992603248922,GEE:S2_SR_HARMONIZED
pn_sierra_nevada_senderismo_dehesa_del_camarate_036,Dehesa del Camarate,senderismo,2025,7,2025-07-01,0.5077924491872079,0.12217762478234585,0.33515485318868127,0.3578803738609036,0.6735915688877986,0.1981188414637392,GEE:S2_SR_HARMONIZED
pn_sierra_nevada_senderismo_pueblos_del_poqueira_037,PUEBLOS DEL POQUEIRA,senderismo,2025,7,2025-07-01,0.49799015322121465,0.13942637875402578,0.3647059471856403,0.31043811529761856,0.701099084209593,0.23256138286653041,GEE:S2_SR_HARMONIZED
pn_sierra_nevada_senderismo_ragua_barranco_del_hornillo_038,Ragua - Barranco del Hornillo,senderismo,2025,7,2025-07-01,0.6727090294745957,0.30218848089317357,0.35642663604139746,0.5443831252261302,0.8138173019086673,0.18063533776049126,GEE:S2_SR_HARMONIZED
pn_sierra_nevada_ciclismo_transnevada_rf_valor_fuente_de_las_primeras_agua_039,Transnevada RF - Valor - Fuente de las Primeras Aguas,ciclismo,2025,7,2025-07-01,0.4255300609088916,0.12017981832157537,0.2469995858946531,0.2518718960942197,0.5997057025432414,0.20039210393030124,GEE:S2_SR_HARMONIZED
pn_sierra_nevada_ciclismo_transnevada_rg_yegen_mecina_bombaron_yegen_040,Transnevada RG - Yegen - Mecina Bombaron - Yegen,ciclismo,2025,7,2025-07-01,0.3479614799127232,0.07482486619193149,0.20882032021159178,0.19341304009838706,0.4863479846753935,0.19507972086564673,GEE:S2_SR_HARMONIZED
pn_sierra_nevada_ciclismo_transnevada_rh_capileira_refugio_poqueira_041,Transnevada RH - Capileira - Refugio Poqueira,ciclismo,2025,7,2025-07-01,0.36661809261499695,0.11908692190708846,0.21620251853886074,0.20101414314648786,0.5289177273128748,0.21175554908893277,GEE:S2_SR_HARMONIZED
pn_sierra_nevada_ciclismo_transnevada_rj_portugos_barranco_bermejo_portugo_042,Transnevada RJ - Portugos - Barranco Bermejo - Portugos,ciclismo,2025,7,2025-07-01,0.4299221693436183,0.1275354573335056,0.26191389346684324,0.2949279311382362,0.564490742239449,0.17206343931010643,GEE:S2_SR_HARMONIZED
pn_sierra_nevada_ciclismo_transnevada_rk_padre_eterno_ar_puente_palo_padre_043,Transnevada RK - Padre Eterno - AR Puente Palo - Padre Eterno,ciclismo,2025,7,2025-07-01,0.3393948468143861,0.026816137348932817,0.22454895735912858,0.19342430774269093,0.45129771309380395,0.17739026768863658,GEE:S2_SR_HARMONIZED
pn_sierra_nevada_ciclismo_transnevada_rc_abrucena_la_polarda_044,Transnevada RC - Abrucena - La Polarda,ciclismo,2025,7,2025-07-01,0.3823025983631402,0.1160727207210923,0.23506377682602694,0.24409870520802598,0.5135929033465135,0.16257194810361936,GEE:S2_SR_HARMONIZED
pn_sierra_nevada_ciclismo_transnevada_rd_laujar_andarax_loma_raspa_laujar__045,Transnevada RD - Laujar Andarax - Loma Raspa - Laujar Andarax,ciclismo,2025,7,2025-07-01,0.381278097176689,0.10154755859509383,0.23342023324544103,0.22856854752431924,0.5330462773770699,0.18933744082081452,GEE:S2_SR_HARMONIZED
pn_sierra_nevada_ciclismo_transnevada_ri_niguelas_la_rinconada_niguelas_046,Transnevada RI - Niguelas - La Rinconada - Niguelas,ciclismo,2025,7,2025-07-01,0.31780685850745516,0.04460895466188433,0.21729597598462033,0.20897468260864005,0.41216673318532626,0.14967050504861093,GEE:S2_SR_HARMONIZED
pn_sierra_nevada_ciclismo_transnevada_invierno_047,TRANSNEVADA INVIERNO,ciclismo,2025,7,2025-07-01,0.40340011394426045,0.10148400031296205,0.2493438270711491,0.2538698045479695,0.5429709929203205,0.1921277099691037,GEE:S2_SR_HARMONIZED
pn_sierra_nevada_ciclismo_transnevada_verano_048,TRANSNEVADA VERANO,ciclismo,2025,7,2025-07-01,0.406590033612071,0.10621884488636987,0.25113092084671707,0.25390471872884257,0.5508250464204659,0.19588901612123666,GEE:S2_SR_HARMONIZED
pn_sierra_nevada_ciclismo_transnevada_ra_guejar_sierra_pena_partida_049,Transnevada RA - Güejar Sierra - Peña Partida,ciclismo,2025,7,2025-07-01,0.3219053958923123,0.033492628093572764,0.21983073981282575,0.18946990713608453,0.4278467817330436,0.17372918168971707,GEE:S2_SR_HARMONIZED
pn_sierra_nevada_ciclismo_transnevada_rb_lanteira_postero_alto_lanteira_050,Transnevada RB - Lanteira - Postero Alto - Lanteira,ciclismo,2025,7,2025-07-01,0.4081128287023563,0.12690125329815566,0.2306699756882619,0.2677343440847969,0.5566724401121489,0.19302422613426087,GEE:S2_SR_HARMONIZED
pn_sierra_nevada_ciclismo_transnevada_re_bayarcal_laguna_seca_051,Transnevada RE - Bayarcal - Laguna Seca,ciclismo,2025,7,2025-07-01,0.48103419248761387,0.18578308891032833,0.2709230068606259,0.31058895291314353,0.654027068697184,0.2026783475584728,GEE:S2_SR_HARMONIZED
pn_sierra_nevada_ciclismo_carril_cicloturista_la_zubia_cumbres_verdes_052,CARRIL CICLOTURISTA LA ZUBIA-CUMBRES VERDES,ciclismo,2025,7,2025-07-01,0.3870347489613368,-0.06960244340706524,0.18203672048050185,0.3027066447970631,0.48209604007721063,0.13332992603248922,GEE:S2_SR_HARMONIZED
pn_sierra_nevada_senderismo_transnevada_rf_valor_fuente_de_las_primeras_agua_000,Transnevada RF - Valor - Fuente de las Primeras Aguas,senderismo,2025,8,2025-08-01,0.3836329889274195,0.09724781597753769,0.2180116562454926,0.22854485629751775,0.5333385581759114,0.17739823458427725,GEE:S2_SR_HARMONIZED
pn_sierra_nevada_senderismo_transnevada_rg_yegen_mecina_bombaron_yegen_001,Transnevada RG - Yegen - Mecina Bombaron - Yegen,senderismo,2025,8,2025-08-01,0.31455325267563367,0.051486769670641856,0.1847218395113678,0.18163165120961153,0.4318797771022167,0.17051573156664637,GEE:S2_SR_HARMONIZED
pn_sierra_nevada_senderismo_transnevada_rh_capileira_refugio_poqueira_002,Transnevada RH - Capileira - Refugio Poqueira,senderismo,2025,8,2025-08-01,0.33066038331204095,0.09323841789902122,0.18535076706480566,0.17384530327077943,0.4820743231350078,0.20267583036969128,GEE:S2_SR_HARMONIZED
pn_sierra_nevada_senderismo_transnevada_rj_portugos_barranco_bermejo_portugo_003,Transnevada RJ - Portugos - Barranco Bermejo - Portugos,senderismo,2025,8,2025-08-01,0.4096315848557273,0.1143674821380692,0.23575868412914386,0.28326318519358934,0.5372259320080643,0.16210710516016658,GEE:S2_SR_HARMONIZED
pn_sierra_nevada_senderismo_transnevada_rk_padre_eterno_ar_puente_palo_padre_004,Transnevada RK - Padre Eterno - AR Puente Palo - Padre Eterno,senderismo,2025,8,2025-08-01,0.3169977810466797,0.011538227613107773,0.20083139084283086,0.18571641489294607,0.42006178795233096,0.16634083524942106,GEE:S2_SR_HARMONIZED
pn_sierra_nevada_senderismo_transnevada_rc_abrucena_la_polarda_005,Transnevada RC - Abrucena - La Polarda,senderismo,2025,8,2025-08-01,0.36908499338543244,0.11356722397976637,0.22359260590805463,0.23635741518881986,0.4981020298955268,0.15410966821367972,GEE:S2_SR_HARMONIZED
pn_sierra_nevada_senderismo_transnevada_rd_laujar_andarax_loma_raspa_laujar__006,Transnevada RD - Laujar Andarax - Loma Raspa - Laujar Andarax,senderismo,2025,8,2025-08-01,0.36232392901392446,0.09597653314306064,0.21448797259866043,0.2205707820304078,0.5019033604513125,0.17482269519491359,GEE:S2_SR_HARMONIZED
pn_sierra_nevada_senderismo_transnevada_ri_niguelas_la_rinconada_niguelas_007,Transnevada RI - Niguelas - La Rinconada - Niguelas,senderismo,2025,8,2025-08-01,0.28225651220737824,0.025339376395935646,0.18929028765793723,0.1894711983353501,0.3535073839490046,0.1275503227526037,GEE:S2_SR_HARMONIZED
pn_sierra_nevada_senderismo_acequias_del_poqueira_008,Acequias del Poqueira,senderismo,2025,8,2025-08-01,0.3759446747359276,0.08249151055413696,0.25751585708253766,0.23638188983247657,0.5019783023040499,0.1779716789574398,GEE:S2_SR_HARMONIZED
pn_sierra_nevada_senderismo_canal_de_la_espartera_arenales_del_trevenque_009,Canal de la Espartera - Arenales del Trevenque,senderismo,2025,8,2025-08-01,0.34857937145651297,0.04316629679364917,0.21374105815605335,0.18959506607439608,0.5015223193227581,0.1915191942225553,GEE:S2_SR_HARMONIZED
pn_sierra_nevada_senderismo_cerro_huenes_010,Cerro Huenes,senderismo,2025,8,2025-08-01,0.4494303750886857,0.1172631503559097,0.27290191754521725,0.3105920429346237,0.5918675337953511,0.16077620896229944,GEE:S2_SR_HARMONIZED
pn_sierra_nevada_senderismo_el_aguadero_011,El Aguadero,senderismo,2025,8,2025-08-01,0.411340225011894,0.110670873076884,0.2458786571925095,0.28715497071486057,0.5330421014227665,0.15616348609971636,GEE:S2_SR_HARMONIZED
pn_sierra_nevada_senderismo_haza_larguilla_012,Haza Larguilla,senderismo,2025,8,2025-08-01,0.21547390131355532,-0.0942751672551749,0.13353704557436358,0.1669314527356556,0.2605454983186747,0.06735744732122564,GEE:S2_SR_HARMONIZED
pn_sierra_nevada_senderismo_hoya_del_portillo_refugio_poqueira_013,Hoya del Portillo - Refugio Poqueira,senderismo,2025,8,2025-08-01,0.3515167816959605,0.07307483246294283,0.20438123579757747,0.23241605500694318,0.40433541516768196,0.18612461146509746,GEE:S2_SR_HARMONIZED
pn_sierra_nevada_senderismo_jerez_del_marquesado_postero_alto_014,Jerez del Marquesado - Postero Alto,senderismo,2025,8,2025-08-01,0.3857712735087936,0.13799994512545008,0.21276597836820638,0.23237581007338567,0.5331362146503924,0.17771781192851901,GEE:S2_SR_HARMONIZED
pn_sierra_nevada_senderismo_ragua_aldeire_015,Ragua - Aldeire,senderismo,2025,8,2025-08-01,0.47078325578371016,0.17711467578243345,0.2852576321517726,0.2755339544931295,0.6739299997255149,0.21063842449681536,GEE:S2_SR_HARMONIZED
pn_sierra_nevada_senderismo_transnevada_invierno_016,TRANSNEVADA INVIERNO,senderismo,2025,8,2025-08-01,0.37282193193214347,0.08916586347695689,0.2272901748294349,0.2363598973021764,0.5019075380447262,0.1699157233956426,GEE:S2_SR_HARMONIZED
pn_sierra_nevada_senderismo_transnevada_verano_017,TRANSNEVADA VERANO,senderismo,2025,8,2025-08-01,0.37514654018256455,0.09377613112206507,0.22867488024941698,0.23636668000260913,0.5058343729642304,0.17306997056945603,GEE:S2_SR_HARMONIZED
pn_sierra_nevada_senderismo_transnevada_ra_guejar_sierra_pena_partida_018,Transnevada RA - Güejar Sierra - Peña Partida,senderismo,2025,8,2025-08-01,0.2964766887803152,0.024555918740300386,0.20297444418070992,0.18554900529026608,0.3888014095517845,0.14942656221402809,GEE:S2_SR_HARMONIZED
pn_sierra_nevada_senderismo_transnevada_rb_lanteira_postero_alto_lanteira_019,Transnevada RB - Lanteira - Postero Alto - Lanteira,senderismo,2025,8,2025-08-01,0.38461605327835535,0.12848474553488176,0.21926005585913033,0.27158209671724637,0.5019155933068163,0.15984102387814927,GEE:S2_SR_HARMONIZED
pn_sierra_nevada_senderismo_transnevada_re_bayarcal_laguna_seca_020,Transnevada RE - Bayarcal - Laguna Seca,senderismo,2025,8,2025-08-01,0.4440462153134037,0.1656587011467999,0.24612229816059428,0.29087378883155257,0.5996780650952952,0.18123655805661407,GEE:S2_SR_HARMONIZED
pn_sierra_nevada_senderismo_la_cebadilla_021,La Cebadilla,senderismo,2025,8,2025-08-01,0.41558816702494794,0.07712005976173368,0.2851512554360574,0.2557937297716746,0.5567016280143469,0.18924745517067357,GEE:S2_SR_HARMONIZED
pn_sierra_nevada_senderismo_la_silleta_022,La Silleta,senderismo,2025,8,2025-08-01,0.30985992360758585,-0.01743144028693349,0.18353982999544674,0.20903203278970475,0.4160836761309223,0.12669511755445528,GEE:S2_SR_HARMONIZED
pn_sierra_nevada_senderismo_lanjaron_tello_023,Lanjaron - Tello,senderismo,2025,8,2025-08-01,0.39506367427048444,0.042703055850227836,0.2725703926998801,0.236651173921831,0.5328090661526889,0.1958178749040905,GEE:S2_SR_HARMONIZED
pn_sierra_nevada_senderismo_molinos_de_isfalada_024,Molinos de Isfalada,senderismo,2025,8,2025-08-01,0.31918156460696684,0.08422442118474138,0.1995078644381592,0.2089103403593442,0.40056500584738597,0.15426573338197053,GEE:S2_SR_HARMONIZED
pn_sierra_nevada_senderismo_monterrey_025,Monterrey,senderismo,2025,8,2025-08-01,0.4354405096659721,0.10210229106073711,0.25532380129869475,0.32608733984908894,0.5332982888434074,0.15069267046313564,GEE:S2_SR_HARMONIZED
pn_sierra_nevada_senderismo_puente_palo_026,Puente Palo,senderismo,2025,8,2025-08-01,0.5601225663378437,0.190630176180858,0.33375499444335943,0.47859477175125553,0.6582721008682552,0.12795898218789897,GEE:S2_SR_HARMONIZED
pn_sierra_nevada_senderismo_ragua_hoyos_de_pura_027,Ragua - Hoyos de Pura,senderismo,2025,8,2025-08-01,0.5396837276206449,0.2619396811860033,0.30607422558124314,0.486414079584627,0.6857033506475745,0.18882530065735528,GEE:S2_SR_HARMONIZED
pn_sierra_nevada_senderismo_ragua_lagunilla_seca_028,Ragua - Lagunilla Seca,senderismo,2025,8,2025-08-01,0.4197842481432754,0.1475919535557774,0.24873993364902408,0.30687704131330956,0.5564943989050591,0.14796028657781907,GEE:S2_SR_HARMONIZED
pn_sierra_nevada_senderismo_rio_alhama_029,Río Alhama,senderismo,2025,8,2025-08-01,0.3133003798261801,0.02898627299315948,0.1930382878843943,0.16624160104576435,0.43149024572982614,0.18439871215430226,GEE:S2_SR_HARMONIZED
pn_sierra_nevada_senderismo_rio_bermejo_030,Río Bermejo,senderismo,2025,8,2025-08-01,0.46579650461119565,0.1327420513003879,0.27744550878477175,0.3222070298649907,0.6074850644982542,0.18291562524188199,GEE:S2_SR_HARMONIZED
pn_sierra_nevada_senderismo_rio_grande_de_los_berchules_031,Río Grande de los Berchules,senderismo,2025,8,2025-08-01,0.3856402122693859,0.09307749968835416,0.24481446911146815,0.22086420086447048,0.5489388059277391,0.18979518858596642,GEE:S2_SR_HARMONIZED
pn_sierra_nevada_senderismo_trevelez_siete_lagunas_032,Trevélez - Siete Lagunas,senderismo,2025,8,2025-08-01,0.3825983727673091,0.09745740478311268,0.24563063127360363,0.22854147248631598,0.529120462396507,0.20183660503057566,GEE:S2_SR_HARMONIZED
pn_sierra_nevada_senderismo_ubeire_033,Ubeire,senderismo,2025,8,2025-08-01,0.4857047604060173,0.17908503040096282,0.2963354005675904,0.3886729968390605,0.564074837328518,0.1301563996211742,GEE:S2_SR_HARMONIZED
pn_sierra_nevada_senderismo_sulayr_034,SULAYR,senderismo,2025,8,2025-08-01,0.42158641005057346,0.12329790207345885,0.2574780211525853,0.2754487449586527,0.5722879582237833,0.17938955333519738,GEE:S2_SR_HARMONIZED
pn_sierra_nevada_senderismo_carril_cicloturista_la_zubia_cumbres_verdes_035,CARRIL CICLOTURISTA LA ZUBIA-CUMBRES VERDES,senderismo,2025,8,2025-08-01,0.3411307360057632,-0.0399568770369395,0.17634411697198651,0.28336302378882666,0.40815857666519717,0.10243244719304184,GEE:S2_SR_HARMONIZED
pn_sierra_nevada_senderismo_dehesa_del_camarate_036,Dehesa del Camarate,senderismo,2025,8,2025-08-01,0.4618784510199431,0.10330850409104328,0.2973505377045843,0.33375051268220424,0.5991701198894571,0.16667219044957893,GEE:S2_SR_HARMONIZED
pn_sierra_nevada_senderismo_pueblos_del_poqueira_037,PUEBLOS DEL POQUEIRA,senderismo,2025,8,2025-08-01,0.46591868598661057,0.11961623028944986,0.32585007878759525,0.3025773452058363,0.6388224554944922,0.20770282402404147,GEE:S2_SR_HARMONIZED
pn_sierra_nevada_senderismo_ragua_barranco_del_hornillo_038,Ragua - Barranco del Hornillo,senderismo,2025,8,2025-08-01,0.6069692742648076,0.28445229823441837,0.32496559573259387,0.5012721879834152,0.7250836925646501,0.15281769921560853,GEE:S2_SR_HARMONIZED
pn_sierra_nevada_ciclismo_transnevada_rf_valor_fuente_de_las_primeras_agua_039,Transnevada RF - Valor - Fuente de las Primeras Aguas,ciclismo,2025,8,2025-08-01,0.3836329889274195,0.09724781597753769,0.2180116562454926,0.22854485629751775,0.5333385581759114,0.17739823458427725,GEE:S2_SR_HARMONIZED
pn_sierra_nevada_ciclismo_transnevada_rg_yegen_mecina_bombaron_yegen_040,Transnevada RG - Yegen - Mecina Bombaron - Yegen,ciclismo,2025,8,2025-08-01,0.31455325267563367,0.051486769670641856,0.1847218395113678,0.18163165120961153,0.4318797771022167,0.17051573156664637,GEE:S2_SR_HARMONIZED
pn_sierra_nevada_ciclismo_transnevada_rh_capileira_refugio_poqueira_041,Transnevada RH - Capileira - Refugio Poqueira,ciclismo,2025,8,2025-08-01,0.33066038331204095,0.09323841789902122,0.18535076706480566,0.17384530327077943,0.4820743231350078,0.20267583036969128,GEE:S2_SR_HARMONIZED
pn_sierra_nevada_ciclismo_transnevada_rj_portugos_barranco_bermejo_portugo_042,Transnevada RJ - Portugos - Barranco Bermejo - Portugos,ciclismo,2025,8,2025-08-01,0.4096315848557273,0.1143674821380692,0.23575868412914386,0.28326318519358934,0.5372259320080643,0.16210710516016658,GEE:S2_SR_HARMONIZED
pn_sierra_nevada_ciclismo_transnevada_rk_padre_eterno_ar_puente_palo_padre_043,Transnevada RK - Padre Eterno - AR Puente Palo - Padre Eterno,ciclismo,2025,8,2025-08-01,0.3169977810466797,0.011538227613107773,0.20083139084283086,0.18571641489294607,0.42006178795233096,0.16634083524942106,GEE:S2_SR_HARMONIZED
pn_sierra_nevada_ciclismo_transnevada_rc_abrucena_la_polarda_044,Transnevada RC - Abrucena - La Polarda,ciclismo,2025,8,2025-08-01,0.36908499338543244,0.11356722397976637,0.22359260590805463,0.23635741518881986,0.4981020298955268,0.15410966821367972,GEE:S2_SR_HARMONIZED
pn_sierra_nevada_ciclismo_transnevada_rd_laujar_andarax_loma_raspa_laujar__045,Transnevada RD - Laujar Andarax - Loma Raspa - Laujar Andarax,ciclismo,2025,8,2025-08-01,0.36232392901392446,0.09597653314306064,0.21448797259866043,0.2205707820304078,0.5019033604513125,0.17482269519491359,GEE:S2_SR_HARMONIZED
pn_sierra_nevada_ciclismo_transnevada_ri_niguelas_la_rinconada_niguelas_046,Transnevada RI - Niguelas - La Rinconada - Niguelas,ciclismo,2025,8,2025-08-01,0.28225651220737824,0.025339376395935646,0.18929028765793723,0.1894711983353501,0.3535073839490046,0.1275503227526037,GEE:S2_SR_HARMONIZED
pn_sierra_nevada_ciclismo_transnevada_invierno_047,TRANSNEVADA INVIERNO,ciclismo,2025,8,2025-08-01,0.37282193193214347,0.08916586347695689,0.2272901748294349,0.2363598973021764,0.5019075380447262,0.1699157233956426,GEE:S2_SR_HARMONIZED
pn_sierra_nevada_ciclismo_transnevada_verano_048,TRANSNEVADA VERANO,ciclismo,2025,8,2025-08-01,0.37514654018256455,0.09377613112206507,0.22867488024941698,0.23636668000260913,0.5058343729642304,0.17306997056945603,GEE:S2_SR_HARMONIZED
pn_sierra_nevada_ciclismo_transnevada_ra_guejar_sierra_pena_partida_049,Transnevada RA - Güejar Sierra - Peña Partida,ciclismo,2025,8,2025-08-01,0.2964766887803152,0.024555918740300386,0.20297444418070992,0.18554900529026608,0.3888014095517845,0.14942656221402809,GEE:S2_SR_HARMONIZED
pn_sierra_nevada_ciclismo_transnevada_rb_lanteira_postero_alto_lanteira_050,Transnevada RB - Lanteira - Postero Alto - Lanteira,ciclismo,2025,8,2025-08-01,0.38461605327835535,0.12848474553488176,0.21926005585913033,0.27158209671724637,0.5019155933068163,0.15984102387814927,GEE:S2_SR_HARMONIZED
pn_sierra_nevada_ciclismo_transnevada_re_bayarcal_laguna_seca_051,Transnevada RE - Bayarcal - Laguna Seca,ciclismo,2025,8,2025-08-01,0.4440462153134037,0.1656587011467999,0.24612229816059428,0.29087378883155257,0.5996780650952952,0.18123655805661407,GEE:S2_SR_HARMONIZED
pn_sierra_nevada_ciclismo_carril_cicloturista_la_zubia_cumbres_verdes_052,CARRIL CICLOTURISTA LA ZUBIA-CUMBRES VERDES,ciclismo,2025,8,2025-08-01,0.3411307360057632,-0.0399568770369395,0.17634411697198651,0.28336302378882666,0.40815857666519717,0.10243244719304184,GEE:S2_SR_HARMONIZED
pn_sierra_nevada_senderismo_transnevada_rf_valor_fuente_de_las_primeras_agua_000,Transnevada RF - Valor - Fuente de las Primeras Aguas,senderismo,2025,9,2025-09-01,0.38943240930152806,0.08995279858454092,0.20124127766886551,0.21691483862290567,0.56071828367379,0.19774696268735245,GEE:S2_SR_HARMONIZED
pn_sierra_nevada_senderismo_transnevada_rg_yegen_mecina_bombaron_yegen_001,Transnevada RG - Yegen - Mecina Bombaron - Yegen,senderismo,2025,9,2025-09-01,0.31395294478480706,0.040128373422650555,0.16810986203343808,0.1660377742077938,0.44718300048926973,0.1897229898443683,GEE:S2_SR_HARMONIZED
pn_sierra_nevada_senderismo_transnevada_rh_capileira_refugio_poqueira_002,Transnevada RH - Capileira - Refugio Poqueira,senderismo,2025,9,2025-09-01,0.32787596507244754,0.08228876284022145,0.1700189727929025,0.16213079452388685,0.49424041512562716,0.21431269346065118,GEE:S2_SR_HARMONIZED
pn_sierra_nevada_senderismo_transnevada_rj_portugos_barranco_bermejo_portugo_003,Transnevada RJ - Portugos - Barranco Bermejo - Portugos,senderismo,2025,9,2025-09-01,0.4091408729148788,0.10927144474918059,0.2205071617988308,0.2715237082819503,0.5408904418779663,0.171562653412342,GEE:S2_SR_HARMONIZED
pn_sierra_nevada_senderismo_transnevada_rk_padre_eterno_ar_puente_palo_padre_004,Transnevada RK - Padre Eterno - AR Puente Palo - Padre Eterno,senderismo,2025,9,2025-09-01,0.30694359425447393,0.0062230407293582205,0.18413555940559365,0.16999856488356874,0.41616254668811825,0.17457058161676864,GEE:S2_SR_HARMONIZED
pn_sierra_nevada_senderismo_transnevada_rc_abrucena_la_polarda_005,Transnevada RC - Abrucena - La Polarda,senderismo,2025,9,2025-09-01,0.400005599717791,0.1311235912664528,0.22170801793914566,0.24040776481342596,0.556791586493029,0.1816788637081939,GEE:S2_SR_HARMONIZED
pn_sierra_nevada_senderismo_transnevada_rd_laujar_andarax_loma_raspa_laujar__006,Transnevada RD - Laujar Andarax - Loma Raspa - Laujar Andarax,senderismo,2025,9,2025-09-01,0.3749877874751301,0.10073778167311873,0.20859879976196266,0.21297702540220814,0.5372343627262437,0.1939270336103953,GEE:S2_SR_HARMONIZED
pn_sierra_nevada_senderismo_transnevada_ri_niguelas_la_rinconada_niguelas_007,Transnevada RI - Niguelas - La Rinconada - Niguelas,senderismo,2025,9,2025-09-01,0.27822822056422153,0.02352067768363459,0.1780212010960561,0.1816170172074658,0.3535968369769241,0.13411328246592394,GEE:S2_SR_HARMONIZED
pn_sierra_nevada_senderismo_acequias_del_poqueira_008,Acequias del Poqueira,senderismo,2025,9,2025-09-01,0.35973312153565473,0.06513028897004637,0.2329348864511858,0.21683013668698725,0.48645467433911505,0.185429461339035,GEE:S2_SR_HARMONIZED
pn_sierra_nevada_senderismo_canal_de_la_espartera_arenales_del_trevenque_009,Canal de la Espartera - Arenales del Trevenque,senderismo,2025,9,2025-09-01,0.36176732942394824,0.0506748143245867,0.2042537847698294,0.1895877141789529,0.5333469160287007,0.20330626566936197,GEE:S2_SR_HARMONIZED
pn_sierra_nevada_senderismo_cerro_huenes_010,Cerro Huenes,senderismo,2025,9,2025-09-01,0.4697342082600084,0.14110105702386394,0.2662781579123416,0.32213538165119127,0.6189839530392404,0.1695576092580904,GEE:S2_SR_HARMONIZED
pn_sierra_nevada_senderismo_el_aguadero_011,El Aguadero,senderismo,2025,9,2025-09-01,0.43230115738411545,0.12243442670734633,0.24475017888339756,0.28697145177105005,0.5803543724712429,0.177202257150497,GEE:S2_SR_HARMONIZED
pn_sierra_nevada_senderismo_haza_larguilla_012,Haza Larguilla,senderismo,2025,9,2025-09-01,0.2166957381966972,-0.089976371476431,0.12544234994454354,0.16534139880019685,0.266695331262249,0.0714224766520509,GEE:S2_SR_HARMONIZED
pn_sierra_nevada_senderismo_hoya_del_portillo_refugio_poqueira_013,Hoya del Portillo - Refugio Poqueira,senderismo,2025,9,2025-09-01,0.34895042706633456,0.058312231533435815,0.18672703669905794,0.2284040556868347,0.39696508020937743,0.1918785797569222,GEE:S2_SR_HARMONIZED
pn_sierra_nevada_senderismo_jerez_del_marquesado_postero_alto_014,Jerez del Marquesado - Postero Alto,senderismo,2025,9,2025-09-01,0.4042727984820606,0.1441108801329296,0.2054488468865938,0.23262053749552472,0.5724753322997268,0.1990117516108983,GEE:S2_SR_HARMONIZED
pn_sierra_nevada_senderismo_ragua_aldeire_015,Ragua - Aldeire,senderismo,2025,9,2025-09-01,0.4764591963344583,0.17757909716211995,0.27296727794902287,0.2599213709498989,0.7051759193970683,0.2297608882612031,GEE:S2_SR_HARMONIZED
pn_sierra_nevada_senderismo_transnevada_invierno_016,TRANSNEVADA INVIERNO,senderismo,2025,9,2025-09-01,0.3826439011389569,0.0912594802467643,0.21603909475796204,0.23243820299805942,0.5293374817442943,0.185900484721152,GEE:S2_SR_HARMONIZED
pn_sierra_nevada_senderismo_transnevada_verano_017,TRANSNEVADA VERANO,senderismo,2025,9,2025-09-01,0.38547979463854704,0.09637291994632358,0.21785760504544885,0.22850900061292764,0.5371108819729453,0.189136193568794,GEE:S2_SR_HARMONIZED
pn_sierra_nevada_senderismo_transnevada_ra_guejar_sierra_pena_partida_018,Transnevada RA - Güejar Sierra - Peña Partida,senderismo,2025,9,2025-09-01,0.29442021118854445,0.025263825059116,0.19259453486317407,0.1777335407663301,0.39237948146346413,0.15498125578248928,GEE:S2_SR_HARMONIZED
pn_sierra_nevada_senderismo_transnevada_rb_lanteira_postero_alto_lanteira_019,Transnevada RB - Lanteira - Postero Alto - Lanteira,senderismo,2025,9,2025-09-01,0.4080241938327376,0.13711071551779905,0.21437478460450943,0.27943795907468566,0.5450156365528277,0.1766887240965348,GEE:S2_SR_HARMONIZED
pn_sierra_nevada_senderismo_transnevada_re_bayarcal_laguna_seca_020,Transnevada RE - Bayarcal - Laguna Seca,senderismo,2025,9,2025-09-01,0.4573042674581114,0.16710865840349243,0.23147708171822096,0.2831253249445759,0.6308980722941429,0.20111536792345516,GEE:S2_SR_HARMONIZED
pn_sierra_nevada_senderismo_la_cebadilla_021,La Cebadilla,senderismo,2025,9,2025-09-01,0.4004081365958943,0.07204099040264611,0.2662366012652254,0.23649987047607324,0.5451759290038432,0.19428170335457806,GEE:S2_SR_HARMONIZED
pn_sierra_nevada_senderismo_la_silleta_022,La Silleta,senderismo,2025,9,2025-09-01,0.3263742220653349,-8.797275999502894E-4,0.18131404668870493,0.2092535212537366,0.45113721157400255,0.14193262062844328,GEE:S2_SR_HARMONIZED
pn_sierra_nevada_senderismo_lanjaron_tello_023,Lanjaron - Tello,senderismo,2025,9,2025-09-01,0.38612562269713024,0.036851210238558314,0.2579164671006315,0.2207640052717375,0.5252266011731205,0.2023710740322133,GEE:S2_SR_HARMONIZED
pn_sierra_nevada_senderismo_molinos_de_isfalada_024,Molinos de Isfalada,senderismo,2025,9,2025-09-01,0.33432146097221893,0.08528353961340238,0.1928847483936274,0.2091058143318986,0.43145027286554616,0.17364214747321333,GEE:S2_SR_HARMONIZED
pn_sierra_nevada_senderismo_monterrey_025,Monterrey,senderismo,2025,9,2025-09-01,0.4652932282615609,0.12050907185743338,0.26194323058459773,0.33396160942069003,0.5917750527171227,0.1714800612288649,GEE:S2_SR_HARMONIZED
pn_sierra_nevada_senderismo_puente_palo_026,Puente Palo,senderismo,2025,9,2025-09-01,0.5722349433578612,0.19269575782375742,0.3177633453513425,0.4900323860902584,0.6775924726907466,0.13676172829623673,GEE:S2_SR_HARMONIZED
pn_sierra_nevada_senderismo_ragua_hoyos_de_pura_027,Ragua - Hoyos de Pura,senderismo,2025,9,2025-09-01,0.5534450617323726,0.2617738843984838,0.291956009380143,0.49910224538271114,0.7054572202932294,0.20425641709727027,GEE:S2_SR_HARMONIZED
pn_sierra_nevada_senderismo_ragua_lagunilla_seca_028,Ragua - Lagunilla Seca,senderismo,2025,9,2025-09-01,0.4180908831728506,0.1452198338710341,0.2343461954930797,0.2910968026726958,0.5719294058829003,0.16562374148303408,GEE:S2_SR_HARMONIZED
pn_sierra_nevada_senderismo_rio_alhama_029,Río Alhama,senderismo,2025,9,2025-09-01,0.3171628152647869,0.02267477093853093,0.17911981785387515,0.15442744901528233,0.4513956762996585,0.20241567077129816,GEE:S2_SR_HARMONIZED
pn_sierra_nevada_senderismo_rio_bermejo_030,Río Bermejo,senderismo,2025,9,2025-09-01,0.46345968138089627,0.12223085487649327,0.25481569610188815,0.30656502757033566,0.6151889630083767,0.1937590742328342,GEE:S2_SR_HARMONIZED
pn_sierra_nevada_senderismo_rio_grande_de_los_berchules_031,Río Grande de los Berchules,senderismo,2025,9,2025-09-01,0.3921402133036219,0.08436062890930023,0.2278475029227332,0.20502532242928853,0.5878023384196288,0.21249640423415742,GEE:S2_SR_HARMONIZED
pn_sierra_nevada_senderismo_trevelez_siete_lagunas_032,Trevélez - Siete Lagunas,senderismo,2025,9,2025-09-01,0.3654475440284274,0.07155737143661037,0.2165388855928397,0.21279457965662046,0.5097860429623465,0.20751769574660692,GEE:S2_SR_HARMONIZED
pn_sierra_nevada_senderismo_ubeire_033,Ubeire,senderismo,2025,9,2025-09-01,0.5275113140369787,0.18916207992756504,0.29330759576272036,0.43144742677379366,0.6192831060326102,0.1368394365118097,GEE:S2_SR_HARMONIZED
pn_sierra_nevada_senderismo_sulayr_034,SULAYR,senderismo,2025,9,2025-09-01,0.4271491425925762,0.12111207016425617,0.24233015816062237,0.2636826591511288,0.5996248568831873,0.19600279537247142,GEE:S2_SR_HARMONIZED
pn_sierra_nevada_senderismo_carril_cicloturista_la_zubia_cumbres_verdes_035,CARRIL CICLOTURISTA LA ZUBIA-CUMBRES VERDES,senderismo,2025,9,2025-09-01,0.3694537763803257,-0.02072196607163461,0.17895458498498085,0.30642686469912594,0.44737776330511214,0.1163737762876544,GEE:S2_SR_HARMONIZED
pn_sierra_nevada_senderismo_dehesa_del_camarate_036,Dehesa del Camarate,senderismo,2025,9,2025-09-01,0.46681509274014654,0.09685751651789047,0.27679427454194516,0.3303310776408988,0.6186781355683041,0.18131927837830453,GEE:S2_SR_HARMONIZED
pn_sierra_nevada_senderismo_pueblos_del_poqueira_037,PUEBLOS DEL POQUEIRA,senderismo,2025,9,2025-09-01,0.45540834668974245,0.1134544033137161,0.3037287244695808,0.2790766927524436,0.6306219970041741,0.21419419769197873,GEE:S2_SR_HARMONIZED
pn_sierra_nevada_senderismo_ragua_barranco_del_hornillo_038,Ragua - Barranco del Hornillo,senderismo,2025,9,2025-09-01,0.6257857430195962,0.2891798833769394,0.31973083080878956,0.5106672644615173,0.7521734405661348,0.16667479978238783,GEE:S2_SR_HARMONIZED
pn_sierra_nevada_ciclismo_transnevada_rf_valor_fuente_de_las_primeras_agua_039,Transnevada RF - Valor - Fuente de las Primeras Aguas,ciclismo,2025,9,2025-09-01,0.38943240930152806,0.08995279858454092,0.20124127766886551,0.21691483862290567,0.56071828367379,0.19774696268735245,GEE:S2_SR_HARMONIZED
pn_sierra_nevada_ciclismo_transnevada_rg_yegen_mecina_bombaron_yegen_040,Transnevada RG - Yegen - Mecina Bombaron - Yegen,ciclismo,2025,9,2025-09-01,0.31395294478480706,0.040128373422650555,0.16810986203343808,0.1660377742077938,0.44718300048926973,0.1897229898443683,GEE:S2_SR_HARMONIZED
pn_sierra_nevada_ciclismo_transnevada_rh_capileira_refugio_poqueira_041,Transnevada RH - Capileira - Refugio Poqueira,ciclismo,2025,9,2025-09-01,0.32787596507244754,0.08228876284022145,0.1700189727929025,0.16213079452388685,0.49424041512562716,0.21431269346065118,GEE:S2_SR_HARMONIZED
pn_sierra_nevada_ciclismo_transnevada_rj_portugos_barranco_bermejo_portugo_042,Transnevada RJ - Portugos - Barranco Bermejo - Portugos,ciclismo,2025,9,2025-09-01,0.4091408729148788,0.10927144474918059,0.2205071617988308,0.2715237082819503,0.5408904418779663,0.171562653412342,GEE:S2_SR_HARMONIZED
pn_sierra_nevada_ciclismo_transnevada_rk_padre_eterno_ar_puente_palo_padre_043,Transnevada RK - Padre Eterno - AR Puente Palo - Padre Eterno,ciclismo,2025,9,2025-09-01,0.30694359425447393,0.0062230407293582205,0.18413555940559365,0.16999856488356874,0.41616254668811825,0.17457058161676864,GEE:S2_SR_HARMONIZED
pn_sierra_nevada_ciclismo_transnevada_rc_abrucena_la_polarda_044,Transnevada RC - Abrucena - La Polarda,ciclismo,2025,9,2025-09-01,0.400005599717791,0.1311235912664528,0.22170801793914566,0.24040776481342596,0.556791586493029,0.1816788637081939,GEE:S2_SR_HARMONIZED
pn_sierra_nevada_ciclismo_transnevada_rd_laujar_andarax_loma_raspa_laujar__045,Transnevada RD - Laujar Andarax - Loma Raspa - Laujar Andarax,ciclismo,2025,9,2025-09-01,0.3749877874751301,0.10073778167311873,0.20859879976196266,0.21297702540220814,0.5372343627262437,0.1939270336103953,GEE:S2_SR_HARMONIZED
pn_sierra_nevada_ciclismo_transnevada_ri_niguelas_la_rinconada_niguelas_046,Transnevada RI - Niguelas - La Rinconada - Niguelas,ciclismo,2025,9,2025-09-01,0.27822822056422153,0.02352067768363459,0.1780212010960561,0.1816170172074658,0.3535968369769241,0.13411328246592394,GEE:S2_SR_HARMONIZED
pn_sierra_nevada_ciclismo_transnevada_invierno_047,TRANSNEVADA INVIERNO,ciclismo,2025,9,2025-09-01,0.3826439011389569,0.0912594802467643,0.21603909475796204,0.23243820299805942,0.5293374817442943,0.185900484721152,GEE:S2_SR_HARMONIZED
pn_sierra_nevada_ciclismo_transnevada_verano_048,TRANSNEVADA VERANO,ciclismo,2025,9,2025-09-01,0.38547979463854704,0.09637291994632358,0.21785760504544885,0.22850900061292764,0.5371108819729453,0.189136193568794,GEE:S2_SR_HARMONIZED
pn_sierra_nevada_ciclismo_transnevada_ra_guejar_sierra_pena_partida_049,Transnevada RA - Güejar Sierra - Peña Partida,ciclismo,2025,9,2025-09-01,0.29442021118854445,0.025263825059116,0.19259453486317407,0.1777335407663301,0.39237948146346413,0.15498125578248928,GEE:S2_SR_HARMONIZED
pn_sierra_nevada_ciclismo_transnevada_rb_lanteira_postero_alto_lanteira_050,Transnevada RB - Lanteira - Postero Alto - Lanteira,ciclismo,2025,9,2025-09-01,0.4080241938327376,0.13711071551779905,0.21437478460450943,0.27943795907468566,0.5450156365528277,0.1766887240965348,GEE:S2_SR_HARMONIZED
pn_sierra_nevada_ciclismo_transnevada_re_bayarcal_laguna_seca_051,Transnevada RE - Bayarcal - Laguna Seca,ciclismo,2025,9,2025-09-01,0.4573042674581114,0.16710865840349243,0.23147708171822096,0.2831253249445759,0.6308980722941429,0.20111536792345516,GEE:S2_SR_HARMONIZED
pn_sierra_nevada_ciclismo_carril_cicloturista_la_zubia_cumbres_verdes_052,CARRIL CICLOTURISTA LA ZUBIA-CUMBRES VERDES,ciclismo,2025,9,2025-09-01,0.3694537763803257,-0.02072196607163461,0.17895458498498085,0.30642686469912594,0.44737776330511214,0.1163737762876544,GEE:S2_SR_HARMONIZED
pn_sierra_nevada_senderismo_transnevada_rf_valor_fuente_de_las_primeras_agua_000,Transnevada RF - Valor - Fuente de las Primeras Aguas,senderismo,2025,10,2025-10-01,0.41454323752031713,0.09709314624802602,0.1999510158712773,0.24014125082667898,0.5843029471238894,0.19905439856845414,GEE:S2_SR_HARMONIZED
pn_sierra_nevada_senderismo_transnevada_rg_yegen_mecina_bombaron_yegen_001,Transnevada RG - Yegen - Mecina Bombaron - Yegen,senderismo,2025,10,2025-10-01,0.33316380546874347,0.04973516701788984,0.16830818971817899,0.18152714062404351,0.4784062581098415,0.18956037192644457,GEE:S2_SR_HARMONIZED
pn_sierra_nevada_senderismo_transnevada_rh_capileira_refugio_poqueira_002,Transnevada RH - Capileira - Refugio Poqueira,senderismo,2025,10,2025-10-01,0.3671091583152246,0.10051190721136358,0.16931451874047568,0.20087993747960173,0.5527369194742544,0.21601632844452517,GEE:S2_SR_HARMONIZED
pn_sierra_nevada_senderismo_transnevada_rj_portugos_barranco_bermejo_portugo_003,Transnevada RJ - Portugos - Barranco Bermejo - Portugos,senderismo,2025,10,2025-10-01,0.43748615328097706,0.12149582872471873,0.21260917127987994,0.30666005941492586,0.568430555784642,0.17531146481679816,GEE:S2_SR_HARMONIZED
pn_sierra_nevada_senderismo_transnevada_rk_padre_eterno_ar_puente_palo_padre_004,Transnevada RK - Padre Eterno - AR Puente Palo - Padre Eterno,senderismo,2025,10,2025-10-01,0.32659986627677645,-0.0026941529940078413,0.17452230404717897,0.18559663662424214,0.44735628651837755,0.17711635478841634,GEE:S2_SR_HARMONIZED
pn_sierra_nevada_senderismo_transnevada_rc_abrucena_la_polarda_005,Transnevada RC - Abrucena - La Polarda,senderismo,2025,10,2025-10-01,0.46075232737707367,0.15297454034123287,0.23432535408900496,0.2773821601030532,0.6368163920457496,0.20675838464929747,GEE:S2_SR_HARMONIZED
pn_sierra_nevada_senderismo_transnevada_rd_laujar_andarax_loma_raspa_laujar__006,Transnevada RD - Laujar Andarax - Loma Raspa - Laujar Andarax,senderismo,2025,10,2025-10-01,0.4054524046714884,0.10377892045300229,0.20308943295471021,0.2245084529250608,0.5917485754893668,0.21070647474689885,GEE:S2_SR_HARMONIZED
pn_sierra_nevada_senderismo_transnevada_ri_niguelas_la_rinconada_niguelas_007,Transnevada RI - Niguelas - La Rinconada - Niguelas,senderismo,2025,10,2025-10-01,0.3013305391275636,0.021464625551429514,0.18318441500324253,0.19725111223572706,0.3731154550113239,0.14284253227466828,GEE:S2_SR_HARMONIZED
pn_sierra_nevada_senderismo_acequias_del_poqueira_008,Acequias del Poqueira,senderismo,2025,10,2025-10-01,0.38493867559063416,0.06453431977690903,0.21878675411968013,0.24815408001715528,0.5097702175982687,0.1774304520610591,GEE:S2_SR_HARMONIZED
pn_sierra_nevada_senderismo_canal_de_la_espartera_arenales_del_trevenque_009,Canal de la Espartera - Arenales del Trevenque,senderismo,2025,10,2025-10-01,0.39810978432668054,0.06454340422707588,0.20153663704654223,0.20496179755945332,0.5999176843027908,0.21976835846292064,GEE:S2_SR_HARMONIZED
pn_sierra_nevada_senderismo_cerro_huenes_010,Cerro Huenes,senderismo,2025,10,2025-10-01,0.5329047549951147,0.17489887335670679,0.2720240985564128,0.38098651071842443,0.6972832465444015,0.18626325108096498,GEE:S2_SR_HARMONIZED
pn_sierra_nevada_senderismo_el_aguadero_011,El Aguadero,senderismo,2025,10,2025-10-01,0.476188122126717,0.13593180660073603,0.24007345737604624,0.3105222229708606,0.6465538581028399,0.1960379978898358,GEE:S2_SR_HARMONIZED
pn_sierra_nevada_senderismo_haza_larguilla_012,Haza Larguilla,senderismo,2025,10,2025-10-01,0.2334735539135461,-0.10636645597602573,0.12125306708107841,0.16894163563847542,0.299394201870644,0.08360519004813209,GEE:S2_SR_HARMONIZED
pn_sierra_nevada_senderismo_hoya_del_portillo_refugio_poqueira_013,Hoya del Portillo - Refugio Poqueira,senderismo,2025,10,2025-10-01,0.3912480379915875,0.0847774685944487,0.18696790846617334,0.26383168916301447,0.44791462101273066,0.19780405242293653,GEE:S2_SR_HARMONIZED
pn_sierra_nevada_senderismo_jerez_del_marquesado_postero_alto_014,Jerez del Marquesado - Postero Alto,senderismo,2025,10,2025-10-01,0.44399521762082517,0.17604906850519214,0.2252558145838529,0.2754509525759029,0.6151984804037917,0.2002543807444647,GEE:S2_SR_HARMONIZED
pn_sierra_nevada_senderismo_ragua_aldeire_015,Ragua - Aldeire,senderismo,2025,10,2025-10-01,0.504518039358157,0.20981519306107357,0.29356520516780066,0.30283839151657643,0.7049315538956155,0.21768360532478714,GEE:S2_SR_HARMONIZED
pn_sierra_nevada_senderismo_transnevada_invierno_016,TRANSNEVADA INVIERNO,senderismo,2025,10,2025-10-01,0.4180264151783532,0.10486047532186152,0.2214782501877658,0.25384675780199684,0.5741983406073075,0.19587938491692303,GEE:S2_SR_HARMONIZED
pn_sierra_nevada_senderismo_transnevada_verano_017,TRANSNEVADA VERANO,senderismo,2025,10,2025-10-01,0.42165184888392565,0.11163037660001006,0.22452237530280408,0.2538509280330075,0.5820511918270022,0.19886067889959422,GEE:S2_SR_HARMONIZED
pn_sierra_nevada_senderismo_transnevada_ra_guejar_sierra_pena_partida_018,Transnevada RA - Güejar Sierra - Peña Partida,senderismo,2025,10,2025-10-01,0.31162896845469984,0.023278722638594828,0.19010437946627334,0.18951773078075096,0.4235725401243599,0.15415600888341302,GEE:S2_SR_HARMONIZED
pn_sierra_nevada_senderismo_transnevada_rb_lanteira_postero_alto_lanteira_019,Transnevada RB - Lanteira - Postero Alto - Lanteira,senderismo,2025,10,2025-10-01,0.4527483441652096,0.1741783595378748,0.23772244080763452,0.3338376570721893,0.592016429012026,0.17179612392135554,GEE:S2_SR_HARMONIZED
pn_sierra_nevada_senderismo_transnevada_re_bayarcal_laguna_seca_020,Transnevada RE - Bayarcal - Laguna Seca,senderismo,2025,10,2025-10-01,0.49594535912999155,0.18714749863736796,0.23579120339299986,0.31845788442551115,0.6737555398651159,0.20523702763946514,GEE:S2_SR_HARMONIZED
pn_sierra_nevada_senderismo_la_cebadilla_021,La Cebadilla,senderismo,2025,10,2025-10-01,0.4463625098334174,0.07941480729016133,0.25537584726917584,0.29487758921455587,0.5958039388294066,0.1809137855708364,GEE:S2_SR_HARMONIZED
pn_sierra_nevada_senderismo_la_silleta_022,La Silleta,senderismo,2025,10,2025-10-01,0.3757804095332079,0.021503349876284897,0.19204217935771226,0.23254180735035213,0.52975324558972,0.1675258423563775,GEE:S2_SR_HARMONIZED
pn_sierra_nevada_senderismo_lanjaron_tello_023,Lanjaron - Tello,senderismo,2025,10,2025-10-01,0.41940080998519064,0.01937234740270089,0.2548872446731494,0.24781565729355234,0.5800885492024417,0.1994984318990974,GEE:S2_SR_HARMONIZED
pn_sierra_nevada_senderismo_molinos_de_isfalada_024,Molinos de Isfalada,senderismo,2025,10,2025-10-01,0.36382984227846926,0.07882547039628961,0.19208447473147777,0.22052434817566371,0.49070861023980933,0.18453650899167837,GEE:S2_SR_HARMONIZED
pn_sierra_nevada_senderismo_monterrey_025,Monterrey,senderismo,2025,10,2025-10-01,0.5109681019292678,0.13883839765214348,0.2589774483040419,0.36910779744241357,0.6543525295018568,0.1827313794737117,GEE:S2_SR_HARMONIZED
pn_sierra_nevada_senderismo_puente_palo_026,Puente Palo,senderismo,2025,10,2025-10-01,0.6144546755277518,0.20831322498842011,0.298075067489566,0.5449778382933862,0.7088970326400703,0.1254925363698646,GEE:S2_SR_HARMONIZED
pn_sierra_nevada_senderismo_ragua_hoyos_de_pura_027,Ragua - Hoyos de Pura,senderismo,2025,10,2025-10-01,0.5524328566032916,0.28039638467729855,0.3010488660723258,0.50645182972931,0.6773688570936496,0.1951053451167579,GEE:S2_SR_HARMONIZED
pn_sierra_nevada_senderismo_ragua_lagunilla_seca_028,Ragua - Lagunilla Seca,senderismo,2025,10,2025-10-01,0.4612275056348983,0.17699121851443056,0.2566039647948019,0.31447205561144553,0.6350977538331652,0.18341336165347977,GEE:S2_SR_HARMONIZED
pn_sierra_nevada_senderismo_rio_alhama_029,Río Alhama,senderismo,2025,10,2025-10-01,0.3670370252235844,0.04132096176860432,0.19588258033821668,0.1817544631644977,0.5290618201145669,0.21271612555877556,GEE:S2_SR_HARMONIZED
pn_sierra_nevada_senderismo_rio_bermejo_030,Río Bermejo,senderismo,2025,10,2025-10-01,0.4915794251275327,0.12971208246780053,0.25035569890029774,0.3496855468540402,0.634654744220931,0.18842979072895982,GEE:S2_SR_HARMONIZED
pn_sierra_nevada_senderismo_rio_grande_de_los_berchules_031,Río Grande de los Berchules,senderismo,2025,10,2025-10-01,0.3924888720617055,0.08624426405481167,0.21892930452977405,0.2206172315717163,0.560629628452506,0.192670015022871,GEE:S2_SR_HARMONIZED
pn_sierra_nevada_senderismo_trevelez_siete_lagunas_032,Trevélez - Siete Lagunas,senderismo,2025,10,2025-10-01,0.3772307082370059,0.07489366827435755,0.21283923483752487,0.24008962096446923,0.5094878290373713,0.19072082507851318,GEE:S2_SR_HARMONIZED
pn_sierra_nevada_senderismo_ubeire_033,Ubeire,senderismo,2025,10,2025-10-01,0.5719977781323049,0.21288219305722328,0.30835654463086304,0.48641259265659464,0.6585594520514396,0.12379623873607756,GEE:S2_SR_HARMONIZED
pn_sierra_nevada_senderismo_sulayr_034,SULAYR,senderismo,2025,10,2025-10-01,0.45856285612523295,0.13400059455914087,0.24533351776035606,0.29298165121968517,0.6367880551053445,0.19883131927263775,GEE:S2_SR_HARMONIZED
pn_sierra_nevada_senderismo_carril_cicloturista_la_zubia_cumbres_verdes_035,CARRIL CICLOTURISTA LA ZUBIA-CUMBRES VERDES,senderismo,2025,10,2025-10-01,0.42448081967740336,0.009969493641302155,0.1906711633917179,0.36166003535236174,0.5135409070453543,0.13369872817654874,GEE:S2_SR_HARMONIZED
pn_sierra_nevada_senderismo_dehesa_del_camarate_036,Dehesa del Camarate,senderismo,2025,10,2025-10-01,0.49553388460583925,0.10431022835149985,0.274374670073622,0.36946826005176797,0.6427741976603842,0.1692188743791415,GEE:S2_SR_HARMONIZED
pn_sierra_nevada_senderismo_pueblos_del_poqueira_037,PUEBLOS DEL POQUEIRA,senderismo,2025,10,2025-10-01,0.514277716244407,0.11971110171355467,0.2907357981137426,0.35358286233493164,0.6896097127002417,0.20787640298543927,GEE:S2_SR_HARMONIZED
pn_sierra_nevada_senderismo_ragua_barranco_del_hornillo_038,Ragua - Barranco del Hornillo,senderismo,2025,10,2025-10-01,0.6661117965285144,0.33182570787986027,0.3507971430125264,0.5755771845579147,0.7831376652588153,0.15699753548174863,GEE:S2_SR_HARMONIZED
pn_sierra_nevada_ciclismo_transnevada_rf_valor_fuente_de_las_primeras_agua_039,Transnevada RF - Valor - Fuente de las Primeras Aguas,ciclismo,2025,10,2025-10-01,0.41454323752031713,0.09709314624802602,0.1999510158712773,0.24014125082667898,0.5843029471238894,0.19905439856845414,GEE:S2_SR_HARMONIZED
pn_sierra_nevada_ciclismo_transnevada_rg_yegen_mecina_bombaron_yegen_040,Transnevada RG - Yegen - Mecina Bombaron - Yegen,ciclismo,2025,10,2025-10-01,0.33316380546874347,0.04973516701788984,0.16830818971817899,0.18152714062404351,0.4784062581098415,0.18956037192644457,GEE:S2_SR_HARMONIZED
pn_sierra_nevada_ciclismo_transnevada_rh_capileira_refugio_poqueira_041,Transnevada RH - Capileira - Refugio Poqueira,ciclismo,2025,10,2025-10-01,0.3671091583152246,0.10051190721136358,0.16931451874047568,0.20087993747960173,0.5527369194742544,0.21601632844452517,GEE:S2_SR_HARMONIZED
pn_sierra_nevada_ciclismo_transnevada_rj_portugos_barranco_bermejo_portugo_042,Transnevada RJ - Portugos - Barranco Bermejo - Portugos,ciclismo,2025,10,2025-10-01,0.43748615328097706,0.12149582872471873,0.21260917127987994,0.30666005941492586,0.568430555784642,0.17531146481679816,GEE:S2_SR_HARMONIZED
pn_sierra_nevada_ciclismo_transnevada_rk_padre_eterno_ar_puente_palo_padre_043,Transnevada RK - Padre Eterno - AR Puente Palo - Padre Eterno,ciclismo,2025,10,2025-10-01,0.32659986627677645,-0.0026941529940078413,0.17452230404717897,0.18559663662424214,0.44735628651837755,0.17711635478841634,GEE:S2_SR_HARMONIZED
pn_sierra_nevada_ciclismo_transnevada_rc_abrucena_la_polarda_044,Transnevada RC - Abrucena - La Polarda,ciclismo,2025,10,2025-10-01,0.46075232737707367,0.15297454034123287,0.23432535408900496,0.2773821601030532,0.6368163920457496,0.20675838464929747,GEE:S2_SR_HARMONIZED
pn_sierra_nevada_ciclismo_transnevada_rd_laujar_andarax_loma_raspa_laujar__045,Transnevada RD - Laujar Andarax - Loma Raspa - Laujar Andarax,ciclismo,2025,10,2025-10-01,0.4054524046714884,0.10377892045300229,0.20308943295471021,0.2245084529250608,0.5917485754893668,0.21070647474689885,GEE:S2_SR_HARMONIZED
pn_sierra_nevada_ciclismo_transnevada_ri_niguelas_la_rinconada_niguelas_046,Transnevada RI - Niguelas - La Rinconada - Niguelas,ciclismo,2025,10,2025-10-01,0.3013305391275636,0.021464625551429514,0.18318441500324253,0.19725111223572706,0.3731154550113239,0.14284253227466828,GEE:S2_SR_HARMONIZED
pn_sierra_nevada_ciclismo_transnevada_invierno_047,TRANSNEVADA INVIERNO,ciclismo,2025,10,2025-10-01,0.4180264151783532,0.10486047532186152,0.2214782501877658,0.25384675780199684,0.5741983406073075,0.19587938491692303,GEE:S2_SR_HARMONIZED
pn_sierra_nevada_ciclismo_transnevada_verano_048,TRANSNEVADA VERANO,ciclismo,2025,10,2025-10-01,0.42165184888392565,0.11163037660001006,0.22452237530280408,0.2538509280330075,0.5820511918270022,0.19886067889959422,GEE:S2_SR_HARMONIZED
pn_sierra_nevada_ciclismo_transnevada_ra_guejar_sierra_pena_partida_049,Transnevada RA - Güejar Sierra - Peña Partida,ciclismo,2025,10,2025-10-01,0.31162896845469984,0.023278722638594828,0.19010437946627334,0.18951773078075096,0.4235725401243599,0.15415600888341302,GEE:S2_SR_HARMONIZED
pn_sierra_nevada_ciclismo_transnevada_rb_lanteira_postero_alto_lanteira_050,Transnevada RB - Lanteira - Postero Alto - Lanteira,ciclismo,2025,10,2025-10-01,0.4527483441652096,0.1741783595378748,0.23772244080763452,0.3338376570721893,0.592016429012026,0.17179612392135554,GEE:S2_SR_HARMONIZED
pn_sierra_nevada_ciclismo_transnevada_re_bayarcal_laguna_seca_051,Transnevada RE - Bayarcal - Laguna Seca,ciclismo,2025,10,2025-10-01,0.49594535912999155,0.18714749863736796,0.23579120339299986,0.31845788442551115,0.6737555398651159,0.20523702763946514,GEE:S2_SR_HARMONIZED
pn_sierra_nevada_ciclismo_carril_cicloturista_la_zubia_cumbres_verdes_052,CARRIL CICLOTURISTA LA ZUBIA-CUMBRES VERDES,ciclismo,2025,10,2025-10-01,0.42448081967740336,0.009969493641302155,0.1906711633917179,0.36166003535236174,0.5135409070453543,0.13369872817654874,GEE:S2_SR_HARMONIZED
pn_sierra_nevada_senderismo_transnevada_rf_valor_fuente_de_las_primeras_agua_000,Transnevada RF - Valor - Fuente de las Primeras Aguas,senderismo,2025,11,2025-11-01,0.48733736379626996,0.12829445966363248,0.19420062598321863,0.30287174379226506,0.6816050952311077,0.2120659466692919,GEE:S2_SR_HARMONIZED
pn_sierra_nevada_senderismo_transnevada_rg_yegen_mecina_bombaron_yegen_001,Transnevada RG - Yegen - Mecina Bombaron - Yegen,senderismo,2025,11,2025-11-01,0.40358267141082005,0.08564673462333122,0.17271788256009765,0.2324284976051005,0.5722867629738346,0.2072947738672847,GEE:S2_SR_HARMONIZED
pn_sierra_nevada_senderismo_transnevada_rh_capileira_refugio_poqueira_002,Transnevada RH - Capileira - Refugio Poqueira,senderismo,2025,11,2025-11-01,0.36138971320253077,0.13322438770464098,0.1807644336585788,0.20502675308740345,0.5133511627522594,0.19830995791498543,GEE:S2_SR_HARMONIZED
pn_sierra_nevada_senderismo_transnevada_rj_portugos_barranco_bermejo_portugo_003,Transnevada RJ - Portugos - Barranco Bermejo - Portugos,senderismo,2025,11,2025-11-01,0.4599512715287755,0.15103522295198724,0.22139406687735466,0.34968226933540264,0.5722662234823894,0.1604525501360608,GEE:S2_SR_HARMONIZED
pn_sierra_nevada_senderismo_transnevada_rk_padre_eterno_ar_puente_palo_padre_004,Transnevada RK - Padre Eterno - AR Puente Palo - Padre Eterno,senderismo,2025,11,2025-11-01,0.38475061245851977,0.039744803932881975,0.18489111344610934,0.2597749641578918,0.4981641155035963,0.16478714767509833,GEE:S2_SR_HARMONIZED
pn_sierra_nevada_senderismo_transnevada_rc_abrucena_la_polarda_005,Transnevada RC - Abrucena - La Polarda,senderismo,2025,11,2025-11-01,0.5447239860381295,0.20268937895068714,0.23958106383925568,0.33796886318019576,0.7401482430137096,0.2290655759621504,GEE:S2_SR_HARMONIZED
pn_sierra_nevada_senderismo_transnevada_rd_laujar_andarax_loma_raspa_laujar__006,Transnevada RD - Laujar Andarax - Loma Raspa - Laujar Andarax,senderismo,2025,11,2025-11-01,0.44118281824398636,0.1313783077333898,0.19884711888943166,0.25987894029446,0.6348879202405011,0.21420067183115651,GEE:S2_SR_HARMONIZED
pn_sierra_nevada_senderismo_transnevada_ri_niguelas_la_rinconada_niguelas_007,Transnevada RI - Niguelas - La Rinconada - Niguelas,senderismo,2025,11,2025-11-01,0.37372159048041526,0.04014558654975806,0.1823994890556743,0.24617441391437783,0.4725585065935008,0.1745609735225609,GEE:S2_SR_HARMONIZED
pn_sierra_nevada_senderismo_acequias_del_poqueira_008,Acequias del Poqueira,senderismo,2025,11,2025-11-01,0.4237865469724715,0.07966637432621275,0.23523572372059795,0.3029408503657659,0.5252986610679562,0.15748056618722803,GEE:S2_SR_HARMONIZED
pn_sierra_nevada_senderismo_canal_de_la_espartera_arenales_del_trevenque_009,Canal de la Espartera - Arenales del Trevenque,senderismo,2025,11,2025-11-01,0.4797215270679682,0.11199894765022604,0.2067953107653933,0.2689366588834962,0.7073288723766687,0.24575056178157886,GEE:S2_SR_HARMONIZED
pn_sierra_nevada_senderismo_cerro_huenes_010,Cerro Huenes,senderismo,2025,11,2025-11-01,0.6665863901738329,0.22629110451826487,0.2736637121303741,0.5018933334365406,0.8340036847891298,0.2182362023626877,GEE:S2_SR_HARMONIZED
pn_sierra_nevada_senderismo_el_aguadero_011,El Aguadero,senderismo,2025,11,2025-11-01,0.519077716371041,0.1667364091773503,0.23978893074903485,0.3537973531955993,0.693203994158176,0.19431374004184002,GEE:S2_SR_HARMONIZED
pn_sierra_nevada_senderismo_haza_larguilla_012,Haza Larguilla,senderismo,2025,11,2025-11-01,0.2971889104577472,-0.0870276295133235,0.13743276955285527,0.2205533468470977,0.36908146200224395,0.09724932040426643,GEE:S2_SR_HARMONIZED
pn_sierra_nevada_senderismo_hoya_del_portillo_refugio_poqueira_013,Hoya del Portillo - Refugio Poqueira,senderismo,2025,11,2025-11-01,0.3601395822822854,0.12250235165853378,0.19337766829200229,0.22853958628629145,0.42807568355082265,0.19738030449884109,GEE:S2_SR_HARMONIZED
pn_sierra_nevada_senderismo_jerez_del_marquesado_postero_alto_014,Jerez del Marquesado - Postero Alto,senderismo,2025,11,2025-11-01,0.5320152220773406,0.2197881339361613,0.2294560826758184,0.3532958914419464,0.7284556923819316,0.2263542984182982,GEE:S2_SR_HARMONIZED
pn_sierra_nevada_senderismo_ragua_aldeire_015,Ragua - Aldeire,senderismo,2025,11,2025-11-01,0.5616388506339041,0.21979909298361613,0.27795294552356087,0.35735554968317346,0.7870080015291918,0.22989765849579435,GEE:S2_SR_HARMONIZED
pn_sierra_nevada_senderismo_transnevada_invierno_016,TRANSNEVADA INVIERNO,senderismo,2025,11,2025-11-01,0.4888540035923129,0.13630588828374327,0.21945242303741216,0.3086285220284413,0.6679945966983767,0.21584951903488805,GEE:S2_SR_HARMONIZED
pn_sierra_nevada_senderismo_transnevada_verano_017,TRANSNEVADA VERANO,senderismo,2025,11,2025-11-01,0.4925342285866396,0.1453545976503834,0.2225520071376401,0.30864151091702047,0.6758467387493632,0.21779319171915792,GEE:S2_SR_HARMONIZED
pn_sierra_nevada_senderismo_transnevada_ra_guejar_sierra_pena_partida_018,Transnevada RA - Güejar Sierra - Peña Partida,senderismo,2025,11,2025-11-01,0.3694226212860654,0.040938538409279406,0.19569760446210643,0.2597387466116769,0.4668658711021784,0.149012189183124,GEE:S2_SR_HARMONIZED
pn_sierra_nevada_senderismo_transnevada_rb_lanteira_postero_alto_lanteira_019,Transnevada RB - Lanteira - Postero Alto - Lanteira,senderismo,2025,11,2025-11-01,0.5640417774234603,0.22807178189175564,0.24384694991560477,0.41803127543193663,0.7303864427070975,0.2046917804632567,GEE:S2_SR_HARMONIZED
pn_sierra_nevada_senderismo_transnevada_re_bayarcal_laguna_seca_020,Transnevada RE - Bayarcal - Laguna Seca,senderismo,2025,11,2025-11-01,0.5491052108991638,0.22378527361335615,0.2325263996866179,0.3495506340019245,0.7440875841535382,0.22344456287431363,GEE:S2_SR_HARMONIZED
pn_sierra_nevada_senderismo_la_cebadilla_021,La Cebadilla,senderismo,2025,11,2025-11-01,0.4795992084045379,0.10776636480542603,0.28711000507363665,0.3772254411831735,0.5722749053997114,0.14436461561158115,GEE:S2_SR_HARMONIZED
pn_sierra_nevada_senderismo_la_silleta_022,La Silleta,senderismo,2025,11,2025-11-01,0.5136194598185576,0.07456836901327239,0.2062128637787945,0.3320525186601591,0.7146374530906412,0.2265090032434255,GEE:S2_SR_HARMONIZED
pn_sierra_nevada_senderismo_lanjaron_tello_023,Lanjaron - Tello,senderismo,2025,11,2025-11-01,0.5055550575119049,0.0717428582285988,0.27170618569244304,0.39271938340668594,0.6270871949475705,0.1465205336902305,GEE:S2_SR_HARMONIZED
pn_sierra_nevada_senderismo_molinos_de_isfalada_024,Molinos de Isfalada,senderismo,2025,11,2025-11-01,0.3937853674956249,0.0625270737691651,0.17537884829715542,0.25595215010144734,0.5175527512975854,0.17664395219302606,GEE:S2_SR_HARMONIZED
pn_sierra_nevada_senderismo_monterrey_025,Monterrey,senderismo,2025,11,2025-11-01,0.5432786116028437,0.15766944795447368,0.24832916811902195,0.4042686966228735,0.6972049835678228,0.17939158431013774,GEE:S2_SR_HARMONIZED
pn_sierra_nevada_senderismo_puente_palo_026,Puente Palo,senderismo,2025,11,2025-11-01,0.6472802910261617,0.23658718989498756,0.2811818863719571,0.5762751619105824,0.7437715361538026,0.1258646752025897,GEE:S2_SR_HARMONIZED
pn_sierra_nevada_senderismo_ragua_hoyos_de_pura_027,Ragua - Hoyos de Pura,senderismo,2025,11,2025-11-01,0.6365334511916643,0.3277522800180852,0.29018002332268783,0.5965913236141205,0.7908636668491759,0.22209004250313175,GEE:S2_SR_HARMONIZED
pn_sierra_nevada_senderismo_ragua_lagunilla_seca_028,Ragua - Lagunilla Seca,senderismo,2025,11,2025-11-01,0.48295105351099044,0.19671701531775806,0.23433973934887467,0.318288585966566,0.6972533314595059,0.1991125945155705,GEE:S2_SR_HARMONIZED
pn_sierra_nevada_senderismo_rio_alhama_029,Río Alhama,senderismo,2025,11,2025-11-01,0.4538828774219751,0.07579595644653073,0.212199815311905,0.27520511419284766,0.6270195587208669,0.22317580275934326,GEE:S2_SR_HARMONIZED
pn_sierra_nevada_senderismo_rio_bermejo_030,Río Bermejo,senderismo,2025,11,2025-11-01,0.5007742892696977,0.15164348252638757,0.25753094251024894,0.41987632362967975,0.6076445622837082,0.1478763770495682,GEE:S2_SR_HARMONIZED
pn_sierra_nevada_senderismo_rio_grande_de_los_berchules_031,Río Grande de los Berchules,senderismo,2025,11,2025-11-01,0.47629305858449755,0.11609408681477719,0.2153079678649245,0.3104964676839595,0.6386741308851333,0.1957956099961074,GEE:S2_SR_HARMONIZED
pn_sierra_nevada_senderismo_trevelez_siete_lagunas_032,Trevélez - Siete Lagunas,senderismo,2025,11,2025-11-01,0.4004056338628278,0.09032262976532171,0.18028152056321986,0.2441351043115633,0.5335804353124479,0.19956066881898707,GEE:S2_SR_HARMONIZED
pn_sierra_nevada_senderismo_ubeire_033,Ubeire,senderismo,2025,11,2025-11-01,0.6647581523899216,0.22777862636287383,0.2843677433671682,0.5838736244468671,0.7597279239458136,0.13318947266779008,GEE:S2_SR_HARMONIZED
pn_sierra_nevada_senderismo_sulayr_034,SULAYR,senderismo,2025,11,2025-11-01,0.5169982262036459,0.15883254049863987,0.23592218188705683,0.3397676286121554,0.7071220646465874,0.21428817007612247,GEE:S2_SR_HARMONIZED
pn_sierra_nevada_senderismo_carril_cicloturista_la_zubia_cumbres_verdes_035,CARRIL CICLOTURISTA LA ZUBIA-CUMBRES VERDES,senderismo,2025,11,2025-11-01,0.5600852685217801,0.08384451527205682,0.21251996506637907,0.4945952051877975,0.6741089509792,0.16394240707936347,GEE:S2_SR_HARMONIZED
pn_sierra_nevada_senderismo_dehesa_del_camarate_036,Dehesa del Camarate,senderismo,2025,11,2025-11-01,0.47493769561060195,0.045377941513021304,0.20137520480747764,0.3846576387180198,0.5246763507089488,0.14605061947256168,GEE:S2_SR_HARMONIZED
pn_sierra_nevada_senderismo_pueblos_del_poqueira_037,PUEBLOS DEL POQUEIRA,senderismo,2025,11,2025-11-01,0.5794880258260705,0.1661916037770667,0.33731911903170336,0.4978595416904344,0.7050661121144148,0.17737137552831478,GEE:S2_SR_HARMONIZED
pn_sierra_nevada_senderismo_ragua_barranco_del_hornillo_038,Ragua - Barranco del Hornillo,senderismo,2025,11,2025-11-01,0.728382520308439,0.37515701727421946,0.3368520792100455,0.6156987436154108,0.8577086132912464,0.1600805874760424,GEE:S2_SR_HARMONIZED
pn_sierra_nevada_ciclismo_transnevada_rf_valor_fuente_de_las_primeras_agua_039,Transnevada RF - Valor - Fuente de las Primeras Aguas,ciclismo,2025,11,2025-11-01,0.48733736379626996,0.12829445966363248,0.19420062598321863,0.30287174379226506,0.6816050952311077,0.2120659466692919,GEE:S2_SR_HARMONIZED
pn_sierra_nevada_ciclismo_transnevada_rg_yegen_mecina_bombaron_yegen_040,Transnevada RG - Yegen - Mecina Bombaron - Yegen,ciclismo,2025,11,2025-11-01,0.40358267141082005,0.08564673462333122,0.17271788256009765,0.2324284976051005,0.5722867629738346,0.2072947738672847,GEE:S2_SR_HARMONIZED
pn_sierra_nevada_ciclismo_transnevada_rh_capileira_refugio_poqueira_041,Transnevada RH - Capileira - Refugio Poqueira,ciclismo,2025,11,2025-11-01,0.36138971320253077,0.13322438770464098,0.1807644336585788,0.20502675308740345,0.5133511627522594,0.19830995791498543,GEE:S2_SR_HARMONIZED
pn_sierra_nevada_ciclismo_transnevada_rj_portugos_barranco_bermejo_portugo_042,Transnevada RJ - Portugos - Barranco Bermejo - Portugos,ciclismo,2025,11,2025-11-01,0.4599512715287755,0.15103522295198724,0.22139406687735466,0.34968226933540264,0.5722662234823894,0.1604525501360608,GEE:S2_SR_HARMONIZED
pn_sierra_nevada_ciclismo_transnevada_rk_padre_eterno_ar_puente_palo_padre_043,Transnevada RK - Padre Eterno - AR Puente Palo - Padre Eterno,ciclismo,2025,11,2025-11-01,0.38475061245851977,0.039744803932881975,0.18489111344610934,0.2597749641578918,0.4981641155035963,0.16478714767509833,GEE:S2_SR_HARMONIZED
pn_sierra_nevada_ciclismo_transnevada_rc_abrucena_la_polarda_044,Transnevada RC - Abrucena - La Polarda,ciclismo,2025,11,2025-11-01,0.5447239860381295,0.20268937895068714,0.23958106383925568,0.33796886318019576,0.7401482430137096,0.2290655759621504,GEE:S2_SR_HARMONIZED
pn_sierra_nevada_ciclismo_transnevada_rd_laujar_andarax_loma_raspa_laujar__045,Transnevada RD - Laujar Andarax - Loma Raspa - Laujar Andarax,ciclismo,2025,11,2025-11-01,0.44118281824398636,0.1313783077333898,0.19884711888943166,0.25987894029446,0.6348879202405011,0.21420067183115651,GEE:S2_SR_HARMONIZED
pn_sierra_nevada_ciclismo_transnevada_ri_niguelas_la_rinconada_niguelas_046,Transnevada RI - Niguelas - La Rinconada - Niguelas,ciclismo,2025,11,2025-11-01,0.37372159048041526,0.04014558654975806,0.1823994890556743,0.24617441391437783,0.4725585065935008,0.1745609735225609,GEE:S2_SR_HARMONIZED
pn_sierra_nevada_ciclismo_transnevada_invierno_047,TRANSNEVADA INVIERNO,ciclismo,2025,11,2025-11-01,0.4888540035923129,0.13630588828374327,0.21945242303741216,0.3086285220284413,0.6679945966983767,0.21584951903488805,GEE:S2_SR_HARMONIZED
pn_sierra_nevada_ciclismo_transnevada_verano_048,TRANSNEVADA VERANO,ciclismo,2025,11,2025-11-01,0.4925342285866396,0.1453545976503834,0.2225520071376401,0.30864151091702047,0.6758467387493632,0.21779319171915792,GEE:S2_SR_HARMONIZED
pn_sierra_nevada_ciclismo_transnevada_ra_guejar_sierra_pena_partida_049,Transnevada RA - Güejar Sierra - Peña Partida,ciclismo,2025,11,2025-11-01,0.3694226212860654,0.040938538409279406,0.19569760446210643,0.2597387466116769,0.4668658711021784,0.149012189183124,GEE:S2_SR_HARMONIZED
pn_sierra_nevada_ciclismo_transnevada_rb_lanteira_postero_alto_lanteira_050,Transnevada RB - Lanteira - Postero Alto - Lanteira,ciclismo,2025,11,2025-11-01,0.5640417774234603,0.22807178189175564,0.24384694991560477,0.41803127543193663,0.7303864427070975,0.2046917804632567,GEE:S2_SR_HARMONIZED
pn_sierra_nevada_ciclismo_transnevada_re_bayarcal_laguna_seca_051,Transnevada RE - Bayarcal - Laguna Seca,ciclismo,2025,11,2025-11-01,0.5491052108991638,0.22378527361335615,0.2325263996866179,0.3495506340019245,0.7440875841535382,0.22344456287431363,GEE:S2_SR_HARMONIZED
pn_sierra_nevada_ciclismo_carril_cicloturista_la_zubia_cumbres_verdes_052,CARRIL CICLOTURISTA LA ZUBIA-CUMBRES VERDES,ciclismo,2025,11,2025-11-01,0.5600852685217801,0.08384451527205682,0.21251996506637907,0.4945952051877975,0.6741089509792,0.16394240707936347,GEE:S2_SR_HARMONIZED
pn_sierra_nevada_senderismo_transnevada_rf_valor_fuente_de_las_primeras_agua_000,Transnevada RF - Valor - Fuente de las Primeras Aguas,senderismo,2025,12,2025-12-01,0.47412476096271383,0.14413875671508314,0.21304387070440775,0.3065648299627218,0.6502887278681543,0.20028330430401642,GEE:S2_SR_HARMONIZED
pn_sierra_nevada_senderismo_transnevada_rg_yegen_mecina_bombaron_yegen_001,Transnevada RG - Yegen - Mecina Bombaron - Yegen,senderismo,2025,12,2025-12-01,0.40235459515890504,0.09718533333176434,0.18889632286996097,0.24402354473555324,0.548544849554567,0.20119289419347966,GEE:S2_SR_HARMONIZED
pn_sierra_nevada_senderismo_transnevada_rh_capileira_refugio_poqueira_002,Transnevada RH - Capileira - Refugio Poqueira,senderismo,2025,12,2025-12-01,0.4083204812074023,0.17178406948414826,0.1920974289086105,0.2324223157794727,0.6152643760562692,0.2248837537374362,GEE:S2_SR_HARMONIZED
pn_sierra_nevada_senderismo_transnevada_rj_portugos_barranco_bermejo_portugo_003,Transnevada RJ - Portugos - Barranco Bermejo - Portugos,senderismo,2025,12,2025-12-01,0.47950882350736823,0.13518898861495465,0.21239671067077653,0.3456927320921131,0.6189617076476123,0.17914160850085117,GEE:S2_SR_HARMONIZED
pn_sierra_nevada_senderismo_transnevada_rk_padre_eterno_ar_puente_palo_padre_004,Transnevada RK - Padre Eterno - AR Puente Palo - Padre Eterno,senderismo,2025,12,2025-12-01,0.38522099975370716,0.06586856351305538,0.2015909183237075,0.2754287043447565,0.47460813808429736,0.15303849760651242,GEE:S2_SR_HARMONIZED
pn_sierra_nevada_senderismo_transnevada_rc_abrucena_la_polarda_005,Transnevada RC - Abrucena - La Polarda,senderismo,2025,12,2025-12-01,0.555689177664065,0.2565334207730139,0.23415891313356724,0.35570169352146136,0.75388619887703,0.23050115176114613,GEE:S2_SR_HARMONIZED
pn_sierra_nevada_senderismo_transnevada_rd_laujar_andarax_loma_raspa_laujar__006,Transnevada RD - Laujar Andarax - Loma Raspa - Laujar Andarax,senderismo,2025,12,2025-12-01,0.4517083011599829,0.15042768786158392,0.20187791154767123,0.28332276816398105,0.6309154688790449,0.20989144880974883,GEE:S2_SR_HARMONIZED
pn_sierra_nevada_senderismo_transnevada_ri_niguelas_la_rinconada_niguelas_007,Transnevada RI - Niguelas - La Rinconada - Niguelas,senderismo,2025,12,2025-12-01,0.36213298994530874,0.04814078224244036,0.17651831546495733,0.2363693915308947,0.45900359873920976,0.1674019754851736,GEE:S2_SR_HARMONIZED
pn_sierra_nevada_senderismo_acequias_del_poqueira_008,Acequias del Poqueira,senderismo,2025,12,2025-12-01,0.3673240794850707,0.1324387469158419,0.2314544254115919,0.2520666489388358,0.4548754566541084,0.16503160305313175,GEE:S2_SR_HARMONIZED
pn_sierra_nevada_senderismo_canal_de_la_espartera_arenales_del_trevenque_009,Canal de la Espartera - Arenales del Trevenque,senderismo,2025,12,2025-12-01,0.4892327620461553,0.12750412169575043,0.20462450129119208,0.2928219135923712,0.7065789287208969,0.24166190667568316,GEE:S2_SR_HARMONIZED
pn_sierra_nevada_senderismo_cerro_huenes_010,Cerro Huenes,senderismo,2025,12,2025-12-01,0.6981369110738045,0.2530216633210015,0.2672546991160641,0.5374487590890967,0.861223144954003,0.22416913844734693,GEE:S2_SR_HARMONIZED
pn_sierra_nevada_senderismo_el_aguadero_011,El Aguadero,senderismo,2025,12,2025-12-01,0.5402412414186233,0.211309510764163,0.24765157738946605,0.37685225241910486,0.7126966231330848,0.1927081927887519,GEE:S2_SR_HARMONIZED
pn_sierra_nevada_senderismo_haza_larguilla_012,Haza Larguilla,senderismo,2025,12,2025-12-01,0.3155872066137998,-0.08574402853291223,0.1387366624465493,0.24774435386862803,0.38119403876954217,0.0936119309831864,GEE:S2_SR_HARMONIZED
pn_sierra_nevada_senderismo_hoya_del_portillo_refugio_poqueira_013,Hoya del Portillo - Refugio Poqueira,senderismo,2025,12,2025-12-01,0.3877710741856143,0.2115882800003651,0.2061672866377269,0.25996963544919355,0.439802283313871,0.20867562104530887,GEE:S2_SR_HARMONIZED
pn_sierra_nevada_senderismo_jerez_del_marquesado_postero_alto_014,Jerez del Marquesado - Postero Alto,senderismo,2025,12,2025-12-01,0.5504047788438386,0.24533192803132522,0.24105025639838915,0.37307608609398196,0.744215996602871,0.2238332461887753,GEE:S2_SR_HARMONIZED
pn_sierra_nevada_senderismo_ragua_aldeire_015,Ragua - Aldeire,senderismo,2025,12,2025-12-01,0.5818188915750575,0.23150492770780198,0.28116847886832963,0.3790116099663254,0.8005585667583925,0.22594881182387497,GEE:S2_SR_HARMONIZED
pn_sierra_nevada_senderismo_transnevada_invierno_016,TRANSNEVADA INVIERNO,senderismo,2025,12,2025-12-01,0.49683070677841185,0.15925678751092606,0.22318623782496072,0.3164026482308311,0.6835250520905777,0.2245876388955276,GEE:S2_SR_HARMONIZED
pn_sierra_nevada_senderismo_transnevada_verano_017,TRANSNEVADA VERANO,senderismo,2025,12,2025-12-01,0.5044388640249812,0.1676326805878498,0.22563631350468,0.3164081044455117,0.6992932415251466,0.22880799226402793,GEE:S2_SR_HARMONIZED
pn_sierra_nevada_senderismo_transnevada_ra_guejar_sierra_pena_partida_018,Transnevada RA - Güejar Sierra - Peña Partida,senderismo,2025,12,2025-12-01,0.34622220245958873,0.03442329954268475,0.18390883578951328,0.24623171650229922,0.4180175144790889,0.14680023606336118,GEE:S2_SR_HARMONIZED
pn_sierra_nevada_senderismo_transnevada_rb_lanteira_postero_alto_lanteira_019,Transnevada RB - Lanteira - Postero Alto - Lanteira,senderismo,2025,12,2025-12-01,0.5884027764238358,0.2743449845067498,0.26296648253352833,0.45531378395368594,0.7480608831966147,0.19612362844887632,GEE:S2_SR_HARMONIZED
pn_sierra_nevada_senderismo_transnevada_re_bayarcal_laguna_seca_020,Transnevada RE - Bayarcal - Laguna Seca,senderismo,2025,12,2025-12-01,0.5488528447237762,0.22799579262299557,0.2440215983258877,0.3709942608414433,0.7224982961963147,0.2162936589507252,GEE:S2_SR_HARMONIZED
pn_sierra_nevada_senderismo_la_cebadilla_021,La Cebadilla,senderismo,2025,12,2025-12-01,0.41608259653146495,0.10829533272962247,0.2530575482025194,0.3340432743476171,0.5020976577472223,0.12166804128840353,GEE:S2_SR_HARMONIZED
pn_sierra_nevada_senderismo_la_silleta_022,La Silleta,senderismo,2025,12,2025-12-01,0.5343803404078373,0.10831215702748491,0.2105926777173536,0.35570416900896346,0.7230129311068115,0.21867501899691102,GEE:S2_SR_HARMONIZED
pn_sierra_nevada_senderismo_lanjaron_tello_023,Lanjaron - Tello,senderismo,2025,12,2025-12-01,0.5179477538257664,0.07265856849473093,0.27882565704998424,0.4431630178983218,0.5958770697364713,0.1071093184419827,GEE:S2_SR_HARMONIZED
pn_sierra_nevada_senderismo_molinos_de_isfalada_024,Molinos de Isfalada,senderismo,2025,12,2025-12-01,0.4167972514633655,0.05928018578319517,0.17846956499531624,0.29314164688473887,0.5121460311283936,0.1751403159947249,GEE:S2_SR_HARMONIZED
pn_sierra_nevada_senderismo_monterrey_025,Monterrey,senderismo,2025,12,2025-12-01,0.5701161525466926,0.1794499723328496,0.24421516831544468,0.4240443484136593,0.7364136579372366,0.18475569335156694,GEE:S2_SR_HARMONIZED
pn_sierra_nevada_senderismo_puente_palo_026,Puente Palo,senderismo,2025,12,2025-12-01,0.6151199605764689,0.2584207561401223,0.2979610714752468,0.5059714412654676,0.728733982398649,0.14816440504659528,GEE:S2_SR_HARMONIZED
pn_sierra_nevada_senderismo_ragua_hoyos_de_pura_027,Ragua - Hoyos de Pura,senderismo,2025,12,2025-12-01,0.6321391915932203,0.38222398288031806,0.30383666624185646,0.6338386297225952,0.7593758410607983,0.22384971617117777,GEE:S2_SR_HARMONIZED
pn_sierra_nevada_senderismo_ragua_lagunilla_seca_028,Ragua - Lagunilla Seca,senderismo,2025,12,2025-12-01,0.49433243686779677,0.21365220362404946,0.2515918356468517,0.34752713742782665,0.668233885299823,0.1964708447106642,GEE:S2_SR_HARMONIZED
pn_sierra_nevada_senderismo_rio_alhama_029,Río Alhama,senderismo,2025,12,2025-12-01,0.48347260684419335,0.062441323725196896,0.20244043905479422,0.30160229696162316,0.6444296471509314,0.23540599518101332,GEE:S2_SR_HARMONIZED
pn_sierra_nevada_senderismo_rio_bermejo_030,Río Bermejo,senderismo,2025,12,2025-12-01,0.4844548810418919,0.10373968805232486,0.2267829792968439,0.4006053948984531,0.5878734627058402,0.14723048281299145,GEE:S2_SR_HARMONIZED
pn_sierra_nevada_senderismo_rio_grande_de_los_berchules_031,Río Grande de los Berchules,senderismo,2025,12,2025-12-01,0.4716014147101745,0.11326904238538502,0.23417266995557434,0.3373760033016747,0.5993610984698553,0.1731814999154519,GEE:S2_SR_HARMONIZED
pn_sierra_nevada_senderismo_trevelez_siete_lagunas_032,Trevélez - Siete Lagunas,senderismo,2025,12,2025-12-01,0.3602765824195882,0.19239217579516205,-15420.74277474002,0.26137962117607727,0.49680373790507587,0.2368367416984782,GEE:S2_SR_HARMONIZED
pn_sierra_nevada_senderismo_ubeire_033,Ubeire,senderismo,2025,12,2025-12-01,0.7261514067345666,0.24525067345183266,0.28390869116402884,0.6232730979676124,0.8344324555527451,0.15833492631850934,GEE:S2_SR_HARMONIZED
pn_sierra_nevada_senderismo_sulayr_034,SULAYR,senderismo,2025,12,2025-12-01,0.5002310121888877,0.18578879550363037,0.23528880345093317,0.3241732817283572,0.6914783932949374,0.22256432364487436,GEE:S2_SR_HARMONIZED
pn_sierra_nevada_senderismo_carril_cicloturista_la_zubia_cumbres_verdes_035,CARRIL CICLOTURISTA LA ZUBIA-CUMBRES VERDES,senderismo,2025,12,2025-12-01,0.5857051755084282,0.12217663230505882,0.22758547222071013,0.525466576844531,0.6852427910533777,0.14672705854471624,GEE:S2_SR_HARMONIZED
pn_sierra_nevada_senderismo_dehesa_del_camarate_036,Dehesa del Camarate,senderismo,2025,12,2025-12-01,0.4524063249827516,0.013801558630166137,0.1783719011147091,0.3452873980431536,0.5096811563675888,0.16372533153795285,GEE:S2_SR_HARMONIZED
pn_sierra_nevada_senderismo_pueblos_del_poqueira_037,PUEBLOS DEL POQUEIRA,senderismo,2025,12,2025-12-01,0.5211621277193463,0.13431883293647745,0.29880362812135797,0.46272015501703845,0.6192015809319372,0.1598534311527566,GEE:S2_SR_HARMONIZED
pn_sierra_nevada_senderismo_ragua_barranco_del_hornillo_038,Ragua - Barranco del Hornillo,senderismo,2025,12,2025-12-01,0.7561735101737173,0.3907165634467402,0.35147776124335395,0.6737071871757507,0.8614836757958643,0.14414378640224104,GEE:S2_SR_HARMONIZED
pn_sierra_nevada_ciclismo_transnevada_rf_valor_fuente_de_las_primeras_agua_039,Transnevada RF - Valor - Fuente de las Primeras Aguas,ciclismo,2025,12,2025-12-01,0.47412476096271383,0.14413875671508314,0.21304387070440775,0.3065648299627218,0.6502887278681543,0.20028330430401642,GEE:S2_SR_HARMONIZED
pn_sierra_nevada_ciclismo_transnevada_rg_yegen_mecina_bombaron_yegen_040,Transnevada RG - Yegen - Mecina Bombaron - Yegen,ciclismo,2025,12,2025-12-01,0.40235459515890504,0.09718533333176434,0.18889632286996097,0.24402354473555324,0.548544849554567,0.20119289419347966,GEE:S2_SR_HARMONIZED
pn_sierra_nevada_ciclismo_transnevada_rh_capileira_refugio_poqueira_041,Transnevada RH - Capileira - Refugio Poqueira,ciclismo,2025,12,2025-12-01,0.4083204812074023,0.17178406948414826,0.1920974289086105,0.2324223157794727,0.6152643760562692,0.2248837537374362,GEE:S2_SR_HARMONIZED
pn_sierra_nevada_ciclismo_transnevada_rj_portugos_barranco_bermejo_portugo_042,Transnevada RJ - Portugos - Barranco Bermejo - Portugos,ciclismo,2025,12,2025-12-01,0.47950882350736823,0.13518898861495465,0.21239671067077653,0.3456927320921131,0.6189617076476123,0.17914160850085117,GEE:S2_SR_HARMONIZED
pn_sierra_nevada_ciclismo_transnevada_rk_padre_eterno_ar_puente_palo_padre_043,Transnevada RK - Padre Eterno - AR Puente Palo - Padre Eterno,ciclismo,2025,12,2025-12-01,0.38522099975370716,0.06586856351305538,0.2015909183237075,0.2754287043447565,0.47460813808429736,0.15303849760651242,GEE:S2_SR_HARMONIZED
pn_sierra_nevada_ciclismo_transnevada_rc_abrucena_la_polarda_044,Transnevada RC - Abrucena - La Polarda,ciclismo,2025,12,2025-12-01,0.555689177664065,0.2565334207730139,0.23415891313356724,0.35570169352146136,0.75388619887703,0.23050115176114613,GEE:S2_SR_HARMONIZED
pn_sierra_nevada_ciclismo_transnevada_rd_laujar_andarax_loma_raspa_laujar__045,Transnevada RD - Laujar Andarax - Loma Raspa - Laujar Andarax,ciclismo,2025,12,2025-12-01,0.4517083011599829,0.15042768786158392,0.20187791154767123,0.28332276816398105,0.6309154688790449,0.20989144880974883,GEE:S2_SR_HARMONIZED
pn_sierra_nevada_ciclismo_transnevada_ri_niguelas_la_rinconada_niguelas_046,Transnevada RI - Niguelas - La Rinconada - Niguelas,ciclismo,2025,12,2025-12-01,0.36213298994530874,0.04814078224244036,0.17651831546495733,0.2363693915308947,0.45900359873920976,0.1674019754851736,GEE:S2_SR_HARMONIZED
pn_sierra_nevada_ciclismo_transnevada_invierno_047,TRANSNEVADA INVIERNO,ciclismo,2025,12,2025-12-01,0.49683070677841185,0.15925678751092606,0.22318623782496072,0.3164026482308311,0.6835250520905777,0.2245876388955276,GEE:S2_SR_HARMONIZED
pn_sierra_nevada_ciclismo_transnevada_verano_048,TRANSNEVADA VERANO,ciclismo,2025,12,2025-12-01,0.5044388640249812,0.1676326805878498,0.22563631350468,0.3164081044455117,0.6992932415251466,0.22880799226402793,GEE:S2_SR_HARMONIZED
pn_sierra_nevada_ciclismo_transnevada_ra_guejar_sierra_pena_partida_049,Transnevada RA - Güejar Sierra - Peña Partida,ciclismo,2025,12,2025-12-01,0.34622220245958873,0.03442329954268475,0.18390883578951328,0.24623171650229922,0.4180175144790889,0.14680023606336118,GEE:S2_SR_HARMONIZED
pn_sierra_nevada_ciclismo_transnevada_rb_lanteira_postero_alto_lanteira_050,Transnevada RB - Lanteira - Postero Alto - Lanteira,ciclismo,2025,12,2025-12-01,0.5884027764238358,0.2743449845067498,0.26296648253352833,0.45531378395368594,0.7480608831966147,0.19612362844887632,GEE:S2_SR_HARMONIZED
pn_sierra_nevada_ciclismo_transnevada_re_bayarcal_laguna_seca_051,Transnevada RE - Bayarcal - Laguna Seca,ciclismo,2025,12,2025-12-01,0.5488528447237762,0.22799579262299557,0.2440215983258877,0.3709942608414433,0.7224982961963147,0.2162936589507252,GEE:S2_SR_HARMONIZED
pn_sierra_nevada_ciclismo_carril_cicloturista_la_zubia_cumbres_verdes_052,CARRIL CICLOTURISTA LA ZUBIA-CUMBRES VERDES,ciclismo,2025,12,2025-12-01,0.5857051755084282,0.12217663230505882,0.22758547222071013,0.525466576844531,0.6852427910533777,0.14672705854471624,GEE:S2_SR_HARMONIZED
pn_sierra_nevada_senderismo_transnevada_rf_valor_fuente_de_las_primeras_agua_000,Transnevada RF - Valor - Fuente de las Primeras Aguas,senderismo,2026,1,2026-01-01,0.4305420719711996,0.18785142583857373,0.20450960629108522,0.26919678170154177,0.5977541788336348,0.21630158926871504,GEE:S2_SR_HARMONIZED
pn_sierra_nevada_senderismo_transnevada_rg_yegen_mecina_bombaron_yegen_001,Transnevada RG - Yegen - Mecina Bombaron - Yegen,senderismo,2026,1,2026-01-01,0.37870539924369306,0.1457572841030392,0.18975584609487778,0.2225257523629846,0.511978095338268,0.1989302700064822,GEE:S2_SR_HARMONIZED
pn_sierra_nevada_senderismo_transnevada_rh_capileira_refugio_poqueira_002,Transnevada RH - Capileira - Refugio Poqueira,senderismo,2026,1,2026-01-01,0.49308674409850195,0.32439297327530353,0.23679231022274183,0.2870565482499536,0.7088233104066752,0.2344833837330591,GEE:S2_SR_HARMONIZED
pn_sierra_nevada_senderismo_transnevada_rj_portugos_barranco_bermejo_portugo_003,Transnevada RJ - Portugos - Barranco Bermejo - Portugos,senderismo,2026,1,2026-01-01,0.4801480860377731,0.13468207782151637,0.19784115895806761,0.337945326576413,0.6270054014583291,0.18586793968276,GEE:S2_SR_HARMONIZED
pn_sierra_nevada_senderismo_transnevada_rk_padre_eterno_ar_puente_palo_padre_004,Transnevada RK - Padre Eterno - AR Puente Palo - Padre Eterno,senderismo,2026,1,2026-01-01,0.3939804084255249,0.07911434865917173,0.20260912349599364,0.2833050195339212,0.4902346854792087,0.1575814125136985,GEE:S2_SR_HARMONIZED
pn_sierra_nevada_senderismo_transnevada_rc_abrucena_la_polarda_005,Transnevada RC - Abrucena - La Polarda,senderismo,2026,1,2026-01-01,0.5203996107046751,0.23991488831254104,0.24354708614670162,0.3242051053203961,0.7222405468450563,0.24225504927015784,GEE:S2_SR_HARMONIZED
pn_sierra_nevada_senderismo_transnevada_rd_laujar_andarax_loma_raspa_laujar__006,Transnevada RD - Laujar Andarax - Loma Raspa - Laujar Andarax,senderismo,2026,1,2026-01-01,0.43536163099282704,0.16286814745872172,0.1980479830262065,0.2713191373627592,0.5994920390236302,0.20311805705426464,GEE:S2_SR_HARMONIZED
pn_sierra_nevada_senderismo_transnevada_ri_niguelas_la_rinconada_niguelas_007,Transnevada RI - Niguelas - La Rinconada - Niguelas,senderismo,2026,1,2026-01-01,0.3508778645969106,0.10110339050411626,0.17963560176202148,0.23072295319076244,0.4572927192211231,0.17025858699855353,GEE:S2_SR_HARMONIZED
pn_sierra_nevada_senderismo_acequias_del_poqueira_008,Acequias del Poqueira,senderismo,2026,1,2026-01-01,0.42265618490043805,0.12601912600826862,0.22360581627513226,0.3165127679358651,0.5353544208762546,0.1946308270169763,GEE:S2_SR_HARMONIZED
pn_sierra_nevada_senderismo_canal_de_la_espartera_arenales_del_trevenque_009,Canal de la Espartera - Arenales del Trevenque,senderismo,2026,1,2026-01-01,0.43204506995790437,0.1646349672563901,0.21533928039647185,0.2612619469683709,0.613181728487464,0.21228194845282317,GEE:S2_SR_HARMONIZED
pn_sierra_nevada_senderismo_cerro_huenes_010,Cerro Huenes,senderismo,2026,1,2026-01-01,0.5563827754314536,0.2794281881306125,0.3171415294977622,0.4198199777588044,0.6776575532896649,0.1868801847029363,GEE:S2_SR_HARMONIZED
pn_sierra_nevada_senderismo_el_aguadero_011,El Aguadero,senderismo,2026,1,2026-01-01,0.5319613108740564,0.17959694542940652,0.23990281024610902,0.3729595112519574,0.7051417754048597,0.19033345832732748,GEE:S2_SR_HARMONIZED
pn_sierra_nevada_senderismo_haza_larguilla_012,Haza Larguilla,senderismo,2026,1,2026-01-01,0.29936638692497053,-0.05856803416008042,0.13926170064302518,0.24021523367992254,0.3496492406133581,0.08524922785481938,GEE:S2_SR_HARMONIZED
pn_sierra_nevada_senderismo_hoya_del_portillo_refugio_poqueira_013,Hoya del Portillo - Refugio Poqueira,senderismo,2026,1,2026-01-01,0.7224551889420463,0.6628274238379503,0.379310182736819,0.6930325627326965,0.7910838592452584,0.13175697798108077,GEE:S2_SR_HARMONIZED
pn_sierra_nevada_senderismo_jerez_del_marquesado_postero_alto_014,Jerez del Marquesado - Postero Alto,senderismo,2026,1,2026-01-01,0.47384318279802506,0.2522996583648927,0.25295918521140676,0.33008276991299346,0.6388041201065071,0.19594951248721137,GEE:S2_SR_HARMONIZED
pn_sierra_nevada_senderismo_ragua_aldeire_015,Ragua - Aldeire,senderismo,2026,1,2026-01-01,0.5374963168423419,0.26910032459318345,0.2773518111903203,0.35546607292780086,0.7539990210240788,0.2386236794315243,GEE:S2_SR_HARMONIZED
pn_sierra_nevada_senderismo_transnevada_invierno_016,TRANSNEVADA INVIERNO,senderismo,2026,1,2026-01-01,0.4428182356012058,0.19379859819107365,0.24305998393583642,0.27735170103163503,0.589872684365769,0.2120572606589681,GEE:S2_SR_HARMONIZED
pn_sierra_nevada_senderismo_transnevada_verano_017,TRANSNEVADA VERANO,senderismo,2026,1,2026-01-01,0.44442564473870644,0.20164960276398222,0.25258104588451014,0.2773271768790358,0.5977183838486871,0.21567314240620267,GEE:S2_SR_HARMONIZED
pn_sierra_nevada_senderismo_transnevada_ra_guejar_sierra_pena_partida_018,Transnevada RA - Güejar Sierra - Peña Partida,senderismo,2026,1,2026-01-01,0.346943641986349,-0.008931121941302524,0.1794415166297358,0.2540343872558442,0.42555783896064203,0.14165867735987686,GEE:S2_SR_HARMONIZED
pn_sierra_nevada_senderismo_transnevada_rb_lanteira_postero_alto_lanteira_019,Transnevada RB - Lanteira - Postero Alto - Lanteira,senderismo,2026,1,2026-01-01,0.4710093056843801,0.3080660619353795,0.2979757574890119,0.35532428782107284,0.5973985787577584,0.16790393137653772,GEE:S2_SR_HARMONIZED
pn_sierra_nevada_senderismo_transnevada_re_bayarcal_laguna_seca_020,Transnevada RE - Bayarcal - Laguna Seca,senderismo,2026,1,2026-01-01,0.5051435761295989,0.3502433838892751,0.27296633175142054,0.3495956248876177,0.67383851611607,0.19976592826401693,GEE:S2_SR_HARMONIZED
pn_sierra_nevada_senderismo_la_cebadilla_021,La Cebadilla,senderismo,2026,1,2026-01-01,0.4018302247569254,0.03752568856305387,0.22508252954748806,0.3339866342926058,0.47101041128531057,0.11507755791435768,GEE:S2_SR_HARMONIZED
pn_sierra_nevada_senderismo_la_silleta_022,La Silleta,senderismo,2026,1,2026-01-01,0.52035666006867,0.10934992363361926,0.20960980972433188,0.34723696981557745,0.7066627965997968,0.2230473755938627,GEE:S2_SR_HARMONIZED
pn_sierra_nevada_senderismo_lanjaron_tello_023,Lanjaron - Tello,senderismo,2026,1,2026-01-01,0.5382720151001482,0.06663980485522704,0.2851221569242939,0.4746030224220589,0.595670185289748,0.09648495649548601,GEE:S2_SR_HARMONIZED
pn_sierra_nevada_senderismo_molinos_de_isfalada_024,Molinos de Isfalada,senderismo,2026,1,2026-01-01,0.3814475617051909,0.042904680550900035,0.1818474947024842,0.28721205931140525,0.4746293163956787,0.13284543102826488,GEE:S2_SR_HARMONIZED
pn_sierra_nevada_senderismo_monterrey_025,Monterrey,senderismo,2026,1,2026-01-01,0.5709476339410654,0.153799525848566,0.23602377855261472,0.4237962962968258,0.7401246645481491,0.18929622286081077,GEE:S2_SR_HARMONIZED
pn_sierra_nevada_senderismo_puente_palo_026,Puente Palo,senderismo,2026,1,2026-01-01,0.6417389420444916,0.2748171292130339,0.3099593849116112,0.5528760381538925,0.7482466361730988,0.14115757961204972,GEE:S2_SR_HARMONIZED
pn_sierra_nevada_senderismo_ragua_hoyos_de_pura_027,Ragua - Hoyos de Pura,senderismo,2026,1,2026-01-01,0.48976798309241604,0.5180744003107557,0.3750116885822136,0.25733092427253723,0.6936534166425423,0.25248284783447517,GEE:S2_SR_HARMONIZED
pn_sierra_nevada_senderismo_ragua_lagunilla_seca_028,Ragua - Lagunilla Seca,senderismo,2026,1,2026-01-01,0.32816150556184653,0.6266411264968108,0.4103945190706004,0.22086456831573517,0.4475727919230225,0.2370190484697534,GEE:S2_SR_HARMONIZED
pn_sierra_nevada_senderismo_rio_alhama_029,Río Alhama,senderismo,2026,1,2026-01-01,0.4831544851230758,0.0560922295299241,0.2050811973554334,0.30882950996863295,0.6215123698693492,0.23585312533663932,GEE:S2_SR_HARMONIZED
pn_sierra_nevada_senderismo_rio_bermejo_030,Río Bermejo,senderismo,2026,1,2026-01-01,0.491105074462069,0.11678698989126098,0.18438470627821466,0.3926990366939988,0.6034303699615392,0.15629531372735941,GEE:S2_SR_HARMONIZED
pn_sierra_nevada_senderismo_rio_grande_de_los_berchules_031,Río Grande de los Berchules,senderismo,2026,1,2026-01-01,0.42802729695243025,0.10258645901896014,0.22562501440870258,0.3086902364510095,0.5349974322060349,0.15943201130022272,GEE:S2_SR_HARMONIZED
pn_sierra_nevada_senderismo_trevelez_siete_lagunas_032,Trevélez - Siete Lagunas,senderismo,2026,1,2026-01-01,0.3544936376676113,0.08856625811320143,0.17246293581054092,0.2829412267628041,0.4513331871816413,0.14927224386263266,GEE:S2_SR_HARMONIZED
pn_sierra_nevada_senderismo_ubeire_033,Ubeire,senderismo,2026,1,2026-01-01,0.5713919020915107,0.258181312248175,0.27225420807269757,0.5060216861661977,0.6467926384656504,0.1135276122097147,GEE:S2_SR_HARMONIZED
pn_sierra_nevada_senderismo_sulayr_034,SULAYR,senderismo,2026,1,2026-01-01,0.45487654959158347,0.25488368788173316,0.24380686344470767,0.27730313614839003,0.6445697570267566,0.23527013594029406,GEE:S2_SR_HARMONIZED
pn_sierra_nevada_senderismo_carril_cicloturista_la_zubia_cumbres_verdes_035,CARRIL CICLOTURISTA LA ZUBIA-CUMBRES VERDES,senderismo,2026,1,2026-01-01,0.6003958783936219,0.09575638347482822,0.22517431819054967,0.5134310703911057,0.7088279397874404,0.15731452145959238,GEE:S2_SR_HARMONIZED
pn_sierra_nevada_senderismo_dehesa_del_camarate_036,Dehesa del Camarate,senderismo,2026,1,2026-01-01,0.3345607543493726,0.11412628258382859,0.17323254800420254,0.23611266610978596,0.43647151210068713,0.15468512532634132,GEE:S2_SR_HARMONIZED
pn_sierra_nevada_senderismo_pueblos_del_poqueira_037,PUEBLOS DEL POQUEIRA,senderismo,2026,1,2026-01-01,0.46165927906371745,0.04889378414892734,0.2298518058591997,0.4025137239456514,0.558623697349426,0.15211646325934824,GEE:S2_SR_HARMONIZED
pn_sierra_nevada_senderismo_ragua_barranco_del_hornillo_038,Ragua - Barranco del Hornillo,senderismo,2026,1,2026-01-01,0.6777395350567085,0.6102854974464204,0.41766079291434305,0.6535521149635315,0.7275105734546501,0.09526339850186892,GEE:S2_SR_HARMONIZED
pn_sierra_nevada_ciclismo_transnevada_rf_valor_fuente_de_las_primeras_agua_039,Transnevada RF - Valor - Fuente de las Primeras Aguas,ciclismo,2026,1,2026-01-01,0.4305420719711996,0.18785142583857373,0.20450960629108522,0.26919678170154177,0.5977541788336348,0.21630158926871504,GEE:S2_SR_HARMONIZED
pn_sierra_nevada_ciclismo_transnevada_rg_yegen_mecina_bombaron_yegen_040,Transnevada RG - Yegen - Mecina Bombaron - Yegen,ciclismo,2026,1,2026-01-01,0.37870539924369306,0.1457572841030392,0.18975584609487778,0.2225257523629846,0.511978095338268,0.1989302700064822,GEE:S2_SR_HARMONIZED
pn_sierra_nevada_ciclismo_transnevada_rh_capileira_refugio_poqueira_041,Transnevada RH - Capileira - Refugio Poqueira,ciclismo,2026,1,2026-01-01,0.49308674409850195,0.32439297327530353,0.23679231022274183,0.2870565482499536,0.7088233104066752,0.2344833837330591,GEE:S2_SR_HARMONIZED
pn_sierra_nevada_ciclismo_transnevada_rj_portugos_barranco_bermejo_portugo_042,Transnevada RJ - Portugos - Barranco Bermejo - Portugos,ciclismo,2026,1,2026-01-01,0.4801480860377731,0.13468207782151637,0.19784115895806761,0.337945326576413,0.6270054014583291,0.18586793968276,GEE:S2_SR_HARMONIZED
pn_sierra_nevada_ciclismo_transnevada_rk_padre_eterno_ar_puente_palo_padre_043,Transnevada RK - Padre Eterno - AR Puente Palo - Padre Eterno,ciclismo,2026,1,2026-01-01,0.3939804084255249,0.07911434865917173,0.20260912349599364,0.2833050195339212,0.4902346854792087,0.1575814125136985,GEE:S2_SR_HARMONIZED
pn_sierra_nevada_ciclismo_transnevada_rc_abrucena_la_polarda_044,Transnevada RC - Abrucena - La Polarda,ciclismo,2026,1,2026-01-01,0.5203996107046751,0.23991488831254104,0.24354708614670162,0.3242051053203961,0.7222405468450563,0.24225504927015784,GEE:S2_SR_HARMONIZED
pn_sierra_nevada_ciclismo_transnevada_rd_laujar_andarax_loma_raspa_laujar__045,Transnevada RD - Laujar Andarax - Loma Raspa - Laujar Andarax,ciclismo,2026,1,2026-01-01,0.43536163099282704,0.16286814745872172,0.1980479830262065,0.2713191373627592,0.5994920390236302,0.20311805705426464,GEE:S2_SR_HARMONIZED
pn_sierra_nevada_ciclismo_transnevada_ri_niguelas_la_rinconada_niguelas_046,Transnevada RI - Niguelas - La Rinconada - Niguelas,ciclismo,2026,1,2026-01-01,0.3508778645969106,0.10110339050411626,0.17963560176202148,0.23072295319076244,0.4572927192211231,0.17025858699855353,GEE:S2_SR_HARMONIZED
pn_sierra_nevada_ciclismo_transnevada_invierno_047,TRANSNEVADA INVIERNO,ciclismo,2026,1,2026-01-01,0.4428182356012058,0.19379859819107365,0.24305998393583642,0.27735170103163503,0.589872684365769,0.2120572606589681,GEE:S2_SR_HARMONIZED
pn_sierra_nevada_ciclismo_transnevada_verano_048,TRANSNEVADA VERANO,ciclismo,2026,1,2026-01-01,0.44442564473870644,0.20164960276398222,0.25258104588451014,0.2773271768790358,0.5977183838486871,0.21567314240620267,GEE:S2_SR_HARMONIZED
pn_sierra_nevada_ciclismo_transnevada_ra_guejar_sierra_pena_partida_049,Transnevada RA - Güejar Sierra - Peña Partida,ciclismo,2026,1,2026-01-01,0.346943641986349,-0.008931121941302524,0.1794415166297358,0.2540343872558442,0.42555783896064203,0.14165867735987686,GEE:S2_SR_HARMONIZED
pn_sierra_nevada_ciclismo_transnevada_rb_lanteira_postero_alto_lanteira_050,Transnevada RB - Lanteira - Postero Alto - Lanteira,ciclismo,2026,1,2026-01-01,0.4710093056843801,0.3080660619353795,0.2979757574890119,0.35532428782107284,0.5973985787577584,0.16790393137653772,GEE:S2_SR_HARMONIZED
pn_sierra_nevada_ciclismo_transnevada_re_bayarcal_laguna_seca_051,Transnevada RE - Bayarcal - Laguna Seca,ciclismo,2026,1,2026-01-01,0.5051435761295989,0.3502433838892751,0.27296633175142054,0.3495956248876177,0.67383851611607,0.19976592826401693,GEE:S2_SR_HARMONIZED
pn_sierra_nevada_ciclismo_carril_cicloturista_la_zubia_cumbres_verdes_052,CARRIL CICLOTURISTA LA ZUBIA-CUMBRES VERDES,ciclismo,2026,1,2026-01-01,0.6003958783936219,0.09575638347482822,0.22517431819054967,0.5134310703911057,0.7088279397874404,0.15731452145959238,GEE:S2_SR_HARMONIZED
pn_sierra_nevada_senderismo_transnevada_rf_valor_fuente_de_las_primeras_agua_000,Transnevada RF - Valor - Fuente de las Primeras Aguas,senderismo,2026,2,2026-02-01,0.4725212955228908,0.12269257873826798,0.22047636275513627,0.3164182260595689,0.6292101897032258,0.19956309510276413,GEE:S2_SR_HARMONIZED
pn_sierra_nevada_senderismo_transnevada_rg_yegen_mecina_bombaron_yegen_001,Transnevada RG - Yegen - Mecina Bombaron - Yegen,senderismo,2026,2,2026-02-01,0.39518768697707557,0.06238122371585091,0.19261379515646004,0.23629375059877342,0.5408206661162169,0.2039004403900248,GEE:S2_SR_HARMONIZED
pn_sierra_nevada_senderismo_transnevada_rh_capileira_refugio_poqueira_002,Transnevada RH - Capileira - Refugio Poqueira,senderismo,2026,2,2026-02-01,0.3651240476703994,0.25805750800335975,0.06878115836567285,0.1759226666664757,0.6444518534504189,0.3046248523532238,GEE:S2_SR_HARMONIZED
pn_sierra_nevada_senderismo_transnevada_rj_portugos_barranco_bermejo_portugo_003,Transnevada RJ - Portugos - Barranco Bermejo - Portugos,senderismo,2026,2,2026-02-01,0.4443867070634952,0.10184441614942966,0.21862078172623317,0.30299818427563036,0.5878782453657052,0.18168384197987247,GEE:S2_SR_HARMONIZED
pn_sierra_nevada_senderismo_transnevada_rk_padre_eterno_ar_puente_palo_padre_004,Transnevada RK - Padre Eterno - AR Puente Palo - Padre Eterno,senderismo,2026,2,2026-02-01,0.38018490513533504,0.03608624720210243,0.2123164698064919,0.263802562335774,0.4745677084464174,0.1581201672719297,GEE:S2_SR_HARMONIZED
pn_sierra_nevada_senderismo_transnevada_rc_abrucena_la_polarda_005,Transnevada RC - Abrucena - La Polarda,senderismo,2026,2,2026-02-01,0.5253528892829409,0.17585120424102713,0.23822118597666173,0.3556439211797648,0.6992572965297247,0.20786292569520654,GEE:S2_SR_HARMONIZED
pn_sierra_nevada_senderismo_transnevada_rd_laujar_andarax_loma_raspa_laujar__006,Transnevada RD - Laujar Andarax - Loma Raspa - Laujar Andarax,senderismo,2026,2,2026-02-01,0.4409278336005374,0.10608056372033758,0.20112754842414438,0.26359885934304245,0.6227948106829162,0.21349880099430368,GEE:S2_SR_HARMONIZED
pn_sierra_nevada_senderismo_transnevada_ri_niguelas_la_rinconada_niguelas_007,Transnevada RI - Niguelas - La Rinconada - Niguelas,senderismo,2026,2,2026-02-01,0.33229112924552356,0.025988285976095548,0.17288539770032518,0.21479451743794198,0.4173692319962462,0.1678982089576879,GEE:S2_SR_HARMONIZED
pn_sierra_nevada_senderismo_acequias_del_poqueira_008,Acequias del Poqueira,senderismo,2026,2,2026-02-01,0.3551360645539226,0.052698295222356535,0.20906844311832193,0.23848071870452464,0.4565009778774456,0.19425493158935697,GEE:S2_SR_HARMONIZED
pn_sierra_nevada_senderismo_canal_de_la_espartera_arenales_del_trevenque_009,Canal de la Espartera - Arenales del Trevenque,senderismo,2026,2,2026-02-01,0.44144326870667666,0.0842876920345539,0.20147433219655647,0.25388309259113445,0.6527548298865777,0.23405071800229882,GEE:S2_SR_HARMONIZED
pn_sierra_nevada_senderismo_cerro_huenes_010,Cerro Huenes,senderismo,2026,2,2026-02-01,0.5746497482669598,0.20204565731970336,0.2815013391411545,0.41660125470183645,0.7403282296602766,0.19336916329943146,GEE:S2_SR_HARMONIZED
pn_sierra_nevada_senderismo_el_aguadero_011,El Aguadero,senderismo,2026,2,2026-02-01,0.5244905409626985,0.14164099375883524,0.23965556705370308,0.36135286732856325,0.7049093121749616,0.19595088804661023,GEE:S2_SR_HARMONIZED
pn_sierra_nevada_senderismo_haza_larguilla_012,Haza Larguilla,senderismo,2026,2,2026-02-01,0.3110779580847264,-0.11701415174882465,0.13905133539031292,0.24789892212202905,0.37263261398557523,0.09249594579540481,GEE:S2_SR_HARMONIZED
pn_sierra_nevada_senderismo_hoya_del_portillo_refugio_poqueira_013,Hoya del Portillo - Refugio Poqueira,senderismo,2026,2,2026-02-01,0.17557165187473506,0.5639414642708572,-0.29590331854043744,-0.16019745725770507,0.4024579531747557,0.35391725084735287,GEE:S2_SR_HARMONIZED
pn_sierra_nevada_senderismo_jerez_del_marquesado_postero_alto_014,Jerez del Marquesado - Postero Alto,senderismo,2026,2,2026-02-01,0.465687156808078,0.2096445774672147,0.23089498467038064,0.30281096857097034,0.6425559781135288,0.20583985582102488,GEE:S2_SR_HARMONIZED
pn_sierra_nevada_senderismo_ragua_aldeire_015,Ragua - Aldeire,senderismo,2026,2,2026-02-01,0.5509096300664325,0.18149181571752884,0.2754239312670932,0.34813864664913,0.7772180308564386,0.2385091799996048,GEE:S2_SR_HARMONIZED
pn_sierra_nevada_senderismo_transnevada_invierno_016,TRANSNEVADA INVIERNO,senderismo,2026,2,2026-02-01,0.45248247162219274,0.11227319063051974,0.21875569741657014,0.2851718049647046,0.6210977976077475,0.21301484066257143,GEE:S2_SR_HARMONIZED
pn_sierra_nevada_senderismo_transnevada_verano_017,TRANSNEVADA VERANO,senderismo,2026,2,2026-02-01,0.45271888286870604,0.12722817060875663,0.223295565822434,0.2773513202221293,0.6210871732753317,0.2156811529617602,GEE:S2_SR_HARMONIZED
pn_sierra_nevada_senderismo_transnevada_ra_guejar_sierra_pena_partida_018,Transnevada RA - Güejar Sierra - Peña Partida,senderismo,2026,2,2026-02-01,0.33735974082968645,-0.02753972384763721,0.18397596099635308,0.22861389204176247,0.423896029971328,0.15708489666198394,GEE:S2_SR_HARMONIZED
pn_sierra_nevada_senderismo_transnevada_rb_lanteira_postero_alto_lanteira_019,Transnevada RB - Lanteira - Postero Alto - Lanteira,senderismo,2026,2,2026-02-01,0.4905246642991279,0.222008003788059,0.25137449903974574,0.3631220966912784,0.6366795464622454,0.1815840492033099,GEE:S2_SR_HARMONIZED
pn_sierra_nevada_senderismo_transnevada_re_bayarcal_laguna_seca_020,Transnevada RE - Bayarcal - Laguna Seca,senderismo,2026,2,2026-02-01,0.5465198963721652,0.21340899306983724,0.24337373622343322,0.3632185955531036,0.7384626656811037,0.22689476819721335,GEE:S2_SR_HARMONIZED
pn_sierra_nevada_senderismo_la_cebadilla_021,La Cebadilla,senderismo,2026,2,2026-02-01,0.43265965041269966,0.025340850939893668,0.24296260004719186,0.3536926319475675,0.5134926309148065,0.13446034821283231,GEE:S2_SR_HARMONIZED
pn_sierra_nevada_senderismo_la_silleta_022,La Silleta,senderismo,2026,2,2026-02-01,0.4351296679436347,0.04381438967730773,0.21626912644153354,0.2519301016040991,0.619068946982169,0.20333650236473294,GEE:S2_SR_HARMONIZED
pn_sierra_nevada_senderismo_lanjaron_tello_023,Lanjaron - Tello,senderismo,2026,2,2026-02-01,0.5564872093305618,0.08047623408265883,0.3240399535358787,0.48646401114836085,0.6151536901893718,0.1029660658825755,GEE:S2_SR_HARMONIZED
pn_sierra_nevada_senderismo_molinos_de_isfalada_024,Molinos de Isfalada,senderismo,2026,2,2026-02-01,0.43651647705890545,0.026004674624981582,0.18503630260301904,0.32370664869659027,0.5273475751741596,0.16547066128714302,GEE:S2_SR_HARMONIZED
pn_sierra_nevada_senderismo_monterrey_025,Monterrey,senderismo,2026,2,2026-02-01,0.5546356224215635,0.1259369320837445,0.2440774167456982,0.4000766790981089,0.7285510092000983,0.18817643378997462,GEE:S2_SR_HARMONIZED
pn_sierra_nevada_senderismo_puente_palo_026,Puente Palo,senderismo,2026,2,2026-02-01,0.6372818298612847,0.22544078882117036,0.31317361849920466,0.5372986407674312,0.7476633219336768,0.141326571085076,GEE:S2_SR_HARMONIZED
pn_sierra_nevada_senderismo_ragua_hoyos_de_pura_027,Ragua - Hoyos de Pura,senderismo,2026,2,2026-02-01,0.6044538123980298,0.3772066258663102,0.32145902926266817,0.5143027507170602,0.7873650362072553,0.23582317980765527,GEE:S2_SR_HARMONIZED
pn_sierra_nevada_senderismo_ragua_lagunilla_seca_028,Ragua - Lagunilla Seca,senderismo,2026,2,2026-02-01,0.5047478830207054,0.26804426197159675,0.27780951156578065,0.30658338454941225,0.7281991630142919,0.22165950595195927,GEE:S2_SR_HARMONIZED
pn_sierra_nevada_senderismo_rio_alhama_029,Río Alhama,senderismo,2026,2,2026-02-01,0.4539778232086164,0.05557274995887253,0.19944374050989233,0.2923553300686634,0.5822712670865505,0.21852238155124545,GEE:S2_SR_HARMONIZED
pn_sierra_nevada_senderismo_rio_bermejo_030,Río Bermejo,senderismo,2026,2,2026-02-01,0.46626797348465643,0.081602571907748,0.23211462597276,0.37323472846169836,0.5722217382897838,0.14943183937138288,GEE:S2_SR_HARMONIZED
pn_sierra_nevada_senderismo_rio_grande_de_los_berchules_031,Río Grande de los Berchules,senderismo,2026,2,2026-02-01,0.48510587383155823,0.08278157501523946,0.25159279215619096,0.3380725693079193,0.61134938936445,0.19074645956280295,GEE:S2_SR_HARMONIZED
pn_sierra_nevada_senderismo_trevelez_siete_lagunas_032,Trevélez - Siete Lagunas,senderismo,2026,2,2026-02-01,0.3922523292239624,0.019019533304379194,0.19470428380777055,0.29087162763618246,0.4747419463516947,0.13969779230711726,GEE:S2_SR_HARMONIZED
pn_sierra_nevada_senderismo_ubeire_033,Ubeire,senderismo,2026,2,2026-02-01,0.6861752468617652,0.1828732802955902,0.26975150235424417,0.5878059658365621,0.7948969883918764,0.14669550753983396,GEE:S2_SR_HARMONIZED
pn_sierra_nevada_senderismo_sulayr_034,SULAYR,senderismo,2026,2,2026-02-01,0.4668198564369081,0.1298389229061328,0.23097534642787368,0.28522126150611665,0.6600295022597621,0.22578887499481676,GEE:S2_SR_HARMONIZED
pn_sierra_nevada_senderismo_carril_cicloturista_la_zubia_cumbres_verdes_035,CARRIL CICLOTURISTA LA ZUBIA-CUMBRES VERDES,senderismo,2026,2,2026-02-01,0.4113162069141724,-0.005292644901352288,0.2031005125221354,0.33769462986661164,0.45147278552435943,0.13347700264096082,GEE:S2_SR_HARMONIZED
pn_sierra_nevada_senderismo_dehesa_del_camarate_036,Dehesa del Camarate,senderismo,2026,2,2026-02-01,0.3642100902234673,0.0043660460069554,0.16909178098102814,0.2676213750418858,0.4312619464054092,0.14374939408999476,GEE:S2_SR_HARMONIZED
pn_sierra_nevada_senderismo_pueblos_del_poqueira_037,PUEBLOS DEL POQUEIRA,senderismo,2026,2,2026-02-01,0.4949590224863893,0.06308903177784057,0.27711667772124643,0.43377026851128525,0.605385101517559,0.16175143978175677,GEE:S2_SR_HARMONIZED
pn_sierra_nevada_senderismo_ragua_barranco_del_hornillo_038,Ragua - Barranco del Hornillo,senderismo,2026,2,2026-02-01,0.6984501777591148,0.36292525100973877,0.33772937288263566,0.5500342146708416,0.8460319639677488,0.18602026025427215,GEE:S2_SR_HARMONIZED
pn_sierra_nevada_ciclismo_transnevada_rf_valor_fuente_de_las_primeras_agua_039,Transnevada RF - Valor - Fuente de las Primeras Aguas,ciclismo,2026,2,2026-02-01,0.4725212955228908,0.12269257873826798,0.22047636275513627,0.3164182260595689,0.6292101897032258,0.19956309510276413,GEE:S2_SR_HARMONIZED
pn_sierra_nevada_ciclismo_transnevada_rg_yegen_mecina_bombaron_yegen_040,Transnevada RG - Yegen - Mecina Bombaron - Yegen,ciclismo,2026,2,2026-02-01,0.39518768697707557,0.06238122371585091,0.19261379515646004,0.23629375059877342,0.5408206661162169,0.2039004403900248,GEE:S2_SR_HARMONIZED
pn_sierra_nevada_ciclismo_transnevada_rh_capileira_refugio_poqueira_041,Transnevada RH - Capileira - Refugio Poqueira,ciclismo,2026,2,2026-02-01,0.3651240476703994,0.25805750800335975,0.06878115836567285,0.1759226666664757,0.6444518534504189,0.3046248523532238,GEE:S2_SR_HARMONIZED
pn_sierra_nevada_ciclismo_transnevada_rj_portugos_barranco_bermejo_portugo_042,Transnevada RJ - Portugos - Barranco Bermejo - Portugos,ciclismo,2026,2,2026-02-01,0.4443867070634952,0.10184441614942966,0.21862078172623317,0.30299818427563036,0.5878782453657052,0.18168384197987247,GEE:S2_SR_HARMONIZED
pn_sierra_nevada_ciclismo_transnevada_rk_padre_eterno_ar_puente_palo_padre_043,Transnevada RK - Padre Eterno - AR Puente Palo - Padre Eterno,ciclismo,2026,2,2026-02-01,0.38018490513533504,0.03608624720210243,0.2123164698064919,0.263802562335774,0.4745677084464174,0.1581201672719297,GEE:S2_SR_HARMONIZED
pn_sierra_nevada_ciclismo_transnevada_rc_abrucena_la_polarda_044,Transnevada RC - Abrucena - La Polarda,ciclismo,2026,2,2026-02-01,0.5253528892829409,0.17585120424102713,0.23822118597666173,0.3556439211797648,0.6992572965297247,0.20786292569520654,GEE:S2_SR_HARMONIZED
pn_sierra_nevada_ciclismo_transnevada_rd_laujar_andarax_loma_raspa_laujar__045,Transnevada RD - Laujar Andarax - Loma Raspa - Laujar Andarax,ciclismo,2026,2,2026-02-01,0.4409278336005374,0.10608056372033758,0.20112754842414438,0.26359885934304245,0.6227948106829162,0.21349880099430368,GEE:S2_SR_HARMONIZED
pn_sierra_nevada_ciclismo_transnevada_ri_niguelas_la_rinconada_niguelas_046,Transnevada RI - Niguelas - La Rinconada - Niguelas,ciclismo,2026,2,2026-02-01,0.33229112924552356,0.025988285976095548,0.17288539770032518,0.21479451743794198,0.4173692319962462,0.1678982089576879,GEE:S2_SR_HARMONIZED
pn_sierra_nevada_ciclismo_transnevada_invierno_047,TRANSNEVADA INVIERNO,ciclismo,2026,2,2026-02-01,0.45248247162219274,0.11227319063051974,0.21875569741657014,0.2851718049647046,0.6210977976077475,0.21301484066257143,GEE:S2_SR_HARMONIZED
pn_sierra_nevada_ciclismo_transnevada_verano_048,TRANSNEVADA VERANO,ciclismo,2026,2,2026-02-01,0.45271888286870604,0.12722817060875663,0.223295565822434,0.2773513202221293,0.6210871732753317,0.2156811529617602,GEE:S2_SR_HARMONIZED
pn_sierra_nevada_ciclismo_transnevada_ra_guejar_sierra_pena_partida_049,Transnevada RA - Güejar Sierra - Peña Partida,ciclismo,2026,2,2026-02-01,0.33735974082968645,-0.02753972384763721,0.18397596099635308,0.22861389204176247,0.423896029971328,0.15708489666198394,GEE:S2_SR_HARMONIZED
pn_sierra_nevada_ciclismo_transnevada_rb_lanteira_postero_alto_lanteira_050,Transnevada RB - Lanteira - Postero Alto - Lanteira,ciclismo,2026,2,2026-02-01,0.4905246642991279,0.222008003788059,0.25137449903974574,0.3631220966912784,0.6366795464622454,0.1815840492033099,GEE:S2_SR_HARMONIZED
pn_sierra_nevada_ciclismo_transnevada_re_bayarcal_laguna_seca_051,Transnevada RE - Bayarcal - Laguna Seca,ciclismo,2026,2,2026-02-01,0.5465198963721652,0.21340899306983724,0.24337373622343322,0.3632185955531036,0.7384626656811037,0.22689476819721335,GEE:S2_SR_HARMONIZED
pn_sierra_nevada_ciclismo_carril_cicloturista_la_zubia_cumbres_verdes_052,CARRIL CICLOTURISTA LA ZUBIA-CUMBRES VERDES,ciclismo,2026,2,2026-02-01,0.4113162069141724,-0.005292644901352288,0.2031005125221354,0.33769462986661164,0.45147278552435943,0.13347700264096082,GEE:S2_SR_HARMONIZED
pn_sierra_nevada_senderismo_transnevada_rf_valor_fuente_de_las_primeras_agua_000,Transnevada RF - Valor - Fuente de las Primeras Aguas,senderismo,2026,3,2026-03-01,0.4691868608228452,0.11085074744230353,0.22610246898596045,0.324169456844561,0.6131998378770077,0.1849295885077287,GEE:S2_SR_HARMONIZED
pn_sierra_nevada_senderismo_transnevada_rg_yegen_mecina_bombaron_yegen_001,Transnevada RG - Yegen - Mecina Bombaron - Yegen,senderismo,2026,3,2026-03-01,0.3810742603996178,0.07089170673701699,0.19910940739422878,0.24409295268077957,0.5019482262729604,0.1789009479397799,GEE:S2_SR_HARMONIZED
pn_sierra_nevada_senderismo_transnevada_rh_capileira_refugio_poqueira_002,Transnevada RH - Capileira - Refugio Poqueira,senderismo,2026,3,2026-03-01,0.370613757234648,0.15290356448211348,0.18733157898036829,0.19124679657126795,0.5816277450715849,0.238336962031687,GEE:S2_SR_HARMONIZED
pn_sierra_nevada_senderismo_transnevada_rj_portugos_barranco_bermejo_portugo_003,Transnevada RJ - Portugos - Barranco Bermejo - Portugos,senderismo,2026,3,2026-03-01,0.4487886114744249,0.10253005731842517,0.22290408368986642,0.2990338787974315,0.5994980409881691,0.19022281711707936,GEE:S2_SR_HARMONIZED
pn_sierra_nevada_senderismo_transnevada_rk_padre_eterno_ar_puente_palo_padre_004,Transnevada RK - Padre Eterno - AR Puente Palo - Padre Eterno,senderismo,2026,3,2026-03-01,0.4002311065513114,0.0420236931646339,0.2265266056114792,0.28328800102547946,0.5018278499884078,0.15709835664452024,GEE:S2_SR_HARMONIZED
pn_sierra_nevada_senderismo_transnevada_rc_abrucena_la_polarda_005,Transnevada RC - Abrucena - La Polarda,senderismo,2026,3,2026-03-01,0.4684865142916856,0.15673515440087002,0.24865340037757394,0.33803300125772956,0.6111392096611424,0.17077512500045172,GEE:S2_SR_HARMONIZED
pn_sierra_nevada_senderismo_transnevada_rd_laujar_andarax_loma_raspa_laujar__006,Transnevada RD - Laujar Andarax - Loma Raspa - Laujar Andarax,senderismo,2026,3,2026-03-01,0.4167811501916469,0.1063000751422937,0.2111943402505728,0.2636227397277327,0.5723556305879507,0.1903234911735069,GEE:S2_SR_HARMONIZED
pn_sierra_nevada_senderismo_transnevada_ri_niguelas_la_rinconada_niguelas_007,Transnevada RI - Niguelas - La Rinconada - Niguelas,senderismo,2026,3,2026-03-01,0.32079786634063356,0.01647578428769367,0.175843985192096,0.2168876167062322,0.4004414246425414,0.14374832087276176,GEE:S2_SR_HARMONIZED
pn_sierra_nevada_senderismo_acequias_del_poqueira_008,Acequias del Poqueira,senderismo,2026,3,2026-03-01,0.3822364187407619,0.025450369220704303,0.2222589639503724,0.27546952440836325,0.45912953409800317,0.1554345136027441,GEE:S2_SR_HARMONIZED
pn_sierra_nevada_senderismo_canal_de_la_espartera_arenales_del_trevenque_009,Canal de la Espartera - Arenales del Trevenque,senderismo,2026,3,2026-03-01,0.4241109525431738,0.0645387695454386,0.20512370116094927,0.2521323836256805,0.6072336541468523,0.21315880398172052,GEE:S2_SR_HARMONIZED
pn_sierra_nevada_senderismo_cerro_huenes_010,Cerro Huenes,senderismo,2026,3,2026-03-01,0.5597900141136988,0.16618866355162334,0.2740971715256921,0.4160689145335769,0.7210648214258011,0.1802065785663378,GEE:S2_SR_HARMONIZED
pn_sierra_nevada_senderismo_el_aguadero_011,El Aguadero,senderismo,2026,3,2026-03-01,0.48794629879224827,0.13420441312009157,0.24773782117913715,0.3578048292155949,0.6346178040384675,0.16814730273284012,GEE:S2_SR_HARMONIZED
pn_sierra_nevada_senderismo_haza_larguilla_012,Haza Larguilla,senderismo,2026,3,2026-03-01,0.3215859368197772,-0.09090525818533558,0.15384720872026755,0.25143944726440576,0.3811828657453937,0.0928592529961477,GEE:S2_SR_HARMONIZED
pn_sierra_nevada_senderismo_hoya_del_portillo_refugio_poqueira_013,Hoya del Portillo - Refugio Poqueira,senderismo,2026,3,2026-03-01,0.3600379615409246,0.1879866453489988,0.19317985673492144,0.2206749606970115,0.4789840644452631,0.23890837584644245,GEE:S2_SR_HARMONIZED
pn_sierra_nevada_senderismo_jerez_del_marquesado_postero_alto_014,Jerez del Marquesado - Postero Alto,senderismo,2026,3,2026-03-01,0.4619728073851106,0.1651659274767252,0.225598792072675,0.3101771203061708,0.6349362660298535,0.19511018529988716,GEE:S2_SR_HARMONIZED
pn_sierra_nevada_senderismo_ragua_aldeire_015,Ragua - Aldeire,senderismo,2026,3,2026-03-01,0.523391768101037,0.15415666175694917,0.27706311321288396,0.3652200191529112,0.7246625938937404,0.2033617621849033,GEE:S2_SR_HARMONIZED
pn_sierra_nevada_senderismo_transnevada_invierno_016,TRANSNEVADA INVIERNO,senderismo,2026,3,2026-03-01,0.4306510558976645,0.09299643621203035,0.22278725806426342,0.28510296440826627,0.5742183432298628,0.18534603423784707,GEE:S2_SR_HARMONIZED
pn_sierra_nevada_senderismo_transnevada_verano_017,TRANSNEVADA VERANO,senderismo,2026,3,2026-03-01,0.4325067495808915,0.10289843976457999,0.22551400952492456,0.28513368201394035,0.5819720984800957,0.18922674361190872,GEE:S2_SR_HARMONIZED
pn_sierra_nevada_senderismo_transnevada_ra_guejar_sierra_pena_partida_018,Transnevada RA - Güejar Sierra - Peña Partida,senderismo,2026,3,2026-03-01,0.340750126814479,0.030928401395411243,0.19096237408494562,0.23813438101636136,0.44133719357897183,0.1669312095058091,GEE:S2_SR_HARMONIZED
pn_sierra_nevada_senderismo_transnevada_rb_lanteira_postero_alto_lanteira_019,Transnevada RB - Lanteira - Postero Alto - Lanteira,senderismo,2026,3,2026-03-01,0.47085867198731285,0.16172613156002438,0.23599442859986397,0.3455475050070971,0.6112360005597479,0.1757421548241698,GEE:S2_SR_HARMONIZED
pn_sierra_nevada_senderismo_transnevada_re_bayarcal_laguna_seca_020,Transnevada RE - Bayarcal - Laguna Seca,senderismo,2026,3,2026-03-01,0.4936563290913538,0.1953707096102258,0.23479483348385224,0.33391666708734064,0.6737373303878529,0.21081599115451824,GEE:S2_SR_HARMONIZED
pn_sierra_nevada_senderismo_la_cebadilla_021,La Cebadilla,senderismo,2026,3,2026-03-01,0.44935339789571377,0.04896627719074684,0.26935823839547113,0.3687872003121089,0.5332754683182,0.1319145314609038,GEE:S2_SR_HARMONIZED
pn_sierra_nevada_senderismo_la_silleta_022,La Silleta,senderismo,2026,3,2026-03-01,0.44814958535626637,0.04432191064075231,0.21914150204446683,0.31454397697985137,0.5957145885291203,0.16897141639711738,GEE:S2_SR_HARMONIZED
pn_sierra_nevada_senderismo_lanjaron_tello_023,Lanjaron - Tello,senderismo,2026,3,2026-03-01,0.6236687875852284,0.1523052982121549,0.39612420675576865,0.5686463741234943,0.6853992193571707,0.09452226441828687,GEE:S2_SR_HARMONIZED
pn_sierra_nevada_senderismo_molinos_de_isfalada_024,Molinos de Isfalada,senderismo,2026,3,2026-03-01,0.43129897377724963,0.0715614539348483,0.21637864792383213,0.3418818328560901,0.5257002658433445,0.1355114805897147,GEE:S2_SR_HARMONIZED
pn_sierra_nevada_senderismo_monterrey_025,Monterrey,senderismo,2026,3,2026-03-01,0.5201649618351973,0.13093364352113812,0.2587915997758559,0.40043522728896397,0.6581673155509349,0.15702522647538206,GEE:S2_SR_HARMONIZED
pn_sierra_nevada_senderismo_puente_palo_026,Puente Palo,senderismo,2026,3,2026-03-01,0.6383776843164278,0.19695222214235028,0.3143192547165239,0.5529440442968666,0.7322243870314558,0.12298280856932678,GEE:S2_SR_HARMONIZED
pn_sierra_nevada_senderismo_ragua_hoyos_de_pura_027,Ragua - Hoyos de Pura,senderismo,2026,3,2026-03-01,0.5840661521896424,0.29338302885450884,0.3063480839634227,0.5448465862092934,0.7367931361321532,0.21406686045685255,GEE:S2_SR_HARMONIZED
pn_sierra_nevada_senderismo_ragua_lagunilla_seca_028,Ragua - Lagunilla Seca,senderismo,2026,3,2026-03-01,0.44106496003742696,0.1433383246590383,0.22426009552028012,0.2910542254927339,0.6546210245269797,0.20632308187646703,GEE:S2_SR_HARMONIZED
pn_sierra_nevada_senderismo_rio_alhama_029,Río Alhama,senderismo,2026,3,2026-03-01,0.43331000352630755,0.07479097469163981,0.23458451180074116,0.3068883131199208,0.5450601268482184,0.17491707067223042,GEE:S2_SR_HARMONIZED
pn_sierra_nevada_senderismo_rio_bermejo_030,Río Bermejo,senderismo,2026,3,2026-03-01,0.4733756163941536,0.09429599566498055,0.247200489610803,0.35368149971602314,0.6113120626012248,0.1736714863384093,GEE:S2_SR_HARMONIZED
pn_sierra_nevada_senderismo_rio_grande_de_los_berchules_031,Río Grande de los Berchules,senderismo,2026,3,2026-03-01,0.48947434035248705,0.10844080960614962,0.2666562508360259,0.3574338303338191,0.6191550275734835,0.1720630891893216,GEE:S2_SR_HARMONIZED
pn_sierra_nevada_senderismo_trevelez_siete_lagunas_032,Trevélez - Siete Lagunas,senderismo,2026,3,2026-03-01,0.35040200466227095,0.12287751410808875,0.18084357720904387,0.236192267496873,0.4823440919684108,0.2032928891001587,GEE:S2_SR_HARMONIZED
pn_sierra_nevada_senderismo_ubeire_033,Ubeire,senderismo,2026,3,2026-03-01,0.5795225062753365,0.1669226213608758,0.27484491113293513,0.5059252501260945,0.6501359639215457,0.10789130834519625,GEE:S2_SR_HARMONIZED
pn_sierra_nevada_senderismo_sulayr_034,SULAYR,senderismo,2026,3,2026-03-01,0.4467427516803172,0.09932924181078788,0.22964509024071908,0.3007177448782929,0.6054702681299996,0.19536160375275785,GEE:S2_SR_HARMONIZED
pn_sierra_nevada_senderismo_carril_cicloturista_la_zubia_cumbres_verdes_035,CARRIL CICLOTURISTA LA ZUBIA-CUMBRES VERDES,senderismo,2026,3,2026-03-01,0.5486714464102166,0.02912326272473781,0.22498266303869235,0.5094775371801327,0.6271762340195806,0.12327051922891517,GEE:S2_SR_HARMONIZED
pn_sierra_nevada_senderismo_dehesa_del_camarate_036,Dehesa del Camarate,senderismo,2026,3,2026-03-01,0.38697624423930843,-0.013622497566636691,0.19063794547121624,0.3145363252963463,0.4315769805825359,0.11274685956902147,GEE:S2_SR_HARMONIZED
pn_sierra_nevada_senderismo_pueblos_del_poqueira_037,PUEBLOS DEL POQUEIRA,senderismo,2026,3,2026-03-01,0.5233367770167336,0.11868068175312987,0.3224633361325498,0.451484741058541,0.6503498933449232,0.1769090564852018,GEE:S2_SR_HARMONIZED
pn_sierra_nevada_senderismo_ragua_barranco_del_hornillo_038,Ragua - Barranco del Hornillo,senderismo,2026,3,2026-03-01,0.673330966106908,0.3447867099263455,0.3405970518697822,0.5526506292505348,0.7989737133893035,0.1505619866678722,GEE:S2_SR_HARMONIZED
pn_sierra_nevada_ciclismo_transnevada_rf_valor_fuente_de_las_primeras_agua_039,Transnevada RF - Valor - Fuente de las Primeras Aguas,ciclismo,2026,3,2026-03-01,0.4691868608228452,0.11085074744230353,0.22610246898596045,0.324169456844561,0.6131998378770077,0.1849295885077287,GEE:S2_SR_HARMONIZED
pn_sierra_nevada_ciclismo_transnevada_rg_yegen_mecina_bombaron_yegen_040,Transnevada RG - Yegen - Mecina Bombaron - Yegen,ciclismo,2026,3,2026-03-01,0.3810742603996178,0.07089170673701699,0.19910940739422878,0.24409295268077957,0.5019482262729604,0.1789009479397799,GEE:S2_SR_HARMONIZED
pn_sierra_nevada_ciclismo_transnevada_rh_capileira_refugio_poqueira_041,Transnevada RH - Capileira - Refugio Poqueira,ciclismo,2026,3,2026-03-01,0.370613757234648,0.15290356448211348,0.18733157898036829,0.19124679657126795,0.5816277450715849,0.238336962031687,GEE:S2_SR_HARMONIZED
pn_sierra_nevada_ciclismo_transnevada_rj_portugos_barranco_bermejo_portugo_042,Transnevada RJ - Portugos - Barranco Bermejo - Portugos,ciclismo,2026,3,2026-03-01,0.4487886114744249,0.10253005731842517,0.22290408368986642,0.2990338787974315,0.5994980409881691,0.19022281711707936,GEE:S2_SR_HARMONIZED
pn_sierra_nevada_ciclismo_transnevada_rk_padre_eterno_ar_puente_palo_padre_043,Transnevada RK - Padre Eterno - AR Puente Palo - Padre Eterno,ciclismo,2026,3,2026-03-01,0.4002311065513114,0.0420236931646339,0.2265266056114792,0.28328800102547946,0.5018278499884078,0.15709835664452024,GEE:S2_SR_HARMONIZED
pn_sierra_nevada_ciclismo_transnevada_rc_abrucena_la_polarda_044,Transnevada RC - Abrucena - La Polarda,ciclismo,2026,3,2026-03-01,0.4684865142916856,0.15673515440087002,0.24865340037757394,0.33803300125772956,0.6111392096611424,0.17077512500045172,GEE:S2_SR_HARMONIZED
pn_sierra_nevada_ciclismo_transnevada_rd_laujar_andarax_loma_raspa_laujar__045,Transnevada RD - Laujar Andarax - Loma Raspa - Laujar Andarax,ciclismo,2026,3,2026-03-01,0.4167811501916469,0.1063000751422937,0.2111943402505728,0.2636227397277327,0.5723556305879507,0.1903234911735069,GEE:S2_SR_HARMONIZED
pn_sierra_nevada_ciclismo_transnevada_ri_niguelas_la_rinconada_niguelas_046,Transnevada RI - Niguelas - La Rinconada - Niguelas,ciclismo,2026,3,2026-03-01,0.32079786634063356,0.01647578428769367,0.175843985192096,0.2168876167062322,0.4004414246425414,0.14374832087276176,GEE:S2_SR_HARMONIZED
pn_sierra_nevada_ciclismo_transnevada_invierno_047,TRANSNEVADA INVIERNO,ciclismo,2026,3,2026-03-01,0.4306510558976645,0.09299643621203035,0.22278725806426342,0.28510296440826627,0.5742183432298628,0.18534603423784707,GEE:S2_SR_HARMONIZED
pn_sierra_nevada_ciclismo_transnevada_verano_048,TRANSNEVADA VERANO,ciclismo,2026,3,2026-03-01,0.4325067495808915,0.10289843976457999,0.22551400952492456,0.28513368201394035,0.5819720984800957,0.18922674361190872,GEE:S2_SR_HARMONIZED
pn_sierra_nevada_ciclismo_transnevada_ra_guejar_sierra_pena_partida_049,Transnevada RA - Güejar Sierra - Peña Partida,ciclismo,2026,3,2026-03-01,0.340750126814479,0.030928401395411243,0.19096237408494562,0.23813438101636136,0.44133719357897183,0.1669312095058091,GEE:S2_SR_HARMONIZED
pn_sierra_nevada_ciclismo_transnevada_rb_lanteira_postero_alto_lanteira_050,Transnevada RB - Lanteira - Postero Alto - Lanteira,ciclismo,2026,3,2026-03-01,0.47085867198731285,0.16172613156002438,0.23599442859986397,0.3455475050070971,0.6112360005597479,0.1757421548241698,GEE:S2_SR_HARMONIZED
pn_sierra_nevada_ciclismo_transnevada_re_bayarcal_laguna_seca_051,Transnevada RE - Bayarcal - Laguna Seca,ciclismo,2026,3,2026-03-01,0.4936563290913538,0.1953707096102258,0.23479483348385224,0.33391666708734064,0.6737373303878529,0.21081599115451824,GEE:S2_SR_HARMONIZED
pn_sierra_nevada_ciclismo_carril_cicloturista_la_zubia_cumbres_verdes_052,CARRIL CICLOTURISTA LA ZUBIA-CUMBRES VERDES,ciclismo,2026,3,2026-03-01,0.5486714464102166,0.02912326272473781,0.22498266303869235,0.5094775371801327,0.6271762340195806,0.12327051922891517,GEE:S2_SR_HARMONIZED
pn_sierra_nevada_senderismo_transnevada_rf_valor_fuente_de_las_primeras_agua_000,Transnevada RF - Valor - Fuente de las Primeras Aguas,senderismo,2026,4,2026-04-01,0.44786999089869417,0.107712107053764,0.23021578472907414,0.316415693100381,0.5739955067453639,0.16974404484049252,GEE:S2_SR_HARMONIZED
pn_sierra_nevada_senderismo_transnevada_rg_yegen_mecina_bombaron_yegen_001,Transnevada RG - Yegen - Mecina Bombaron - Yegen,senderismo,2026,4,2026-04-01,0.37725780252402213,0.07392051425409965,0.2057784327416861,0.2519205617388118,0.4941755743732925,0.17080355119211119,GEE:S2_SR_HARMONIZED
pn_sierra_nevada_senderismo_transnevada_rh_capileira_refugio_poqueira_002,Transnevada RH - Capileira - Refugio Poqueira,senderismo,2026,4,2026-04-01,0.3423908026384538,0.12972583107375185,0.17670988728294507,0.17777528235667997,0.5213864040747851,0.22655936923932554,GEE:S2_SR_HARMONIZED
pn_sierra_nevada_senderismo_transnevada_rj_portugos_barranco_bermejo_portugo_003,Transnevada RJ - Portugos - Barranco Bermejo - Portugos,senderismo,2026,4,2026-04-01,0.4392504680874786,0.11195042215403617,0.23545648539143166,0.29478586107437416,0.5839421945580943,0.1877695342936652,GEE:S2_SR_HARMONIZED
pn_sierra_nevada_senderismo_transnevada_rk_padre_eterno_ar_puente_palo_padre_004,Transnevada RK - Padre Eterno - AR Puente Palo - Padre Eterno,senderismo,2026,4,2026-04-01,0.3965360289216149,0.04752601215037433,0.23785842907243732,0.283100928272433,0.4980961541336513,0.15282310368466037,GEE:S2_SR_HARMONIZED
pn_sierra_nevada_senderismo_transnevada_rc_abrucena_la_polarda_005,Transnevada RC - Abrucena - La Polarda,senderismo,2026,4,2026-04-01,0.44547647569243304,0.13789585296494786,0.24328137758385504,0.31826102117251087,0.5761274048466082,0.1641147161768174,GEE:S2_SR_HARMONIZED
pn_sierra_nevada_senderismo_transnevada_rd_laujar_andarax_loma_raspa_laujar__006,Transnevada RD - Laujar Andarax - Loma Raspa - Laujar Andarax,senderismo,2026,4,2026-04-01,0.40793660234150364,0.10114289412574515,0.2229262496538096,0.2559362581971287,0.5685040734228028,0.18934607413106314,GEE:S2_SR_HARMONIZED
pn_sierra_nevada_senderismo_transnevada_ri_niguelas_la_rinconada_niguelas_007,Transnevada RI - Niguelas - La Rinconada - Niguelas,senderismo,2026,4,2026-04-01,0.34648258358736744,0.02174420457018928,0.20399816291347012,0.24022141122682597,0.4315199261205744,0.14556901380927986,GEE:S2_SR_HARMONIZED
pn_sierra_nevada_senderismo_acequias_del_poqueira_008,Acequias del Poqueira,senderismo,2026,4,2026-04-01,0.39743026824665595,0.045119772526336366,0.24222549870662088,0.2988474102774929,0.4743826888571909,0.14087384884349213,GEE:S2_SR_HARMONIZED
pn_sierra_nevada_senderismo_canal_de_la_espartera_arenales_del_trevenque_009,Canal de la Espartera - Arenales del Trevenque,senderismo,2026,4,2026-04-01,0.4125981536067905,0.0570438315097422,0.2227536874537013,0.240199860798636,0.5878188737499298,0.20875833543919392,GEE:S2_SR_HARMONIZED
pn_sierra_nevada_senderismo_cerro_huenes_010,Cerro Huenes,senderismo,2026,4,2026-04-01,0.520327511699902,0.13121339046880884,0.27650461713245733,0.3846212765853742,0.6738623279257746,0.17074831069265958,GEE:S2_SR_HARMONIZED
pn_sierra_nevada_senderismo_el_aguadero_011,El Aguadero,senderismo,2026,4,2026-04-01,0.4736437457158557,0.12156212078814142,0.25252255694143616,0.3455341096971791,0.6113228593699459,0.16226527810490815,GEE:S2_SR_HARMONIZED
pn_sierra_nevada_senderismo_haza_larguilla_012,Haza Larguilla,senderismo,2026,4,2026-04-01,0.3467384440513286,-0.05706605104421532,0.18782843576430855,0.25526235373142886,0.43146393278008344,0.11100375778286364,GEE:S2_SR_HARMONIZED
pn_sierra_nevada_senderismo_hoya_del_portillo_refugio_poqueira_013,Hoya del Portillo - Refugio Poqueira,senderismo,2026,4,2026-04-01,0.32699795114589025,0.12328351181386384,0.1746991076665228,0.2206070224133596,0.3766274627656963,0.20745621599046354,GEE:S2_SR_HARMONIZED
pn_sierra_nevada_senderismo_jerez_del_marquesado_postero_alto_014,Jerez del Marquesado - Postero Alto,senderismo,2026,4,2026-04-01,0.44596552233962516,0.1582710390024469,0.22739117729030722,0.2948944621916371,0.6074588511712777,0.1860552962185797,GEE:S2_SR_HARMONIZED
pn_sierra_nevada_senderismo_ragua_aldeire_015,Ragua - Aldeire,senderismo,2026,4,2026-04-01,0.5264813520495588,0.16430350459930146,0.28738962232354437,0.37688626267911174,0.713129500887646,0.19503633798893807,GEE:S2_SR_HARMONIZED
pn_sierra_nevada_senderismo_transnevada_invierno_016,TRANSNEVADA INVIERNO,senderismo,2026,4,2026-04-01,0.4229649404339953,0.09023802547461027,0.23194979851732533,0.28523408315671034,0.5586141135399487,0.1757424929220908,GEE:S2_SR_HARMONIZED
pn_sierra_nevada_senderismo_transnevada_verano_017,TRANSNEVADA VERANO,senderismo,2026,4,2026-04-01,0.42712583915397995,0.09703061169066465,0.2349520632669824,0.28521277107614124,0.56640127166553,0.1794225793808869,GEE:S2_SR_HARMONIZED
pn_sierra_nevada_senderismo_transnevada_ra_guejar_sierra_pena_partida_018,Transnevada RA - Güejar Sierra - Peña Partida,senderismo,2026,4,2026-04-01,0.33854210379947103,0.040060998248049304,0.21055564621314013,0.23635407974898726,0.4237383416201898,0.15821677010331592,GEE:S2_SR_HARMONIZED
pn_sierra_nevada_senderismo_transnevada_rb_lanteira_postero_alto_lanteira_019,Transnevada RB - Lanteira - Postero Alto - Lanteira,senderismo,2026,4,2026-04-01,0.4469646624025072,0.14447900779888032,0.23261816887030776,0.3223665793898953,0.5799507865232091,0.17017444575506518,GEE:S2_SR_HARMONIZED
pn_sierra_nevada_senderismo_transnevada_re_bayarcal_laguna_seca_020,Transnevada RE - Bayarcal - Laguna Seca,senderismo,2026,4,2026-04-01,0.4864152796012868,0.1612713167268893,0.2421887591826495,0.33391230656735144,0.6503553881387353,0.19367159002129544,GEE:S2_SR_HARMONIZED
pn_sierra_nevada_senderismo_la_cebadilla_021,La Cebadilla,senderismo,2026,4,2026-04-01,0.4758571936861034,0.0899305599055568,0.30650929076686245,0.38872581804606543,0.5720948585579732,0.13774126089752253,GEE:S2_SR_HARMONIZED
pn_sierra_nevada_senderismo_la_silleta_022,La Silleta,senderismo,2026,4,2026-04-01,0.43879531099522495,0.02833135769788656,0.23005116108051096,0.31466471890945286,0.5760521187443195,0.15739201468354602,GEE:S2_SR_HARMONIZED
pn_sierra_nevada_senderismo_lanjaron_tello_023,Lanjaron - Tello,senderismo,2026,4,2026-04-01,0.6308144460048286,0.17475969688127152,0.4286325748690805,0.5722497712146961,0.6931221506070718,0.09084544251860392,GEE:S2_SR_HARMONIZED
pn_sierra_nevada_senderismo_molinos_de_isfalada_024,Molinos de Isfalada,senderismo,2026,4,2026-04-01,0.4484348336930524,0.1017208431665348,0.2434985271544502,0.3496026727833427,0.5568143024542777,0.14767879257060335,GEE:S2_SR_HARMONIZED
pn_sierra_nevada_senderismo_monterrey_025,Monterrey,senderismo,2026,4,2026-04-01,0.5202118673268077,0.1298983057374542,0.27887763480809513,0.40823724268229467,0.6502995144129364,0.15529660796810693,GEE:S2_SR_HARMONIZED
pn_sierra_nevada_senderismo_puente_palo_026,Puente Palo,senderismo,2026,4,2026-04-01,0.6208706705367887,0.17977160962245864,0.3307672849149018,0.5450251946924338,0.7088688360974756,0.11828799833632093,GEE:S2_SR_HARMONIZED
pn_sierra_nevada_senderismo_ragua_hoyos_de_pura_027,Ragua - Hoyos de Pura,senderismo,2026,4,2026-04-01,0.5847907032704812,0.23444393893707985,0.2935652131447337,0.5536816914876301,0.7364418277255816,0.213337888275046,GEE:S2_SR_HARMONIZED
pn_sierra_nevada_senderismo_ragua_lagunilla_seca_028,Ragua - Lagunilla Seca,senderismo,2026,4,2026-04-01,0.44499058312354334,0.09677686674597455,0.2271625906009441,0.3105061876258254,0.6113878292630103,0.17906838743046588,GEE:S2_SR_HARMONIZED
pn_sierra_nevada_senderismo_rio_alhama_029,Río Alhama,senderismo,2026,4,2026-04-01,0.4285970746708518,0.08360114289462695,0.2376142086379267,0.31050463703801917,0.5411831007744236,0.16817050059308172,GEE:S2_SR_HARMONIZED
pn_sierra_nevada_senderismo_rio_bermejo_030,Río Bermejo,senderismo,2026,4,2026-04-01,0.48483333132475703,0.1165668536081156,0.2637316596069931,0.36142261315294916,0.630851093193759,0.17727432509746552,GEE:S2_SR_HARMONIZED
pn_sierra_nevada_senderismo_rio_grande_de_los_berchules_031,Río Grande de los Berchules,senderismo,2026,4,2026-04-01,0.4927850115027744,0.1283796021087253,0.2911674780583152,0.3534426816437529,0.6425302486613969,0.17538165919721732,GEE:S2_SR_HARMONIZED
pn_sierra_nevada_senderismo_trevelez_siete_lagunas_032,Trevélez - Siete Lagunas,senderismo,2026,4,2026-04-01,0.3068098683280546,0.2002532932680523,0.15660890120468993,0.17600384450509524,0.4801747248346572,0.22652735534935853,GEE:S2_SR_HARMONIZED
pn_sierra_nevada_senderismo_ubeire_033,Ubeire,senderismo,2026,4,2026-04-01,0.548316009580072,0.16223064094518871,0.27658448678219505,0.4747484239860593,0.6152288112361858,0.105302019115468,GEE:S2_SR_HARMONIZED
pn_sierra_nevada_senderismo_sulayr_034,SULAYR,senderismo,2026,4,2026-04-01,0.446292543493897,0.10208961751655228,0.2397116569915922,0.3105893754606256,0.5918144014056174,0.18517223023728158,GEE:S2_SR_HARMONIZED
pn_sierra_nevada_senderismo_carril_cicloturista_la_zubia_cumbres_verdes_035,CARRIL CICLOTURISTA LA ZUBIA-CUMBRES VERDES,senderismo,2026,4,2026-04-01,0.505857868971557,-8.74727800691627E-4,0.22174412508091318,0.45503602857282055,0.580187427890814,0.11896208882438819,GEE:S2_SR_HARMONIZED
pn_sierra_nevada_senderismo_dehesa_del_camarate_036,Dehesa del Camarate,senderismo,2026,4,2026-04-01,0.3996666709384587,0.02913881473543924,0.2248128131871834,0.33003578180130305,0.4515202858776766,0.10341878892210567,GEE:S2_SR_HARMONIZED
pn_sierra_nevada_senderismo_pueblos_del_poqueira_037,PUEBLOS DEL POQUEIRA,senderismo,2026,4,2026-04-01,0.5765924993023513,0.18464857723006528,0.3827257717713615,0.5094512961986456,0.708921256226639,0.19659743980812155,GEE:S2_SR_HARMONIZED
pn_sierra_nevada_senderismo_ragua_barranco_del_hornillo_038,Ragua - Barranco del Hornillo,senderismo,2026,4,2026-04-01,0.6801319925904297,0.28279182380152096,0.33416868013622164,0.5800887964254509,0.7948432512887947,0.148017570069267,GEE:S2_SR_HARMONIZED
pn_sierra_nevada_ciclismo_transnevada_rf_valor_fuente_de_las_primeras_agua_039,Transnevada RF - Valor - Fuente de las Primeras Aguas,ciclismo,2026,4,2026-04-01,0.44786999089869417,0.107712107053764,0.23021578472907414,0.316415693100381,0.5739955067453639,0.16974404484049252,GEE:S2_SR_HARMONIZED
pn_sierra_nevada_ciclismo_transnevada_rg_yegen_mecina_bombaron_yegen_040,Transnevada RG - Yegen - Mecina Bombaron - Yegen,ciclismo,2026,4,2026-04-01,0.37725780252402213,0.07392051425409965,0.2057784327416861,0.2519205617388118,0.4941755743732925,0.17080355119211119,GEE:S2_SR_HARMONIZED
pn_sierra_nevada_ciclismo_transnevada_rh_capileira_refugio_poqueira_041,Transnevada RH - Capileira - Refugio Poqueira,ciclismo,2026,4,2026-04-01,0.3423908026384538,0.12972583107375185,0.17670988728294507,0.17777528235667997,0.5213864040747851,0.22655936923932554,GEE:S2_SR_HARMONIZED
pn_sierra_nevada_ciclismo_transnevada_rj_portugos_barranco_bermejo_portugo_042,Transnevada RJ - Portugos - Barranco Bermejo - Portugos,ciclismo,2026,4,2026-04-01,0.4392504680874786,0.11195042215403617,0.23545648539143166,0.29478586107437416,0.5839421945580943,0.1877695342936652,GEE:S2_SR_HARMONIZED
pn_sierra_nevada_ciclismo_transnevada_rk_padre_eterno_ar_puente_palo_padre_043,Transnevada RK - Padre Eterno - AR Puente Palo - Padre Eterno,ciclismo,2026,4,2026-04-01,0.3965360289216149,0.04752601215037433,0.23785842907243732,0.283100928272433,0.4980961541336513,0.15282310368466037,GEE:S2_SR_HARMONIZED
pn_sierra_nevada_ciclismo_transnevada_rc_abrucena_la_polarda_044,Transnevada RC - Abrucena - La Polarda,ciclismo,2026,4,2026-04-01,0.44547647569243304,0.13789585296494786,0.24328137758385504,0.31826102117251087,0.5761274048466082,0.1641147161768174,GEE:S2_SR_HARMONIZED
pn_sierra_nevada_ciclismo_transnevada_rd_laujar_andarax_loma_raspa_laujar__045,Transnevada RD - Laujar Andarax - Loma Raspa - Laujar Andarax,ciclismo,2026,4,2026-04-01,0.40793660234150364,0.10114289412574515,0.2229262496538096,0.2559362581971287,0.5685040734228028,0.18934607413106314,GEE:S2_SR_HARMONIZED
pn_sierra_nevada_ciclismo_transnevada_ri_niguelas_la_rinconada_niguelas_046,Transnevada RI - Niguelas - La Rinconada - Niguelas,ciclismo,2026,4,2026-04-01,0.34648258358736744,0.02174420457018928,0.20399816291347012,0.24022141122682597,0.4315199261205744,0.14556901380927986,GEE:S2_SR_HARMONIZED
pn_sierra_nevada_ciclismo_transnevada_invierno_047,TRANSNEVADA INVIERNO,ciclismo,2026,4,2026-04-01,0.4229649404339953,0.09023802547461027,0.23194979851732533,0.28523408315671034,0.5586141135399487,0.1757424929220908,GEE:S2_SR_HARMONIZED
pn_sierra_nevada_ciclismo_transnevada_verano_048,TRANSNEVADA VERANO,ciclismo,2026,4,2026-04-01,0.42712583915397995,0.09703061169066465,0.2349520632669824,0.28521277107614124,0.56640127166553,0.1794225793808869,GEE:S2_SR_HARMONIZED
pn_sierra_nevada_ciclismo_transnevada_ra_guejar_sierra_pena_partida_049,Transnevada RA - Güejar Sierra - Peña Partida,ciclismo,2026,4,2026-04-01,0.33854210379947103,0.040060998248049304,0.21055564621314013,0.23635407974898726,0.4237383416201898,0.15821677010331592,GEE:S2_SR_HARMONIZED
pn_sierra_nevada_ciclismo_transnevada_rb_lanteira_postero_alto_lanteira_050,Transnevada RB - Lanteira - Postero Alto - Lanteira,ciclismo,2026,4,2026-04-01,0.4469646624025072,0.14447900779888032,0.23261816887030776,0.3223665793898953,0.5799507865232091,0.17017444575506518,GEE:S2_SR_HARMONIZED
pn_sierra_nevada_ciclismo_transnevada_re_bayarcal_laguna_seca_051,Transnevada RE - Bayarcal - Laguna Seca,ciclismo,2026,4,2026-04-01,0.4864152796012868,0.1612713167268893,0.2421887591826495,0.33391230656735144,0.6503553881387353,0.19367159002129544,GEE:S2_SR_HARMONIZED
pn_sierra_nevada_ciclismo_carril_cicloturista_la_zubia_cumbres_verdes_052,CARRIL CICLOTURISTA LA ZUBIA-CUMBRES VERDES,ciclismo,2026,4,2026-04-01,0.505857868971557,-8.74727800691627E-4,0.22174412508091318,0.45503602857282055,0.580187427890814,0.11896208882438819,GEE:S2_SR_HARMONIZED
pn_sierra_nevada_senderismo_transnevada_rf_valor_fuente_de_las_primeras_agua_000,Transnevada RF - Valor - Fuente de las Primeras Aguas,senderismo,2026,5,2026-05-01,0.47517167265429067,0.1308971397313417,0.2638250066875304,0.34978982885868276,0.6036986771000329,0.1685014836146229,GEE:S2_SR_HARMONIZED
pn_sierra_nevada_senderismo_transnevada_rg_yegen_mecina_bombaron_yegen_001,Transnevada RG - Yegen - Mecina Bombaron - Yegen,senderismo,2026,5,2026-05-01,0.4035760549850494,0.0968441343766333,0.23390935440486116,0.26960865141527735,0.5270671988775716,0.1764448936727823,GEE:S2_SR_HARMONIZED
pn_sierra_nevada_senderismo_transnevada_rh_capileira_refugio_poqueira_002,Transnevada RH - Capileira - Refugio Poqueira,senderismo,2026,5,2026-05-01,0.372700734802319,0.11792357183921137,0.21407672580761003,0.2244703876807393,0.5333500518727211,0.19998403958878896,GEE:S2_SR_HARMONIZED
pn_sierra_nevada_senderismo_transnevada_rj_portugos_barranco_bermejo_portugo_003,Transnevada RJ - Portugos - Barranco Bermejo - Portugos,senderismo,2026,5,2026-05-01,0.4739660757213605,0.17221403116603617,0.2887798588413916,0.3574268572562788,0.5996016198270658,0.171980631413257,GEE:S2_SR_HARMONIZED
pn_sierra_nevada_senderismo_transnevada_rk_padre_eterno_ar_puente_palo_padre_004,Transnevada RK - Padre Eterno - AR Puente Palo - Padre Eterno,senderismo,2026,5,2026-05-01,0.4070712832822772,0.085164967447645,0.2654449337692591,0.2951677006879537,0.5097546696804512,0.15434581351539042,GEE:S2_SR_HARMONIZED
pn_sierra_nevada_senderismo_transnevada_rc_abrucena_la_polarda_005,Transnevada RC - Abrucena - La Polarda,senderismo,2026,5,2026-05-01,0.42842343461059884,0.13213363126014008,0.26155798257452123,0.2989124319197649,0.5565759441230801,0.16378444891369917,GEE:S2_SR_HARMONIZED
pn_sierra_nevada_senderismo_transnevada_rd_laujar_andarax_loma_raspa_laujar__006,Transnevada RD - Laujar Andarax - Loma Raspa - Laujar Andarax,senderismo,2026,5,2026-05-01,0.4145968800545349,0.12238211882955553,0.2535446735596884,0.2676454746248033,0.5682723642649915,0.1887891146061883,GEE:S2_SR_HARMONIZED
pn_sierra_nevada_senderismo_transnevada_ri_niguelas_la_rinconada_niguelas_007,Transnevada RI - Niguelas - La Rinconada - Niguelas,senderismo,2026,5,2026-05-01,0.3841446939973072,0.07061265749967825,0.2552163425978818,0.27523985403357637,0.48249456480403424,0.15203605917730809,GEE:S2_SR_HARMONIZED
pn_sierra_nevada_senderismo_acequias_del_poqueira_008,Acequias del Poqueira,senderismo,2026,5,2026-05-01,0.474575196084818,0.12354695083078965,0.31739669616007027,0.36550506889754864,0.5800789516177035,0.15225431385659582,GEE:S2_SR_HARMONIZED
pn_sierra_nevada_senderismo_canal_de_la_espartera_arenales_del_trevenque_009,Canal de la Espartera - Arenales del Trevenque,senderismo,2026,5,2026-05-01,0.4289033779543843,0.07957407270450279,0.2621655867299527,0.2514309285698533,0.6113941309619574,0.21733378952078702,GEE:S2_SR_HARMONIZED
pn_sierra_nevada_senderismo_cerro_huenes_010,Cerro Huenes,senderismo,2026,5,2026-05-01,0.5206797460080941,0.13375220408382152,0.305106933631587,0.3926978322375645,0.6620760323685889,0.1643838971144396,GEE:S2_SR_HARMONIZED
pn_sierra_nevada_senderismo_el_aguadero_011,El Aguadero,senderismo,2026,5,2026-05-01,0.46890148264896575,0.13492825017787072,0.2902433695031881,0.35342470367558765,0.595714461071323,0.15747799243742822,GEE:S2_SR_HARMONIZED
pn_sierra_nevada_senderismo_haza_larguilla_012,Haza Larguilla,senderismo,2026,5,2026-05-01,0.38347150992368645,0.006535386456341686,0.23722553647894806,0.2634570349879721,0.4744034911464517,0.1475659211999677,GEE:S2_SR_HARMONIZED
pn_sierra_nevada_senderismo_hoya_del_portillo_refugio_poqueira_013,Hoya del Portillo - Refugio Poqueira,senderismo,2026,5,2026-05-01,0.4018295126824298,0.09127997642802345,0.22656531500320468,0.2946886079736173,0.4829174922112066,0.18036649595509743,GEE:S2_SR_HARMONIZED
pn_sierra_nevada_senderismo_jerez_del_marquesado_postero_alto_014,Jerez del Marquesado - Postero Alto,senderismo,2026,5,2026-05-01,0.4698728508792054,0.18416966737285823,0.2665387587394378,0.3185864060120601,0.6307522694512533,0.19189390507622808,GEE:S2_SR_HARMONIZED
pn_sierra_nevada_senderismo_ragua_aldeire_015,Ragua - Aldeire,senderismo,2026,5,2026-05-01,0.578388412693581,0.22087051662455315,0.35374884556559677,0.42338048581490195,0.7479568362256017,0.1972194802710774,GEE:S2_SR_HARMONIZED
pn_sierra_nevada_senderismo_transnevada_invierno_016,TRANSNEVADA INVIERNO,senderismo,2026,5,2026-05-01,0.44593893677225166,0.12547754208729447,0.27238068490103856,0.3164100559913099,0.5819882916000215,0.17684017375668695,GEE:S2_SR_HARMONIZED
pn_sierra_nevada_senderismo_transnevada_verano_017,TRANSNEVADA VERANO,senderismo,2026,5,2026-05-01,0.44899391542741657,0.12924569742302014,0.27450507285579967,0.3163898923381524,0.5819791170012756,0.1794376322908271,GEE:S2_SR_HARMONIZED
pn_sierra_nevada_senderismo_transnevada_ra_guejar_sierra_pena_partida_018,Transnevada RA - Güejar Sierra - Peña Partida,senderismo,2026,5,2026-05-01,0.37533456984639607,0.06866124629702423,0.2535453851284595,0.2754052345104805,0.46278833317538615,0.14466121013833688,GEE:S2_SR_HARMONIZED
pn_sierra_nevada_senderismo_transnevada_rb_lanteira_postero_alto_lanteira_019,Transnevada RB - Lanteira - Postero Alto - Lanteira,senderismo,2026,5,2026-05-01,0.4532320654224352,0.15623310468838483,0.2582123826316352,0.325972499823618,0.5877601032962412,0.17125431356825632,GEE:S2_SR_HARMONIZED
pn_sierra_nevada_senderismo_transnevada_re_bayarcal_laguna_seca_020,Transnevada RE - Bayarcal - Laguna Seca,senderismo,2026,5,2026-05-01,0.4957747341577525,0.17544750409117033,0.27347735260265965,0.36144128466079906,0.6466248866866854,0.18209396375536918,GEE:S2_SR_HARMONIZED
pn_sierra_nevada_senderismo_la_cebadilla_021,La Cebadilla,senderismo,2026,5,2026-05-01,0.5347659829454716,0.16542171882755652,0.3786052969686232,0.4123182742540405,0.6662424040690705,0.17578062658292856,GEE:S2_SR_HARMONIZED
pn_sierra_nevada_senderismo_la_silleta_022,La Silleta,senderismo,2026,5,2026-05-01,0.4048900683683835,0.018703120281812025,0.23335710919532546,0.287322789111161,0.5330598781319449,0.1505828358416498,GEE:S2_SR_HARMONIZED
pn_sierra_nevada_senderismo_lanjaron_tello_023,Lanjaron - Tello,senderismo,2026,5,2026-05-01,0.589437315680385,0.17443386432441108,0.42755501575726473,0.4511019316373008,0.7322983513800063,0.16560040721705194,GEE:S2_SR_HARMONIZED
pn_sierra_nevada_senderismo_molinos_de_isfalada_024,Molinos de Isfalada,senderismo,2026,5,2026-05-01,0.457579148785332,0.1373796299090115,0.27410160694225555,0.3263314682505515,0.568413895062344,0.181820774036566,GEE:S2_SR_HARMONIZED
pn_sierra_nevada_senderismo_monterrey_025,Monterrey,senderismo,2026,5,2026-05-01,0.5175334085723549,0.14348682331911256,0.31725276984141754,0.4044882556856526,0.6309115897816956,0.1616765191586217,GEE:S2_SR_HARMONIZED
pn_sierra_nevada_senderismo_puente_palo_026,Puente Palo,senderismo,2026,5,2026-05-01,0.6295645918153238,0.23315393750116442,0.387542828848593,0.5760829326862547,0.7050326458867129,0.11034099429393217,GEE:S2_SR_HARMONIZED
pn_sierra_nevada_senderismo_ragua_hoyos_de_pura_027,Ragua - Hoyos de Pura,senderismo,2026,5,2026-05-01,0.5802740579155823,0.2294350836167786,0.31299406382740663,0.5641248226165771,0.7206592687266937,0.20647750455200292,GEE:S2_SR_HARMONIZED
pn_sierra_nevada_senderismo_ragua_lagunilla_seca_028,Ragua - Lagunilla Seca,senderismo,2026,5,2026-05-01,0.5050950181900942,0.1537073522036039,0.2889356144462796,0.4041123091303981,0.6228322173534248,0.1391542754896069,GEE:S2_SR_HARMONIZED
pn_sierra_nevada_senderismo_rio_alhama_029,Río Alhama,senderismo,2026,5,2026-05-01,0.44913474528664143,0.13492038781709378,0.28274096244250696,0.32623726546287457,0.5683314202958332,0.1899366065531769,GEE:S2_SR_HARMONIZED
pn_sierra_nevada_senderismo_rio_bermejo_030,Río Bermejo,senderismo,2026,5,2026-05-01,0.5424264308909494,0.2004281347959906,0.34295270782342896,0.4281043594688338,0.6738449580967427,0.19401128395676473,GEE:S2_SR_HARMONIZED
pn_sierra_nevada_senderismo_rio_grande_de_los_berchules_031,Río Grande de los Berchules,senderismo,2026,5,2026-05-01,0.5246537469667498,0.16598526484226372,0.3287118638503368,0.36547778294147804,0.689228648503468,0.20092370045605468,GEE:S2_SR_HARMONIZED
pn_sierra_nevada_senderismo_trevelez_siete_lagunas_032,Trevélez - Siete Lagunas,senderismo,2026,5,2026-05-01,0.42453633501953625,0.1671939984580658,0.2624792266819248,0.28541419688390235,0.6053511696372064,0.2286630229948107,GEE:S2_SR_HARMONIZED
pn_sierra_nevada_senderismo_ubeire_033,Ubeire,senderismo,2026,5,2026-05-01,0.5763041592887737,0.19733354867375494,0.33005436964494705,0.47066977173904007,0.6851104134836661,0.14102625769152927,GEE:S2_SR_HARMONIZED
pn_sierra_nevada_senderismo_sulayr_034,SULAYR,senderismo,2026,5,2026-05-01,0.49968984993941357,0.15134615511856375,0.3022062299631401,0.37111476232447077,0.6444844681499442,0.1754443051982652,GEE:S2_SR_HARMONIZED
pn_sierra_nevada_senderismo_carril_cicloturista_la_zubia_cumbres_verdes_035,CARRIL CICLOTURISTA LA ZUBIA-CUMBRES VERDES,senderismo,2026,5,2026-05-01,0.4704041627464952,-0.01467148978367097,0.22858036930444914,0.384230500459671,0.5725190185293908,0.1387470833423486,GEE:S2_SR_HARMONIZED
pn_sierra_nevada_senderismo_dehesa_del_camarate_036,Dehesa del Camarate,senderismo,2026,5,2026-05-01,0.5549560215902508,0.168844152008878,0.36462024213071087,0.46291223397727077,0.6466382543452373,0.13633147554754396,GEE:S2_SR_HARMONIZED
pn_sierra_nevada_senderismo_pueblos_del_poqueira_037,PUEBLOS DEL POQUEIRA,senderismo,2026,5,2026-05-01,0.6134423390193019,0.23839803564929923,0.4489928540552185,0.5019348989524336,0.7792044954750736,0.21970188516218567,GEE:S2_SR_HARMONIZED
pn_sierra_nevada_senderismo_ragua_barranco_del_hornillo_038,Ragua - Barranco del Hornillo,senderismo,2026,5,2026-05-01,0.6898288018657566,0.2866726510446435,0.365236586652272,0.5990388691425323,0.791315177101773,0.13102415533355152,GEE:S2_SR_HARMONIZED
pn_sierra_nevada_ciclismo_transnevada_rf_valor_fuente_de_las_primeras_agua_039,Transnevada RF - Valor - Fuente de las Primeras Aguas,ciclismo,2026,5,2026-05-01,0.47517167265429067,0.1308971397313417,0.2638250066875304,0.34978982885868276,0.6036986771000329,0.1685014836146229,GEE:S2_SR_HARMONIZED
pn_sierra_nevada_ciclismo_transnevada_rg_yegen_mecina_bombaron_yegen_040,Transnevada RG - Yegen - Mecina Bombaron - Yegen,ciclismo,2026,5,2026-05-01,0.4035760549850494,0.0968441343766333,0.23390935440486116,0.26960865141527735,0.5270671988775716,0.1764448936727823,GEE:S2_SR_HARMONIZED
pn_sierra_nevada_ciclismo_transnevada_rh_capileira_refugio_poqueira_041,Transnevada RH - Capileira - Refugio Poqueira,ciclismo,2026,5,2026-05-01,0.372700734802319,0.11792357183921137,0.21407672580761003,0.2244703876807393,0.5333500518727211,0.19998403958878896,GEE:S2_SR_HARMONIZED
pn_sierra_nevada_ciclismo_transnevada_rj_portugos_barranco_bermejo_portugo_042,Transnevada RJ - Portugos - Barranco Bermejo - Portugos,ciclismo,2026,5,2026-05-01,0.4739660757213605,0.17221403116603617,0.2887798588413916,0.3574268572562788,0.5996016198270658,0.171980631413257,GEE:S2_SR_HARMONIZED
pn_sierra_nevada_ciclismo_transnevada_rk_padre_eterno_ar_puente_palo_padre_043,Transnevada RK - Padre Eterno - AR Puente Palo - Padre Eterno,ciclismo,2026,5,2026-05-01,0.4070712832822772,0.085164967447645,0.2654449337692591,0.2951677006879537,0.5097546696804512,0.15434581351539042,GEE:S2_SR_HARMONIZED
pn_sierra_nevada_ciclismo_transnevada_rc_abrucena_la_polarda_044,Transnevada RC - Abrucena - La Polarda,ciclismo,2026,5,2026-05-01,0.42842343461059884,0.13213363126014008,0.26155798257452123,0.2989124319197649,0.5565759441230801,0.16378444891369917,GEE:S2_SR_HARMONIZED
pn_sierra_nevada_ciclismo_transnevada_rd_laujar_andarax_loma_raspa_laujar__045,Transnevada RD - Laujar Andarax - Loma Raspa - Laujar Andarax,ciclismo,2026,5,2026-05-01,0.4145968800545349,0.12238211882955553,0.2535446735596884,0.2676454746248033,0.5682723642649915,0.1887891146061883,GEE:S2_SR_HARMONIZED
pn_sierra_nevada_ciclismo_transnevada_ri_niguelas_la_rinconada_niguelas_046,Transnevada RI - Niguelas - La Rinconada - Niguelas,ciclismo,2026,5,2026-05-01,0.3841446939973072,0.07061265749967825,0.2552163425978818,0.27523985403357637,0.48249456480403424,0.15203605917730809,GEE:S2_SR_HARMONIZED
pn_sierra_nevada_ciclismo_transnevada_invierno_047,TRANSNEVADA INVIERNO,ciclismo,2026,5,2026-05-01,0.44593893677225166,0.12547754208729447,0.27238068490103856,0.3164100559913099,0.5819882916000215,0.17684017375668695,GEE:S2_SR_HARMONIZED
pn_sierra_nevada_ciclismo_transnevada_verano_048,TRANSNEVADA VERANO,ciclismo,2026,5,2026-05-01,0.44899391542741657,0.12924569742302014,0.27450507285579967,0.3163898923381524,0.5819791170012756,0.1794376322908271,GEE:S2_SR_HARMONIZED
pn_sierra_nevada_ciclismo_transnevada_ra_guejar_sierra_pena_partida_049,Transnevada RA - Güejar Sierra - Peña Partida,ciclismo,2026,5,2026-05-01,0.37533456984639607,0.06866124629702423,0.2535453851284595,0.2754052345104805,0.46278833317538615,0.14466121013833688,GEE:S2_SR_HARMONIZED
pn_sierra_nevada_ciclismo_transnevada_rb_lanteira_postero_alto_lanteira_050,Transnevada RB - Lanteira - Postero Alto - Lanteira,ciclismo,2026,5,2026-05-01,0.4532320654224352,0.15623310468838483,0.2582123826316352,0.325972499823618,0.5877601032962412,0.17125431356825632,GEE:S2_SR_HARMONIZED
pn_sierra_nevada_ciclismo_transnevada_re_bayarcal_laguna_seca_051,Transnevada RE - Bayarcal - Laguna Seca,ciclismo,2026,5,2026-05-01,0.4957747341577525,0.17544750409117033,0.27347735260265965,0.36144128466079906,0.6466248866866854,0.18209396375536918,GEE:S2_SR_HARMONIZED
pn_sierra_nevada_ciclismo_carril_cicloturista_la_zubia_cumbres_verdes_052,CARRIL CICLOTURISTA LA ZUBIA-CUMBRES VERDES,ciclismo,2026,5,2026-05-01,0.4704041627464952,-0.01467148978367097,0.22858036930444914,0.384230500459671,0.5725190185293908,0.1387470833423486,GEE:S2_SR_HARMONIZED
pn_sierra_nevada_senderismo_transnevada_rf_valor_fuente_de_las_primeras_agua_000,Transnevada RF - Valor - Fuente de las Primeras Aguas,senderismo,2026,6,2026-06-01,0.4203151496863532,0.11687981738972258,0.2539328558036745,0.2911058078921884,0.548631559988845,0.16373716717603515,GEE:S2_SR_HARMONIZED
pn_sierra_nevada_senderismo_transnevada_rg_yegen_mecina_bombaron_yegen_001,Transnevada RG - Yegen - Mecina Bombaron - Yegen,senderismo,2026,6,2026-06-01,0.3526553159077972,0.075990142854293,0.21777324608994558,0.22456725768108787,0.46670360758576146,0.1666220041857626,GEE:S2_SR_HARMONIZED
pn_sierra_nevada_senderismo_transnevada_rh_capileira_refugio_poqueira_002,Transnevada RH - Capileira - Refugio Poqueira,senderismo,2026,6,2026-06-01,0.3601098843943427,0.12162734656672364,0.22287364676142282,0.22858580863675593,0.49789522342675224,0.17885389664624682,GEE:S2_SR_HARMONIZED
pn_sierra_nevada_senderismo_transnevada_rj_portugos_barranco_bermejo_portugo_003,Transnevada RJ - Portugos - Barranco Bermejo - Portugos,senderismo,2026,6,2026-06-01,0.4442802296997938,0.1584195131562038,0.2869830595394568,0.3262563620331052,0.5722673970676397,0.16129701127953325,GEE:S2_SR_HARMONIZED
pn_sierra_nevada_senderismo_transnevada_rk_padre_eterno_ar_puente_palo_padre_004,Transnevada RK - Padre Eterno - AR Puente Palo - Padre Eterno,senderismo,2026,6,2026-06-01,0.3472732919700859,0.05142269609473734,0.23762018736069987,0.22075871677530007,0.4512197081309232,0.15987909668235556,GEE:S2_SR_HARMONIZED
pn_sierra_nevada_senderismo_transnevada_rc_abrucena_la_polarda_005,Transnevada RC - Abrucena - La Polarda,senderismo,2026,6,2026-06-01,0.38546619757090034,0.11350570875999842,0.24483284694270768,0.26362587803745335,0.5060700675343561,0.1519800371639217,GEE:S2_SR_HARMONIZED
pn_sierra_nevada_senderismo_transnevada_rd_laujar_andarax_loma_raspa_laujar__006,Transnevada RD - Laujar Andarax - Loma Raspa - Laujar Andarax,senderismo,2026,6,2026-06-01,0.3905276544468603,0.10854083330045661,0.24410941804088127,0.24813118554519722,0.5331807011380519,0.180935886874936,GEE:S2_SR_HARMONIZED
pn_sierra_nevada_senderismo_transnevada_ri_niguelas_la_rinconada_niguelas_007,Transnevada RI - Niguelas - La Rinconada - Niguelas,senderismo,2026,6,2026-06-01,0.3537895901906659,0.07128705786395317,0.2473564303240982,0.24813298698101205,0.4472897364373076,0.14618458933274298,GEE:S2_SR_HARMONIZED
pn_sierra_nevada_senderismo_acequias_del_poqueira_008,Acequias del Poqueira,senderismo,2026,6,2026-06-01,0.4316082227020789,0.11622971944167355,0.31217393186184456,0.30653114139548354,0.560768448646002,0.1691896379606651,GEE:S2_SR_HARMONIZED
pn_sierra_nevada_senderismo_canal_de_la_espartera_arenales_del_trevenque_009,Canal de la Espartera - Arenales del Trevenque,senderismo,2026,6,2026-06-01,0.4019605724122312,0.06860093053617602,0.25345455142202,0.228424540257234,0.5721474287203265,0.2138288243155776,GEE:S2_SR_HARMONIZED
pn_sierra_nevada_senderismo_cerro_huenes_010,Cerro Huenes,senderismo,2026,6,2026-06-01,0.4943219483479357,0.11947737067860899,0.3004402762852811,0.35358604201296845,0.6425752654101496,0.17079402249588094,GEE:S2_SR_HARMONIZED
pn_sierra_nevada_senderismo_el_aguadero_011,El Aguadero,senderismo,2026,6,2026-06-01,0.43803937131247234,0.11859205650708746,0.27880921445797835,0.31828060241822415,0.5645676485691745,0.15761408344076833,GEE:S2_SR_HARMONIZED
pn_sierra_nevada_senderismo_haza_larguilla_012,Haza Larguilla,senderismo,2026,6,2026-06-01,0.3122734110741355,-0.02547180007402487,0.19839126348024533,0.20936588028687075,0.39622939905454113,0.11839081047656776,GEE:S2_SR_HARMONIZED
pn_sierra_nevada_senderismo_hoya_del_portillo_refugio_poqueira_013,Hoya del Portillo - Refugio Poqueira,senderismo,2026,6,2026-06-01,0.3995165041734209,0.10772739205871577,0.24659813611733122,0.30285967366013855,0.46295697272973174,0.15404333330700903,GEE:S2_SR_HARMONIZED
pn_sierra_nevada_senderismo_jerez_del_marquesado_postero_alto_014,Jerez del Marquesado - Postero Alto,senderismo,2026,6,2026-06-01,0.4243251054168734,0.16395714703601502,0.2434629313394024,0.26388167968141263,0.5917539652636133,0.19729764791183704,GEE:S2_SR_HARMONIZED
pn_sierra_nevada_senderismo_ragua_aldeire_015,Ragua - Aldeire,senderismo,2026,6,2026-06-01,0.526147960390561,0.20117378086021143,0.3261948541091701,0.34951708813090165,0.7168233778443598,0.20681202559806583,GEE:S2_SR_HARMONIZED
pn_sierra_nevada_senderismo_transnevada_invierno_016,TRANSNEVADA INVIERNO,senderismo,2026,6,2026-06-01,0.41175993444051545,0.11240211665671795,0.2627575952716753,0.2773420344512642,0.5351728874174164,0.17164695872012828,GEE:S2_SR_HARMONIZED
pn_sierra_nevada_senderismo_transnevada_verano_017,TRANSNEVADA VERANO,senderismo,2026,6,2026-06-01,0.41404360292549114,0.11567937691845756,0.2639306154885519,0.2773475421438595,0.5429402105080708,0.17443672997625495,GEE:S2_SR_HARMONIZED
pn_sierra_nevada_senderismo_transnevada_ra_guejar_sierra_pena_partida_018,Transnevada RA - Güejar Sierra - Peña Partida,senderismo,2026,6,2026-06-01,0.3402094115803707,0.06022144993745419,0.24145789702795087,0.22838866502708244,0.4395915949336972,0.14803763985376955,GEE:S2_SR_HARMONIZED
pn_sierra_nevada_senderismo_transnevada_rb_lanteira_postero_alto_lanteira_019,Transnevada RB - Lanteira - Postero Alto - Lanteira,senderismo,2026,6,2026-06-01,0.41711800311779273,0.14358728590178577,0.2452324225186779,0.29495946050563837,0.5527557359110705,0.1751539283216426,GEE:S2_SR_HARMONIZED
pn_sierra_nevada_senderismo_transnevada_re_bayarcal_laguna_seca_020,Transnevada RE - Bayarcal - Laguna Seca,senderismo,2026,6,2026-06-01,0.4693365362733302,0.17401404176067706,0.2743287811878648,0.34556955954807433,0.6151892058716674,0.17530109149309345,GEE:S2_SR_HARMONIZED
pn_sierra_nevada_senderismo_la_cebadilla_021,La Cebadilla,senderismo,2026,6,2026-06-01,0.45303523799679346,0.12289173132204591,0.3333766973333475,0.302869079812516,0.5957464501114488,0.18523826832852683,GEE:S2_SR_HARMONIZED
pn_sierra_nevada_senderismo_la_silleta_022,La Silleta,senderismo,2026,6,2026-06-01,0.3584793461902284,-0.004217025325660347,0.21133691776465455,0.2322793700532336,0.47883095143905835,0.15087841112564074,GEE:S2_SR_HARMONIZED
pn_sierra_nevada_senderismo_lanjaron_tello_023,Lanjaron - Tello,senderismo,2026,6,2026-06-01,0.4614113441765303,0.09293978370466828,0.3409777428025623,0.3067075890252969,0.6113158861367313,0.18849240493206168,GEE:S2_SR_HARMONIZED
pn_sierra_nevada_senderismo_molinos_de_isfalada_024,Molinos de Isfalada,senderismo,2026,6,2026-06-01,0.3680040449268779,0.08429328537464151,0.2281649425636756,0.2516009164077702,0.4511564667408282,0.1712761589206253,GEE:S2_SR_HARMONIZED
pn_sierra_nevada_senderismo_monterrey_025,Monterrey,senderismo,2026,6,2026-06-01,0.47898942286309915,0.11986694860486144,0.30093819046938247,0.361421605341358,0.5880573967283044,0.16138009591701746,GEE:S2_SR_HARMONIZED
pn_sierra_nevada_senderismo_puente_palo_026,Puente Palo,senderismo,2026,6,2026-06-01,0.588498547731486,0.22741186975471875,0.39026072410656343,0.5292794135693974,0.6697379436142542,0.12069726462571448,GEE:S2_SR_HARMONIZED
pn_sierra_nevada_senderismo_ragua_hoyos_de_pura_027,Ragua - Hoyos de Pura,senderismo,2026,6,2026-06-01,0.5574711263256455,0.22691316415253027,0.30636973259417594,0.5222037115591771,0.7050242076387924,0.2025699456225494,GEE:S2_SR_HARMONIZED
pn_sierra_nevada_senderismo_ragua_lagunilla_seca_028,Ragua - Lagunilla Seca,senderismo,2026,6,2026-06-01,0.4925366898325675,0.17376549971100713,0.2955251658767404,0.3963716123138533,0.603685467663532,0.1357941861982612,GEE:S2_SR_HARMONIZED
pn_sierra_nevada_senderismo_rio_alhama_029,Río Alhama,senderismo,2026,6,2026-06-01,0.3688214026287639,0.06884165144237075,0.23457003829612977,0.2207424653853532,0.49423803219458495,0.20084234128698647,GEE:S2_SR_HARMONIZED
pn_sierra_nevada_senderismo_rio_bermejo_030,Río Bermejo,senderismo,2026,6,2026-06-01,0.4982000559330283,0.1815811034114632,0.3355380875509647,0.3693787346011941,0.6389355936088921,0.1849881747544583,GEE:S2_SR_HARMONIZED
pn_sierra_nevada_senderismo_rio_grande_de_los_berchules_031,Río Grande de los Berchules,senderismo,2026,6,2026-06-01,0.4278893618526379,0.12459851228497283,0.2882447936104549,0.2715208267489116,0.5798820189646815,0.1886723179711464,GEE:S2_SR_HARMONIZED
pn_sierra_nevada_senderismo_trevelez_siete_lagunas_032,Trevélez - Siete Lagunas,senderismo,2026,6,2026-06-01,0.4355327565177493,0.14111372799079847,0.297023713787964,0.28673218020433683,0.5955610627107253,0.2037509911813,GEE:S2_SR_HARMONIZED
pn_sierra_nevada_senderismo_ubeire_033,Ubeire,senderismo,2026,6,2026-06-01,0.5286760144759632,0.17573697277875833,0.31534631217602477,0.41622941492339144,0.6312883025624609,0.14730806100281243,GEE:S2_SR_HARMONIZED
pn_sierra_nevada_senderismo_sulayr_034,SULAYR,senderismo,2026,6,2026-06-01,0.46665762488129503,0.14763244956512925,0.29808949040346827,0.3378297352505904,0.5995834795705435,0.17040289326520958,GEE:S2_SR_HARMONIZED
pn_sierra_nevada_senderismo_carril_cicloturista_la_zubia_cumbres_verdes_035,CARRIL CICLOTURISTA LA ZUBIA-CUMBRES VERDES,senderismo,2026,6,2026-06-01,0.44159779965526924,-0.016614104023422276,0.21729391679246135,0.34223641727234866,0.5566879114492782,0.1495161903269232,GEE:S2_SR_HARMONIZED
pn_sierra_nevada_senderismo_dehesa_del_camarate_036,Dehesa del Camarate,senderismo,2026,6,2026-06-01,0.5051265732535363,0.13697570415457372,0.33629695080756344,0.3891154734472904,0.6187962403932176,0.15897172972178025,GEE:S2_SR_HARMONIZED
pn_sierra_nevada_senderismo_pueblos_del_poqueira_037,PUEBLOS DEL POQUEIRA,senderismo,2026,6,2026-06-01,0.4984835227026023,0.1659246218117776,0.3789809051899761,0.33362948976334483,0.665995927970706,0.21410185707892027,GEE:S2_SR_HARMONIZED
pn_sierra_nevada_senderismo_ragua_barranco_del_hornillo_038,Ragua - Barranco del Hornillo,senderismo,2026,6,2026-06-01,0.6543252174203744,0.27786162773070816,0.3483481354719735,0.5523458577551932,0.7636404623784858,0.1416140934743902,GEE:S2_SR_HARMONIZED
pn_sierra_nevada_ciclismo_transnevada_rf_valor_fuente_de_las_primeras_agua_039,Transnevada RF - Valor - Fuente de las Primeras Aguas,ciclismo,2026,6,2026-06-01,0.4203151496863532,0.11687981738972258,0.2539328558036745,0.2911058078921884,0.548631559988845,0.16373716717603515,GEE:S2_SR_HARMONIZED
pn_sierra_nevada_ciclismo_transnevada_rg_yegen_mecina_bombaron_yegen_040,Transnevada RG - Yegen - Mecina Bombaron - Yegen,ciclismo,2026,6,2026-06-01,0.3526553159077972,0.075990142854293,0.21777324608994558,0.22456725768108787,0.46670360758576146,0.1666220041857626,GEE:S2_SR_HARMONIZED
pn_sierra_nevada_ciclismo_transnevada_rh_capileira_refugio_poqueira_041,Transnevada RH - Capileira - Refugio Poqueira,ciclismo,2026,6,2026-06-01,0.3601098843943427,0.12162734656672364,0.22287364676142282,0.22858580863675593,0.49789522342675224,0.17885389664624682,GEE:S2_SR_HARMONIZED
pn_sierra_nevada_ciclismo_transnevada_rj_portugos_barranco_bermejo_portugo_042,Transnevada RJ - Portugos - Barranco Bermejo - Portugos,ciclismo,2026,6,2026-06-01,0.4442802296997938,0.1584195131562038,0.2869830595394568,0.3262563620331052,0.5722673970676397,0.16129701127953325,GEE:S2_SR_HARMONIZED
pn_sierra_nevada_ciclismo_transnevada_rk_padre_eterno_ar_puente_palo_padre_043,Transnevada RK - Padre Eterno - AR Puente Palo - Padre Eterno,ciclismo,2026,6,2026-06-01,0.3472732919700859,0.05142269609473734,0.23762018736069987,0.22075871677530007,0.4512197081309232,0.15987909668235556,GEE:S2_SR_HARMONIZED
pn_sierra_nevada_ciclismo_transnevada_rc_abrucena_la_polarda_044,Transnevada RC - Abrucena - La Polarda,ciclismo,2026,6,2026-06-01,0.38546619757090034,0.11350570875999842,0.24483284694270768,0.26362587803745335,0.5060700675343561,0.1519800371639217,GEE:S2_SR_HARMONIZED
pn_sierra_nevada_ciclismo_transnevada_rd_laujar_andarax_loma_raspa_laujar__045,Transnevada RD - Laujar Andarax - Loma Raspa - Laujar Andarax,ciclismo,2026,6,2026-06-01,0.3905276544468603,0.10854083330045661,0.24410941804088127,0.24813118554519722,0.5331807011380519,0.180935886874936,GEE:S2_SR_HARMONIZED
pn_sierra_nevada_ciclismo_transnevada_ri_niguelas_la_rinconada_niguelas_046,Transnevada RI - Niguelas - La Rinconada - Niguelas,ciclismo,2026,6,2026-06-01,0.3537895901906659,0.07128705786395317,0.2473564303240982,0.24813298698101205,0.4472897364373076,0.14618458933274298,GEE:S2_SR_HARMONIZED
pn_sierra_nevada_ciclismo_transnevada_invierno_047,TRANSNEVADA INVIERNO,ciclismo,2026,6,2026-06-01,0.41175993444051545,0.11240211665671795,0.2627575952716753,0.2773420344512642,0.5351728874174164,0.17164695872012828,GEE:S2_SR_HARMONIZED
pn_sierra_nevada_ciclismo_transnevada_verano_048,TRANSNEVADA VERANO,ciclismo,2026,6,2026-06-01,0.41404360292549114,0.11567937691845756,0.2639306154885519,0.2773475421438595,0.5429402105080708,0.17443672997625495,GEE:S2_SR_HARMONIZED
pn_sierra_nevada_ciclismo_transnevada_ra_guejar_sierra_pena_partida_049,Transnevada RA - Güejar Sierra - Peña Partida,ciclismo,2026,6,2026-06-01,0.3402094115803707,0.06022144993745419,0.24145789702795087,0.22838866502708244,0.4395915949336972,0.14803763985376955,GEE:S2_SR_HARMONIZED
pn_sierra_nevada_ciclismo_transnevada_rb_lanteira_postero_alto_lanteira_050,Transnevada RB - Lanteira - Postero Alto - Lanteira,ciclismo,2026,6,2026-06-01,0.41711800311779273,0.14358728590178577,0.2452324225186779,0.29495946050563837,0.5527557359110705,0.1751539283216426,GEE:S2_SR_HARMONIZED
pn_sierra_nevada_ciclismo_transnevada_re_bayarcal_laguna_seca_051,Transnevada RE - Bayarcal - Laguna Seca,ciclismo,2026,6,2026-06-01,0.4693365362733302,0.17401404176067706,0.2743287811878648,0.34556955954807433,0.6151892058716674,0.17530109149309345,GEE:S2_SR_HARMONIZED
pn_sierra_nevada_ciclismo_carril_cicloturista_la_zubia_cumbres_verdes_052,CARRIL CICLOTURISTA LA ZUBIA-CUMBRES VERDES,ciclismo,2026,6,2026-06-01,0.44159779965526924,-0.016614104023422276,0.21729391679246135,0.34223641727234866,0.5566879114492782,0.1495161903269232,GEE:S2_SR_HARMONIZED
